2025-10-11 14:21:00,676 [INFO] Activator:176 - 


2025-10-11 14:21:00,678 [INFO] Activator:177 - !SESSION log4j initialized
2025-10-11 14:21:03,605 [INFO] LogOutputStream:77 - [STDOUT_REDIRECT] 
2025-10-11 14:21:04,054 [INFO] ApplicationProperties:184 - Using Application install path: /home/traian/st/stm32cubeide_1.19.0/plugins/com.st.stm32cube.common.mx_6.15.0.202507011659
2025-10-11 14:21:04,067 [INFO] DbMcusXml:78 - Set database path to: /home/traian/st/stm32cubeide_1.19.0/plugins/com.st.stm32cube.common.mx_6.15.0.202507011659//db//mcu/
2025-10-11 14:21:04,067 [INFO] ApiDb:274 - Set plugin database path to: /home/traian/st/stm32cubeide_1.19.0/plugins/com.st.stm32cube.common.mx_6.15.0.202507011659//db//plugins/boardmanager/
2025-10-11 14:21:04,067 [WARN] ApiDb:259 - Overriding images path with different value:  => /home/traian/st/stm32cubeide_1.19.0/plugins/com.st.stm32cube.common.mx_6.15.0.202507011659//db//plugins/mcufinder/images/
2025-10-11 14:21:04,073 [INFO] ApiDb:250 - Set database path to: /home/traian/.stmcufinder/plugins/mcufinder//mcu/
2025-10-11 14:21:04,074 [INFO] DbMcusAds:125 - Set database path to: /home/traian/.stmcufinder/plugins/mcufinder//mcu/
2025-10-11 14:21:04,076 [INFO] CrossReferenceDbSqlite:203 - Set database path to: /home/traian/.stmcufinder/plugins/mcufinder//mcu/cs/
2025-10-11 14:21:04,155 [INFO] RulesReader:64 - Compatibility file has been processed (317 Rules)
2025-10-11 14:21:04,205 [INFO] DbMcusXml:78 - Set database path to: /home/traian/st/stm32cubeide_1.19.0/plugins/com.st.stm32cube.common.mx_6.15.0.202507011659//db//mcu/
2025-10-11 14:21:04,205 [INFO] ApiDb:274 - Set plugin database path to: /home/traian/st/stm32cubeide_1.19.0/plugins/com.st.stm32cube.common.mx_6.15.0.202507011659//db//plugins/boardmanager/
2025-10-11 14:21:04,205 [INFO] ApiDb:261 - Set plugin images path to: /home/traian/st/stm32cubeide_1.19.0/plugins/com.st.stm32cube.common.mx_6.15.0.202507011659//db//plugins/mcufinder/images/
2025-10-11 14:21:04,206 [WARN] DbFile:41 - Overriding database path with different value: /home/traian/.stmcufinder/plugins/mcufinder/ => /home/traian/.stmcufinder/plugins/mcufinder
2025-10-11 14:21:04,206 [INFO] ApiDb:250 - Set database path to: /home/traian/.stmcufinder/plugins/mcufinder//mcu/
2025-10-11 14:21:04,206 [WARN] DbFile:41 - Overriding database path with different value: /home/traian/.stmcufinder/plugins/mcufinder/ => /home/traian/.stmcufinder/plugins/mcufinder
2025-10-11 14:21:04,206 [INFO] DbMcusAds:125 - Set database path to: /home/traian/.stmcufinder/plugins/mcufinder//mcu/
2025-10-11 14:21:04,206 [WARN] DbFile:41 - Overriding database path with different value: /home/traian/.stmcufinder/plugins/mcufinder/ => /home/traian/.stmcufinder/plugins/mcufinder
2025-10-11 14:21:04,206 [WARN] DbFile:41 - Overriding database path with different value: /home/traian/.stmcufinder/plugins/mcufinder/ => /home/traian/.stmcufinder/plugins/mcufinder
2025-10-11 14:21:04,206 [INFO] CrossReferenceDbSqlite:203 - Set database path to: /home/traian/.stmcufinder/plugins/mcufinder//mcu/cs/
2025-10-11 14:21:04,248 [INFO] MainPanel:274 - HeapMemory: 268435456
2025-10-11 14:21:04,339 [INFO] DbMcusXml:78 - Set database path to: /home/traian/st/stm32cubeide_1.19.0/plugins/com.st.stm32cube.common.mx_6.15.0.202507011659//db//mcu/
2025-10-11 14:21:04,339 [INFO] ApiDb:274 - Set plugin database path to: /home/traian/st/stm32cubeide_1.19.0/plugins/com.st.stm32cube.common.mx_6.15.0.202507011659//db//plugins/boardmanager/
2025-10-11 14:21:04,339 [INFO] ApiDb:261 - Set plugin images path to: /home/traian/st/stm32cubeide_1.19.0/plugins/com.st.stm32cube.common.mx_6.15.0.202507011659//db//plugins/mcufinder/images/
2025-10-11 14:21:04,340 [WARN] DbFile:41 - Overriding database path with different value: /home/traian/.stmcufinder/plugins/mcufinder/ => /home/traian/.stmcufinder/plugins/mcufinder
2025-10-11 14:21:04,340 [INFO] ApiDb:250 - Set database path to: /home/traian/.stmcufinder/plugins/mcufinder//mcu/
2025-10-11 14:21:04,340 [WARN] DbFile:41 - Overriding database path with different value: /home/traian/.stmcufinder/plugins/mcufinder/ => /home/traian/.stmcufinder/plugins/mcufinder
2025-10-11 14:21:04,340 [INFO] DbMcusAds:125 - Set database path to: /home/traian/.stmcufinder/plugins/mcufinder//mcu/
2025-10-11 14:21:04,340 [WARN] DbFile:41 - Overriding database path with different value: /home/traian/.stmcufinder/plugins/mcufinder/ => /home/traian/.stmcufinder/plugins/mcufinder
2025-10-11 14:21:04,340 [WARN] DbFile:41 - Overriding database path with different value: /home/traian/.stmcufinder/plugins/mcufinder/ => /home/traian/.stmcufinder/plugins/mcufinder
2025-10-11 14:21:04,340 [INFO] CrossReferenceDbSqlite:203 - Set database path to: /home/traian/.stmcufinder/plugins/mcufinder//mcu/cs/
2025-10-11 14:21:04,349 [INFO] ApplicationProperties:184 - Using Application install path: /home/traian/st/stm32cubeide_1.19.0/plugins/com.st.stm32cube.common.mx_6.15.0.202507011659
2025-10-11 14:21:04,350 [INFO] PluginManage:196 - Search for loadable plugins [exclusion list=, ]
2025-10-11 14:21:04,351 [INFO] PluginManage:310 - Check plugin analytics
2025-10-11 14:21:04,433 [INFO] AnalyticsPlugin:253 - Accepted Software Licenses: 
2025-10-11 14:21:04,433 [INFO] AnalyticsPlugin:255 - Accepted CMSIS Pack Licenses: 
2025-10-11 14:21:04,433 [INFO] AnalyticsPlugin:257 - Accepted Firmware Licenses: 
2025-10-11 14:21:04,435 [INFO] PluginManage:359 - Loaded plugin analytics (category:tool,tabindex:-1)
2025-10-11 14:21:04,435 [INFO] PluginManage:310 - Check plugin cadmodel
2025-10-11 14:21:04,438 [INFO] CADModel:105 - Init CAD model plugin
2025-10-11 14:21:04,438 [INFO] PluginManage:359 - Loaded plugin cadmodel (category:power,tabindex:5)
2025-10-11 14:21:04,438 [INFO] PluginManage:310 - Check plugin clock
2025-10-11 14:21:04,444 [INFO] PluginManage:359 - Loaded plugin clock (category:base,tabindex:2)
2025-10-11 14:21:04,444 [INFO] PluginManage:310 - Check plugin ddr
2025-10-11 14:21:04,445 [INFO] PluginManage:359 - Loaded plugin ddr (category:tool,tabindex:6)
2025-10-11 14:21:04,445 [INFO] PluginManage:310 - Check plugin filemanager
2025-10-11 14:21:04,551 [INFO] PluginManage:359 - Loaded plugin filemanager (category:base,tabindex:10)
2025-10-11 14:21:04,551 [INFO] PluginManage:310 - Check plugin ipmanager
2025-10-11 14:21:04,554 [INFO] PluginManage:359 - Loaded plugin ipmanager (category:base,tabindex:5)
2025-10-11 14:21:04,554 [INFO] PluginManage:310 - Check plugin lpbam
2025-10-11 14:21:04,560 [INFO] PluginManage:359 - Loaded plugin lpbam (category:base,tabindex:0)
2025-10-11 14:21:04,560 [INFO] PluginManage:310 - Check plugin memorymap
2025-10-11 14:21:04,568 [INFO] PluginManage:359 - Loaded plugin memorymap (category:base,tabindex:4)
2025-10-11 14:21:04,568 [INFO] PluginManage:310 - Check plugin pinoutandconfiguration
2025-10-11 14:21:04,574 [INFO] PluginManage:359 - Loaded plugin pinoutandconfiguration (category:base,tabindex:1)
2025-10-11 14:21:04,574 [INFO] PluginManage:310 - Check plugin pinoutconfig
2025-10-11 14:21:04,628 [WARN] SupportedApi:132 - Cannot load RTOS API schema: s4s-elt-must-match.1: The content of 'definitions' must match (annotation?, (simpleType | complexType)?, (unique | key | keyref)*)). A problem was found starting at: attribute.
2025-10-11 14:21:04,707 [INFO] PluginManage:359 - Loaded plugin pinoutconfig (category:base,tabindex:0)
2025-10-11 14:21:04,708 [INFO] PluginManage:310 - Check plugin power
2025-10-11 14:21:04,713 [INFO] PluginManage:359 - Loaded plugin power (category:power,tabindex:4)
2025-10-11 14:21:04,713 [INFO] PluginManage:310 - Check plugin projectmanager
2025-10-11 14:21:04,732 [INFO] PluginManage:359 - Loaded plugin projectmanager (category:projectmanager,tabindex:4)
2025-10-11 14:21:04,733 [INFO] PluginManage:310 - Check plugin rif
2025-10-11 14:21:04,746 [INFO] PluginManage:359 - Loaded plugin rif (category:base,tabindex:3)
2025-10-11 14:21:04,746 [INFO] PluginManage:310 - Check plugin thirdparty
2025-10-11 14:21:04,817 [INFO] PluginManage:359 - Loaded plugin thirdparty (category:base,tabindex:-1)
2025-10-11 14:21:04,817 [INFO] PluginManage:310 - Check plugin tools
2025-10-11 14:21:04,817 [WARN] IntegrityCheckThread:84 - waiting for thirdparty lock release [integrity check]
2025-10-11 14:21:04,818 [INFO] IntegrityCheckThread:86 - entering critical section [integrity check]
2025-10-11 14:21:04,818 [INFO] ThirdPartyUpdaterWithRetryManager:70 - Updater plugin not ready yet. [1/15]
2025-10-11 14:21:04,819 [INFO] PluginManage:359 - Loaded plugin tools (category:base,tabindex:7)
2025-10-11 14:21:04,819 [INFO] PluginManage:310 - Check plugin tutovideos
2025-10-11 14:21:04,960 [INFO] PluginManage:359 - Loaded plugin tutovideos (category:base,tabindex:-1)
2025-10-11 14:21:04,960 [INFO] PluginManage:310 - Check plugin updater
2025-10-11 14:21:04,983 [INFO] PluginManage:359 - Loaded plugin updater (category:base,tabindex:12)
2025-10-11 14:21:04,983 [INFO] PluginManage:310 - Check plugin userauth
2025-10-11 14:21:04,986 [INFO] UserAuth:118 - Init User Auth plugin
2025-10-11 14:21:04,987 [INFO] PluginManage:359 - Loaded plugin userauth (category:base,tabindex:14)
2025-10-11 14:21:04,987 [INFO] PluginManage:283 - PluginManage : Loaded plugins [18]
2025-10-11 14:21:05,100 [INFO] PinOutPanel:1589 - setPackage(No Configuration,No Configuration)
2025-10-11 14:21:05,154 [INFO] CADModel:165 - CPN selected for project level
2025-10-11 14:21:05,154 [INFO] CADModel:114 - Register for checkConnection events
2025-10-11 14:21:05,163 [INFO] IPUIPlugin:80 - create IPUIPlugin
2025-10-11 14:21:05,163 [INFO] PluginManager:220 - loadIPPluginJar : add i2c
2025-10-11 14:21:05,164 [INFO] IPUIPlugin:80 - create IPUIPlugin
2025-10-11 14:21:05,165 [INFO] PluginManager:220 - loadIPPluginJar : add i2s
2025-10-11 14:21:05,168 [INFO] IPUIPlugin:80 - create IPUIPlugin
2025-10-11 14:21:05,168 [INFO] PluginManager:220 - loadIPPluginJar : add resmgrutility
2025-10-11 14:21:05,171 [INFO] IPUIPlugin:80 - create IPUIPlugin
2025-10-11 14:21:05,171 [INFO] PluginManager:220 - loadIPPluginJar : add hash
2025-10-11 14:21:05,173 [INFO] IPUIPlugin:80 - create IPUIPlugin
2025-10-11 14:21:05,173 [INFO] PluginManager:220 - loadIPPluginJar : add usbx
2025-10-11 14:21:05,178 [INFO] IPUIPlugin:80 - create IPUIPlugin
2025-10-11 14:21:05,180 [INFO] PluginManager:220 - loadIPPluginJar : add plateformsettings
2025-10-11 14:21:05,181 [INFO] IPUIPlugin:80 - create IPUIPlugin
2025-10-11 14:21:05,182 [INFO] PluginManager:220 - loadIPPluginJar : add dma3
2025-10-11 14:21:05,184 [INFO] IPUIPlugin:80 - create IPUIPlugin
2025-10-11 14:21:05,184 [INFO] PluginManager:220 - loadIPPluginJar : add ddr_ctrl_phy
2025-10-11 14:21:05,185 [INFO] IPUIPlugin:80 - create IPUIPlugin
2025-10-11 14:21:05,185 [INFO] PluginManager:220 - loadIPPluginJar : add quadspi
2025-10-11 14:21:05,186 [INFO] IPUIPlugin:80 - create IPUIPlugin
2025-10-11 14:21:05,186 [INFO] PluginManager:220 - loadIPPluginJar : add ltdc
2025-10-11 14:21:05,187 [INFO] IPUIPlugin:80 - create IPUIPlugin
2025-10-11 14:21:05,187 [INFO] PluginManager:220 - loadIPPluginJar : add opamp
2025-10-11 14:21:05,188 [INFO] IPUIPlugin:80 - create IPUIPlugin
2025-10-11 14:21:05,189 [INFO] PluginManager:220 - loadIPPluginJar : add tim
2025-10-11 14:21:05,191 [INFO] IPUIPlugin:80 - create IPUIPlugin
2025-10-11 14:21:05,191 [INFO] PluginManager:220 - loadIPPluginJar : add ipddr
2025-10-11 14:21:05,191 [INFO] IPUIPlugin:80 - create IPUIPlugin
2025-10-11 14:21:05,192 [INFO] PluginManager:220 - loadIPPluginJar : add fatfs
2025-10-11 14:21:05,195 [INFO] IPUIPlugin:80 - create IPUIPlugin
2025-10-11 14:21:05,195 [INFO] PluginManager:220 - loadIPPluginJar : add adc
2025-10-11 14:21:05,197 [INFO] IPUIPlugin:80 - create IPUIPlugin
2025-10-11 14:21:05,197 [INFO] PluginManager:220 - loadIPPluginJar : add dfsdm
2025-10-11 14:21:05,199 [INFO] IPUIPlugin:80 - create IPUIPlugin
2025-10-11 14:21:05,199 [INFO] PluginManager:220 - loadIPPluginJar : add nvic
2025-10-11 14:21:05,201 [INFO] IPUIPlugin:80 - create IPUIPlugin
2025-10-11 14:21:05,201 [INFO] PluginManager:220 - loadIPPluginJar : add sai
2025-10-11 14:21:05,203 [INFO] IPUIPlugin:80 - create IPUIPlugin
2025-10-11 14:21:05,203 [INFO] PluginManager:220 - loadIPPluginJar : add touchsensing
2025-10-11 14:21:05,204 [INFO] IPUIPlugin:80 - create IPUIPlugin
2025-10-11 14:21:05,204 [INFO] PluginManager:220 - loadIPPluginJar : add comp
2025-10-11 14:21:05,205 [INFO] IPUIPlugin:80 - create IPUIPlugin
2025-10-11 14:21:05,205 [INFO] PluginManager:220 - loadIPPluginJar : add aes
2025-10-11 14:21:05,209 [INFO] IPUIPlugin:80 - create IPUIPlugin
2025-10-11 14:21:05,209 [INFO] PluginManager:220 - loadIPPluginJar : add freertos
2025-10-11 14:21:05,210 [INFO] IPUIPlugin:80 - create IPUIPlugin
2025-10-11 14:21:05,210 [INFO] PluginManager:220 - loadIPPluginJar : add radio
2025-10-11 14:21:05,211 [INFO] IPUIPlugin:80 - create IPUIPlugin
2025-10-11 14:21:05,212 [INFO] PluginManager:220 - loadIPPluginJar : add tracer_emb
2025-10-11 14:21:05,213 [INFO] IPUIPlugin:80 - create IPUIPlugin
2025-10-11 14:21:05,213 [INFO] PluginManager:220 - loadIPPluginJar : add cryp
2025-10-11 14:21:05,214 [INFO] IPUIPlugin:80 - create IPUIPlugin
2025-10-11 14:21:05,214 [INFO] PluginManager:220 - loadIPPluginJar : add can
2025-10-11 14:21:05,218 [INFO] IPUIPlugin:80 - create IPUIPlugin
2025-10-11 14:21:05,218 [INFO] PluginManager:220 - loadIPPluginJar : add mdma
2025-10-11 14:21:05,223 [INFO] IPUIPlugin:80 - create IPUIPlugin
2025-10-11 14:21:05,223 [INFO] PluginManager:220 - loadIPPluginJar : add dma
2025-10-11 14:21:05,228 [INFO] IPUIPlugin:80 - create IPUIPlugin
2025-10-11 14:21:05,228 [INFO] PluginManager:220 - loadIPPluginJar : add linkedlist
2025-10-11 14:21:05,230 [INFO] IPUIPlugin:80 - create IPUIPlugin
2025-10-11 14:21:05,230 [INFO] PluginManager:220 - loadIPPluginJar : add pdm2pcm
2025-10-11 14:21:05,233 [INFO] IPUIPlugin:80 - create IPUIPlugin
2025-10-11 14:21:05,233 [INFO] PluginManager:220 - loadIPPluginJar : add gpio
2025-10-11 14:21:05,234 [INFO] IPUIPlugin:80 - create IPUIPlugin
2025-10-11 14:21:05,234 [INFO] PluginManager:220 - loadIPPluginJar : add extmemmanager
2025-10-11 14:21:05,237 [INFO] IPUIPlugin:80 - create IPUIPlugin
2025-10-11 14:21:05,237 [INFO] PluginManager:220 - loadIPPluginJar : add gic
2025-10-11 14:21:05,239 [INFO] IPUIPlugin:80 - create IPUIPlugin
2025-10-11 14:21:05,239 [INFO] PluginManager:220 - loadIPPluginJar : add lorawan
2025-10-11 14:21:05,239 [INFO] IPUIPlugin:80 - create IPUIPlugin
2025-10-11 14:21:05,239 [INFO] PluginManager:220 - loadIPPluginJar : add tsc
2025-10-11 14:21:05,241 [INFO] IPUIPlugin:80 - create IPUIPlugin
2025-10-11 14:21:05,241 [INFO] PluginManager:220 - loadIPPluginJar : add spi
2025-10-11 14:21:05,244 [INFO] IPUIPlugin:80 - create IPUIPlugin
2025-10-11 14:21:05,244 [INFO] PluginManager:220 - loadIPPluginJar : add stm32_wpan
2025-10-11 14:21:05,246 [INFO] IPUIPlugin:80 - create IPUIPlugin
2025-10-11 14:21:05,246 [INFO] PluginManager:220 - loadIPPluginJar : add openamp
2025-10-11 14:21:05,247 [INFO] IPUIPlugin:80 - create IPUIPlugin
2025-10-11 14:21:05,247 [INFO] PluginManager:220 - loadIPPluginJar : add ts
2025-10-11 14:21:05,248 [INFO] IPUIPlugin:80 - create IPUIPlugin
2025-10-11 14:21:05,248 [INFO] PluginManager:220 - loadIPPluginJar : add gtzc
2025-10-11 14:21:05,250 [INFO] IPUIPlugin:80 - create IPUIPlugin
2025-10-11 14:21:05,250 [INFO] PluginManager:220 - loadIPPluginJar : add i3c
2025-10-11 14:21:05,250 [INFO] IPUIPlugin:80 - create IPUIPlugin
2025-10-11 14:21:05,250 [INFO] PluginManager:220 - loadIPPluginJar : add genericplugin
2025-10-11 14:21:05,252 [INFO] IPUIPlugin:80 - create IPUIPlugin
2025-10-11 14:21:05,252 [INFO] PluginManager:220 - loadIPPluginJar : add gfxmmu
2025-10-11 14:21:05,254 [INFO] IPUIPlugin:80 - create IPUIPlugin
2025-10-11 14:21:05,254 [INFO] PluginManager:220 - loadIPPluginJar : add usart
2025-10-11 14:21:05,255 [INFO] IPUIPlugin:80 - create IPUIPlugin
2025-10-11 14:21:05,255 [INFO] PluginManager:220 - loadIPPluginJar : add ucpd
2025-10-11 14:21:05,259 [INFO] IPUIPlugin:80 - create IPUIPlugin
2025-10-11 14:21:05,259 [INFO] PluginManager:220 - loadIPPluginJar : add fmc
2025-10-11 14:21:05,350 [FATAL] Updater:351 - Updater called before beeing initialized
2025-10-11 14:21:05,365 [INFO] RulesReader:64 - Compatibility file has been processed (317 Rules)
2025-10-11 14:21:05,377 [INFO] RulesReader:64 - Compatibility file has been processed (317 Rules)
2025-10-11 14:21:05,391 [INFO] CADModel:165 - CPN selected for project level
2025-10-11 14:21:05,391 [INFO] CADModel:114 - Register for checkConnection events
2025-10-11 14:21:05,391 [FATAL] Updater:351 - Updater called before beeing initialized
2025-10-11 14:21:05,392 [ERROR] CADModel:125 - Updater not yet initialized, retry later 
2025-10-11 14:21:05,491 [FATAL] Updater:351 - Updater called before beeing initialized
2025-10-11 14:21:05,493 [INFO] CADModel:165 - CPN selected for project level
2025-10-11 14:21:05,493 [INFO] CADModel:114 - Register for checkConnection events
2025-10-11 14:21:05,493 [FATAL] Updater:351 - Updater called before beeing initialized
2025-10-11 14:21:05,493 [ERROR] CADModel:125 - Updater not yet initialized, retry later 
2025-10-11 14:21:05,495 [FATAL] Updater:351 - Updater called before beeing initialized
2025-10-11 14:21:05,540 [FATAL] Updater:351 - Updater called before beeing initialized
2025-10-11 14:21:05,543 [INFO] DbMcusAds:53 - JSON generation date=Thu Oct 02 09:36:05 GMT 2025 (1759397765045)
2025-10-11 14:21:05,543 [FATAL] Updater:351 - Updater called before beeing initialized
2025-10-11 14:21:05,573 [WARN] DetailPanel:346 - Failed to get advertising image, set to default
2025-10-11 14:21:05,631 [FATAL] Updater:351 - Updater called before beeing initialized
2025-10-11 14:21:05,633 [FATAL] Updater:351 - Updater called before beeing initialized
2025-10-11 14:21:05,633 [FATAL] Updater:351 - Updater called before beeing initialized
2025-10-11 14:21:05,633 [WARN] DetailPanel:346 - Failed to get advertising image, set to default
2025-10-11 14:21:05,634 [FATAL] Updater:351 - Updater called before beeing initialized
2025-10-11 14:21:05,653 [ERROR] Updater:1198 - MainUpdater not yet initialized. External WinMGr cannot be set.
2025-10-11 14:21:05,654 [INFO] Updater:1134 - Updater Version found : 6.15.0
2025-10-11 14:21:05,665 [INFO] ApplicationProperties:184 - Using Application install path: /home/traian/st/stm32cubeide_1.19.0/plugins/com.st.stm32cube.common.mx_6.15.0.202507011659
2025-10-11 14:21:06,099 [INFO] MainUpdater:2872 - connection check result : 10
2025-10-11 14:21:06,099 [INFO] MainUpdater:289 - Updater Check For Update Now.
2025-10-11 14:21:06,099 [INFO] MicroXplorer:498 - Change Database Version : DB.6.0.150
2025-10-11 14:21:06,105 [INFO] McuFinderGlobals:63 - Set McuFinder mode to 2 (CubeIDE integrated)
2025-10-11 14:21:06,105 [INFO] UserAuth:171 - activating auth plugin
2025-10-11 14:21:06,106 [INFO] UserAuth:487 - Internet connection configuration mode: 1
2025-10-11 14:21:06,119 [INFO] JxBrowserEngine:152 - Initiate JxBrowser Engine with user profile folder
2025-10-11 14:21:06,241 [INFO] CheckServerUpdateThread:120 - End of CheckServer Thread
2025-10-11 14:21:06,873 [INFO] WebApp:169 - Instantiating new browser for Auth
2025-10-11 14:21:07,405 [INFO] WebApp:463 - Apply proxy settings
2025-10-11 14:21:07,406 [INFO] WebApp:548 - Chromium requires no authentication
2025-10-11 14:21:07,411 [INFO] WebApp:491 - Direct internet connection detected
2025-10-11 14:21:07,420 [INFO] WebApp:900 - Register for checkConnection events
2025-10-11 14:21:07,421 [INFO] WebApp:463 - Apply proxy settings
2025-10-11 14:21:07,421 [INFO] WebApp:548 - Chromium requires no authentication
2025-10-11 14:21:07,421 [INFO] WebApp:491 - Direct internet connection detected
2025-10-11 14:21:07,505 [INFO] WebApp:225 - Starting web application
2025-10-11 14:21:07,505 [INFO] WebApp:593 - Web application path used /home/traian/st/stm32cubeide_1.19.0/plugins/com.st.stm32cube.common.mx_6.15.0.202507011659/db/plugins/mcufinder/reactClient1/index.html
2025-10-11 14:21:07,949 [INFO] WebApp:191 - Connection restablished
2025-10-11 14:21:07,977 [WARN] PackLoader:240 - Cannot read IP mode file for STMicroelectronics.FP-SNS-MOTENVWB1.1.4.0
2025-10-11 14:21:07,980 [WARN] PackLoader:240 - Cannot read IP mode file for STMicroelectronics.FP-ATR-ASTRA1.2.0.2
2025-10-11 14:21:07,984 [WARN] PackLoader:240 - Cannot read IP mode file for STMicroelectronics.X-CUBE-SMBUS.2.1.0
2025-10-11 14:21:07,986 [WARN] PackLoader:240 - Cannot read IP mode file for STMicroelectronics.X-CUBE-ST60.1.0.0
2025-10-11 14:21:08,002 [WARN] PackLoader:240 - Cannot read IP mode file for STMicroelectronics.X-CUBE-AZRTOS-F7.1.1.0
2025-10-11 14:21:08,006 [WARN] PackLoader:240 - Cannot read IP mode file for Cesanta.I-CUBE-Mongoose.7.19.0
2025-10-11 14:21:08,010 [WARN] PackLoader:240 - Cannot read IP mode file for WES.I-CUBE-Cesium.1.4.0
2025-10-11 14:21:08,021 [WARN] PackLoader:240 - Cannot read IP mode file for Infineon.AIROC-Wi-Fi-Bluetooth-STM32.1.7.1
2025-10-11 14:21:08,036 [WARN] PackLoader:240 - Cannot read IP mode file for STMicroelectronics.X-CUBE-AZRTOS-H7.3.4.0
2025-10-11 14:21:08,042 [WARN] PackLoader:240 - Cannot read IP mode file for STMicroelectronics.X-CUBE-DISPLAY.3.0.0
2025-10-11 14:21:08,049 [WARN] PackLoader:240 - Cannot read IP mode file for STMicroelectronics.X-CUBE-NFC10.1.0.0
2025-10-11 14:21:08,053 [WARN] PackLoader:240 - Cannot read IP mode file for emotas.I-CUBE-CANOPEN.1.3.0
2025-10-11 14:21:08,058 [WARN] PackLoader:240 - Cannot read IP mode file for STMicroelectronics.FP-SNS-STBOX1.2.1.0
2025-10-11 14:21:08,062 [WARN] PackLoader:240 - Cannot read IP mode file for STMicroelectronics.FP-SNS-SMARTAG2.1.2.0
2025-10-11 14:21:08,064 [WARN] PackLoader:240 - Cannot read IP mode file for STMicroelectronics.FP-SNS-FLIGHT1.5.1.0
2025-10-11 14:21:08,076 [INFO] LogOutputStream:77 - [STDOUT_REDIRECT] 1 : Invalid condition id : UX_CORESTACK_Condition cause : null
2025-10-11 14:21:08,076 [INFO] LogOutputStream:77 - [STDOUT_REDIRECT] 1 : Invalid condition id : UX_CORESTACK_Condition cause : null
2025-10-11 14:21:08,076 [INFO] LogOutputStream:77 - [STDOUT_REDIRECT] 1 : Invalid condition id : UX_CORESTACK_Condition cause : null
2025-10-11 14:21:08,076 [INFO] LogOutputStream:77 - [STDOUT_REDIRECT] 1 : Invalid condition id : UX_CORESTACK_Condition cause : null
2025-10-11 14:21:08,077 [INFO] LogOutputStream:77 - [STDOUT_REDIRECT] 1 : Invalid condition id : UX_CORESTACK_Condition cause : null
2025-10-11 14:21:08,079 [WARN] PackLoader:240 - Cannot read IP mode file for STMicroelectronics.X-CUBE-AZRTOS-WL.2.0.0
2025-10-11 14:21:08,081 [WARN] PackLoader:240 - Cannot read IP mode file for STMicroelectronics.FP-SNS-MOTENV1.5.0.0
2025-10-11 14:21:08,084 [WARN] PackLoader:240 - Cannot read IP mode file for STMicroelectronics.X-CUBE-BLE2.3.3.0
2025-10-11 14:21:08,087 [WARN] PackLoader:240 - Cannot read IP mode file for STMicroelectronics.X-CUBE-NFC9.1.0.0
2025-10-11 14:21:08,090 [WARN] PackLoader:240 - Cannot read IP mode file for wolfSSL.I-CUBE-wolfSSL.5.8.2
2025-10-11 14:21:08,092 [WARN] PackLoader:240 - Cannot read IP mode file for STMicroelectronics.X-CUBE-BLE1.7.1.0
2025-10-11 14:21:08,093 [WARN] PackLoader:240 - Cannot read IP mode file for wolfSSL.I-CUBE-wolfMQTT.1.19.2
2025-10-11 14:21:08,096 [WARN] PackLoader:240 - Cannot read IP mode file for STMicroelectronics.X-CUBE-EEPRMA1.5.2.0
2025-10-11 14:21:08,103 [WARN] PackLoader:240 - Cannot read IP mode file for STMicroelectronics.X-CUBE-AZRTOS-G0.1.1.0
2025-10-11 14:21:08,106 [WARN] PackLoader:240 - Cannot read IP mode file for STMicroelectronics.X-CUBE-SAFEA1.1.2.2
2025-10-11 14:21:08,109 [WARN] PackLoader:240 - Cannot read IP mode file for STMicroelectronics.X-CUBE-NFC4.3.0.0
2025-10-11 14:21:08,113 [WARN] PackLoader:240 - Cannot read IP mode file for EmbeddedOffice.I-CUBE-FS-RTOS.1.0.1
2025-10-11 14:21:08,115 [WARN] PackLoader:240 - Cannot read IP mode file for STMicroelectronics.X-CUBE-WB05N.2.0.0
2025-10-11 14:21:08,117 [WARN] PackLoader:240 - Cannot read IP mode file for wolfSSL.I-CUBE-wolfTPM.3.8.0
2025-10-11 14:21:08,120 [WARN] PackLoader:240 - Cannot read IP mode file for STMicroelectronics.X-CUBE-TCPP.4.2.0
2025-10-11 14:21:08,122 [WARN] PackLoader:240 - Cannot read IP mode file for RealThread.X-CUBE-RT-Thread_Nano.4.1.1
2025-10-11 14:21:08,124 [WARN] PackLoader:240 - Cannot read IP mode file for STMicroelectronics.FP-ATR-SIGFOX1.3.2.0
2025-10-11 14:21:08,126 [WARN] PackLoader:240 - Cannot read IP mode file for ITTIA_DB.I-CUBE-ITTIADB.8.9.0
2025-10-11 14:21:08,129 [WARN] PackLoader:240 - Cannot read IP mode file for STMicroelectronics.X-CUBE-ST67W61.1.0.0
2025-10-11 14:21:08,130 [WARN] PackLoader:240 - Cannot read IP mode file for STMicroelectronics.X-CUBE-AI.10.2.0
2025-10-11 14:21:08,141 [WARN] PackLoader:240 - Cannot read IP mode file for SEGGER.I-CUBE-embOS.1.3.1
2025-10-11 14:21:08,165 [WARN] PackLoader:240 - Cannot read IP mode file for STMicroelectronics.X-CUBE-ALGOBUILD.1.4.0
2025-10-11 14:21:08,205 [WARN] PackLoader:240 - Cannot read IP mode file for STMicroelectronics.X-CUBE-MEMS1.11.3.0
2025-10-11 14:21:08,312 [WARN] PackLoader:240 - Cannot read IP mode file for STMicroelectronics.X-CUBE-PM33A1.1.0.0
2025-10-11 14:21:08,318 [WARN] PackLoader:240 - Cannot read IP mode file for STMicroelectronics.X-CUBE-AZRTOS-F4.1.1.0
2025-10-11 14:21:08,321 [WARN] PackLoader:240 - Cannot read IP mode file for STMicroelectronics.X-CUBE-ISPU.2.1.0
2025-10-11 14:21:08,323 [WARN] PackLoader:240 - Cannot read IP mode file for STMicroelectronics.X-CUBE-NFC12.1.0.0
2025-10-11 14:21:08,330 [WARN] PackLoader:240 - Cannot read IP mode file for STMicroelectronics.X-CUBE-AZRTOS-L5.2.0.0
2025-10-11 14:21:08,334 [WARN] PackLoader:240 - Cannot read IP mode file for STMicroelectronics.X-CUBE-NFC6.3.1.0
2025-10-11 14:21:08,340 [WARN] PackLoader:240 - Cannot read IP mode file for STMicroelectronics.X-CUBE-FREERTOS.1.3.1
2025-10-11 14:21:08,343 [WARN] PackLoader:240 - Cannot read IP mode file for STMicroelectronics.X-CUBE-TOUCHGFX.4.26.0
2025-10-11 14:21:08,347 [WARN] PackLoader:240 - Cannot read IP mode file for STMicroelectronics.FP-SNS-STAIOTCFT.1.0.0
2025-10-11 14:21:08,351 [WARN] PackLoader:240 - Cannot read IP mode file for STMicroelectronics.X-CUBE-DPower.1.3.0
2025-10-11 14:21:08,363 [WARN] ConditionMgr:438 - getConditionDescription Invalid condition id : LAN8742 Phy interface Condition cause : null
2025-10-11 14:21:08,364 [WARN] PackLoader:240 - Cannot read IP mode file for STMicroelectronics.X-CUBE-AZRTOS-L4.2.0.0
2025-10-11 14:21:08,365 [WARN] ConditionMgr:1044 - genDependencies : Invalid condition id : LAN8742 Phy interface Condition cause : null
2025-10-11 14:21:08,365 [WARN] ConditionMgr:1044 - genDependencies : Invalid condition id : LAN8742 Phy interface Condition cause : null
2025-10-11 14:21:08,365 [WARN] ConditionMgr:1044 - genDependencies : Invalid condition id : LAN8742 Phy interface Condition cause : null
2025-10-11 14:21:08,371 [WARN] PackLoader:240 - Cannot read IP mode file for STMicroelectronics.X-CUBE-SFXS2LP1.4.0.0
2025-10-11 14:21:08,379 [WARN] PackLoader:240 - Cannot read IP mode file for STMicroelectronics.X-CUBE-BLEMGR.4.1.0
2025-10-11 14:21:08,390 [WARN] ConditionMgr:438 - getConditionDescription Invalid condition id : UX DEVICE CLASS RTOS Condition cause : null
2025-10-11 14:21:08,390 [WARN] ConditionMgr:438 - getConditionDescription Invalid condition id : UX DEVICE CLASS RTOS Condition cause : null
2025-10-11 14:21:08,392 [WARN] PackLoader:240 - Cannot read IP mode file for STMicroelectronics.X-CUBE-AZRTOS-WB.2.0.0
2025-10-11 14:21:08,392 [WARN] ConditionMgr:1044 - genDependencies : Invalid condition id : UX DEVICE CLASS RTOS Condition cause : null
2025-10-11 14:21:08,392 [WARN] ConditionMgr:1044 - genDependencies : Invalid condition id : UX DEVICE CLASS RTOS Condition cause : null
2025-10-11 14:21:08,393 [WARN] ConditionMgr:1044 - genDependencies : Invalid condition id : UX DEVICE CLASS RTOS Condition cause : null
2025-10-11 14:21:08,393 [WARN] ConditionMgr:1044 - genDependencies : Invalid condition id : UX DEVICE CLASS RTOS Condition cause : null
2025-10-11 14:21:08,393 [WARN] ConditionMgr:1044 - genDependencies : Invalid condition id : UX DEVICE CLASS RTOS Condition cause : null
2025-10-11 14:21:08,397 [WARN] PackLoader:240 - Cannot read IP mode file for STMicroelectronics.X-CUBE-GNSS1.7.0.1
2025-10-11 14:21:08,400 [WARN] ConditionMgr:438 - getConditionDescription Invalid condition id : Cortex-A Device cause : null
2025-10-11 14:21:08,406 [WARN] ConditionMgr:1044 - genDependencies : Invalid condition id : Cortex-A Device cause : null
2025-10-11 14:21:08,406 [WARN] ConditionMgr:1044 - genDependencies : Invalid condition id : Cortex-A Device cause : null
2025-10-11 14:21:08,406 [WARN] ConditionMgr:1044 - genDependencies : Invalid condition id : Cortex-A Device cause : null
2025-10-11 14:21:08,410 [WARN] PackLoader:240 - Cannot read IP mode file for STMicroelectronics.X-CUBE-SUBG2.5.0.0
2025-10-11 14:21:08,421 [WARN] PackLoader:240 - Cannot read IP mode file for STMicroelectronics.X-CUBE-AZRTOS-H7RS.1.1.0
2025-10-11 14:21:08,427 [WARN] PackLoader:240 - Cannot read IP mode file for STMicroelectronics.X-CUBE-AZRTOS-G4.2.0.0
2025-10-11 14:21:08,430 [WARN] PackLoader:240 - Cannot read IP mode file for wolfSSL.I-CUBE-wolfSSH.1.4.20
2025-10-11 14:21:08,433 [WARN] PackLoader:240 - Cannot read IP mode file for STMicroelectronics.X-CUBE-NFC7.2.0.0
2025-10-11 14:21:08,438 [WARN] PackLoader:240 - Cannot read IP mode file for STMicroelectronics.X-CUBE-IPS.3.1.0
2025-10-11 14:21:08,446 [WARN] PackLoader:240 - Cannot read IP mode file for STMicroelectronics.X-CUBE-ALS.1.0.2
2025-10-11 14:21:08,451 [WARN] PackLoader:240 - Cannot read IP mode file for STMicroelectronics.X-CUBE-STSE01.1.0.0
2025-10-11 14:21:08,464 [WARN] PackLoader:240 - Cannot read IP mode file for STMicroelectronics.X-CUBE-TOF1.3.4.3
2025-10-11 14:21:08,470 [INFO] ThirdParty:978 - Integrity check success = true
2025-10-11 14:21:08,471 [INFO] IntegrityCheckThread:100 - exiting critical section [integrity check]
2025-10-11 14:21:08,471 [INFO] IntegrityCheckThread:103 - End integrity checks thread
2025-10-11 14:36:07,106 [INFO] McuFinderGlobals:63 - Set McuFinder mode to 2 (CubeIDE integrated)
2025-10-11 14:36:07,107 [INFO] MainUpdater:2872 - connection check result : 10
2025-10-11 14:36:07,108 [INFO] McuFinderGlobals:76 - Set McuFinderConnectedMode to true
2025-10-11 14:36:07,413 [INFO] ServerAccessManage:452 - Complete download http(s) 200
2025-10-11 14:36:07,415 [INFO] ServerAccessManage:509 - Download File mcusAds.json._tmp_
2025-10-11 14:36:07,521 [INFO] LoadUrlFilesThread:156 - End of LoadUrlFiles Thread
2025-10-11 14:36:07,857 [INFO] ServerAccessManage:452 - Complete download http(s) 200
2025-10-11 14:36:07,858 [INFO] ServerAccessManage:509 - Download File cube-finder-db.zip
2025-10-11 14:36:11,804 [INFO] FileExtend:248 - Unzip File : cube-finder-db.zip
2025-10-11 14:36:11,804 [INFO] FileExtend:263 - Standard Zip Deflate
2025-10-11 14:36:12,314 [INFO] LoadUrlFilesThread:156 - End of LoadUrlFiles Thread
2025-10-11 14:36:12,625 [INFO] ServerAccessManage:452 - Complete download http(s) 200
2025-10-11 14:36:12,627 [INFO] ServerAccessManage:509 - Download File crdb.zip
2025-10-11 14:36:12,882 [INFO] FileExtend:248 - Unzip File : crdb.zip
2025-10-11 14:36:12,883 [INFO] FileExtend:263 - Standard Zip Deflate
2025-10-11 14:36:13,021 [INFO] LoadUrlFilesThread:156 - End of LoadUrlFiles Thread
2025-10-11 14:36:13,255 [INFO] ServerAccessManage:452 - Complete download http(s) 200
2025-10-11 14:36:13,257 [INFO] ServerAccessManage:509 - Download File tutoVideoDB.zip
2025-10-11 14:36:13,315 [INFO] FileExtend:248 - Unzip File : tutoVideoDB.zip
2025-10-11 14:36:13,316 [INFO] FileExtend:263 - Standard Zip Deflate
2025-10-11 14:36:13,423 [INFO] LoadUrlFilesThread:156 - End of LoadUrlFiles Thread
2025-10-11 14:36:13,428 [WARN] DbFile:41 - Overriding database path with different value: /home/traian/.stmcufinder/plugins/mcufinder/ => /home/traian/.stmcufinder/plugins/mcufinder
2025-10-11 14:36:13,609 [INFO] ServerAccessManage:452 - Complete download http(s) 200
2025-10-11 14:36:13,611 [INFO] ServerAccessManage:509 - Download File api_config.json
2025-10-11 14:36:13,718 [INFO] LoadUrlFilesThread:156 - End of LoadUrlFiles Thread
2025-10-11 14:36:13,726 [INFO] DbMcusAds:53 - JSON generation date=Thu Oct 02 09:36:05 GMT 2025 (1759397765645)
2025-10-11 14:36:13,947 [INFO] ServerAccessManage:452 - Complete download http(s) 200
2025-10-11 14:36:13,947 [INFO] ServerAccessManage:509 - Download File 
2025-10-11 14:36:13,984 [INFO] LoadUrlFilesThread:185 - End of LoadServerUrlFiles without Thread
2025-10-11 14:36:13,985 [INFO] TargetSelectorAdapter:259 - Refresh data is successful
2025-10-11 14:36:14,081 [INFO] ApiDb:581 - Connected to CubeFinder SQLite database (/home/traian/.stmcufinder/plugins/mcufinder/mcu/cube-finder-db.db)
2025-10-11 14:36:14,108 [INFO] ApiDb:668 - CubeFinder database Data Model version=2.1
2025-10-11 14:36:14,109 [INFO] ApiDb:669 - CubeFinder database Configuration version=3.0.39
2025-10-11 14:36:14,110 [INFO] ApiDb:670 - CubeFinder database generation date=2025-08-25 (1756130511)
2025-10-11 14:36:14,110 [INFO] ApiDb:671 - CubeFinder database FW Pack versions=[FP-ATR-ASTRA1_V2.0.0, FP-SNS-FLIGHT1_V5.1.0, FP-SNS-MOTENV1_V5.0.0, FP-SNS-MOTENVWB1_V1.4.0, FP-SNS-SMARTAG2_V1.2.0, FP-SNS-STBOX1_V2.1.0, STM32Cube_FW_C0_V1.4.0, STM32Cube_FW_F4_V1.28.3, STM32Cube_FW_F7_V1.17.4, STM32Cube_FW_G0_V1.6.2, STM32Cube_FW_G4_V1.6.1, STM32Cube_FW_H5_V1.5.0, STM32Cube_FW_H7RS_V1.2.0, STM32Cube_FW_H7_V1.12.1, STM32Cube_FW_L0_V1.12.2, STM32Cube_FW_L4_V1.18.1, STM32Cube_FW_L5_V1.5.1, STM32Cube_FW_N6_V1.2.0, STM32Cube_FW_U0_V1.3.0, STM32Cube_FW_U3_V1.2.0, STM32Cube_FW_U5_V1.8.0, STM32Cube_FW_WB0_V1.3.0, STM32Cube_FW_WBA_V1.7.0, STM32Cube_FW_WB_V1.23.0, STM32Cube_FW_WL3_V1.2.0, STM32Cube_FW_WL_V1.3.1, X-CUBE-ALGOBUILD_V1.4.0, X-CUBE-ALS_V1.0.2, X-CUBE-AZRTOS-F4_V1.1.0, X-CUBE-AZRTOS-F7_V1.1.0, X-CUBE-AZRTOS-G0_V1.1.0, X-CUBE-AZRTOS-G4_V2.0.0, X-CUBE-AZRTOS-H7RS_V1.1.0, X-CUBE-AZRTOS-H7_V3.4.0, X-CUBE-AZRTOS-L4_V2.0.0, X-CUBE-AZRTOS-L5_V2.0.0, X-CUBE-AZRTOS-WB_V2.0.0, X-CUBE-AZRTOS-WL_V2.0.0, X-CUBE-BLE1_V7.1.0, X-CUBE-BLE2_V3.3.0, X-CUBE-BLEMGR_V4.1.0, X-CUBE-EEPRMA1_V5.2.0, X-CUBE-FREERTOS_V1.3.1, X-CUBE-GNSS1_V6.0.0, X-CUBE-MEMS1_V11.3.0, X-CUBE-NFC4_V3.0.0, X-CUBE-NFC7_V2.0.0, X-CUBE-SFXS2LP1_V4.0.0, X-CUBE-ST67W61_V1.0.0, X-CUBE-SUBG2_V5.0.0, X-CUBE-TOF1_V3.4.3]
2025-10-11 14:36:15,491 [INFO] ApiDb:240 - Found 880 in-development CPN: [B-G473E-ZEST1S, B-WB1M-WPAN1, B-WBA5M-WPAN, B-WL5M-SUBG1, NUCLEO-C031C6, NUCLEO-C051C8, NUCLEO-C071RB, NUCLEO-C092RC, NUCLEO-H503RB, NUCLEO-H533RE, NUCLEO-H563ZI, NUCLEO-H7S3L8, NUCLEO-N657X0-Q, NUCLEO-U031R8, NUCLEO-U083RC, NUCLEO-U385RG-Q, NUCLEO-U545RE-Q, NUCLEO-U5A5ZJ-Q, NUCLEO-WB05KZ, NUCLEO-WB07CC, NUCLEO-WB09KE, NUCLEO-WBA52CG, NUCLEO-WBA55CG, NUCLEO-WL33CC1, NUCLEO-WL33CC2, STEVAL-PROTEUS1, STEVAL-SMARTAG2, STEVAL-STWINBX1, STM320518-EVAL, STM32C0116-DK, STM32C011D6Y3TR, STM32C011D6Y6TR, STM32C011F4P3, STM32C011F4P6, STM32C011F4U3, STM32C011F4U6TR, STM32C011F6P3, STM32C011F6P6, STM32C011F6U3, STM32C011F6U6TR, STM32C011J4M3, STM32C011J4M6, STM32C011J6M3, STM32C011J6M6, STM32C0316-DK, STM32C031C4T3, STM32C031C4T6, STM32C031C4U3, STM32C031C4U6, STM32C031C6T3, STM32C031C6T6, STM32C031C6U3, STM32C031C6U6, STM32C031F4P3, STM32C031F4P6, STM32C031F6P3, STM32C031F6P6, STM32C031G4U3, STM32C031G4U6, STM32C031G6U3, STM32C031G6U6, STM32C031K4T3, STM32C031K4T6, STM32C031K4U3, STM32C031K4U6, STM32C031K6T3, STM32C031K6T6, STM32C031K6U3, STM32C031K6U6, STM32C051C6T6, STM32C051C6U6, STM32C051C8T6, STM32C051C8U6, STM32C051D8Y6TR, STM32C051F6P6, STM32C051F8P6, STM32C051G6U6, STM32C051G8U6, STM32C051K6T6, STM32C051K6U6, STM32C051K8T6, STM32C071C8T6, STM32C071C8T6N, STM32C071C8U6, STM32C071C8U6N, STM32C071CBT6, STM32C071CBT6N, STM32C071CBU6, STM32C071CBU6N, STM32C071F8P6, STM32C071F8P6N, STM32C071FBP6, STM32C071FBP6N, STM32C071FBY6TR, STM32C071G8U6, STM32C071G8U6N, STM32C071GBU6, STM32C071GBU6N, STM32C071K8T6, STM32C071K8T6N, STM32C071K8U6, STM32C071K8U6N, STM32C071KBT6, STM32C071KBT6N, STM32C071KBU6, STM32C071KBU6N, STM32C071R8T6, STM32C071R8T6N, STM32C071RBI6N, STM32C071RBT6, STM32C071RBT6N, STM32C091CBT6, STM32C091CBU6, STM32C091CCT6, STM32C091CCU6, STM32C091ECY6TR, STM32C091FBP6, STM32C091FCP6, STM32C091GBU6, STM32C091GCU6, STM32C091KBT6, STM32C091KBU6, STM32C091KCT6, STM32C091KCU6, STM32C091RBT6, STM32C091RCI6, STM32C091RCT6, STM32C092CBT6, STM32C092CBU6, STM32C092CCT6, STM32C092CCU6, STM32C092ECY6TR, STM32C092FBP6, STM32C092FCP6, STM32C092GBU6, STM32C092GCU6, STM32C092KBT6, STM32C092KBU6, STM32C092KCT6, STM32C092KCU6, STM32C092RBT6, STM32C092RCI6, STM32C092RCT6, STM32G071K8TXN, STM32G071K8UXN, STM32G081GBU6N, STM32G081KBT6N, STM32G081KBUXN, STM32G0B1CCT6N, STM32G0B1KCT6, STM32G0B1NEY6TR, STM32G0B1RCT6N, STM32G0C1CCT6, STM32G0C1CCT6N, STM32G0C1CCU6N, STM32G0C1CET6N, STM32G0C1CEU6N, STM32G0C1KCT6, STM32G0C1NEY6TR, STM32G0C1RCI6N, STM32G0C1RCT6N, STM32G0C1REI6N, STM32G0C1RET6N, STM32G0C1VCI6, STM32G0C1VEI6, STM32G411C6T3, STM32G411C6T6, STM32G411C6U3, STM32G411C6U6, STM32G411C8T3, STM32G411C8T6, STM32G411C8U3, STM32G411C8U6, STM32G411CBT3, STM32G411CBT6, STM32G411CBU3, STM32G411CBU6, STM32G411K6T3, STM32G411K6T6, STM32G411K6U3, STM32G411K6U6, STM32G411K8T3, STM32G411K8T6, STM32G411K8U3, STM32G411K8U6, STM32G411KBT3, STM32G411KBT6, STM32G411KBU3, STM32G411KBU6, STM32G411M6T3, STM32G411M6T6, STM32G411M8T3, STM32G411M8T6, STM32G411MBT3, STM32G411MBT6, STM32G411R6T3, STM32G411R6T6, STM32G411R8T3, STM32G411R8T6, STM32G411RBT3, STM32G411RBT6, STM32G414CBT3, STM32G414CBT6, STM32G414CBU3, STM32G414CBU6, STM32G414CCT3, STM32G414CCT6, STM32G414CCU3, STM32G414CCU6, STM32G414MBT3, STM32G414MBT6, STM32G414MCT3, STM32G414MCT6, STM32G414RBT3, STM32G414RBT6, STM32G414RCT3, STM32G414RCT6, STM32G414VBT3, STM32G414VBT6, STM32G414VCT3, STM32G414VCT6, STM32G431CBT3Z, STM32G431RBT3Z, STM32G471CCT6, STM32G471CCU6, STM32G471CET3, STM32G471CET6, STM32G471CEU3, STM32G471CEU6, STM32G471MCT6, STM32G471MET3, STM32G471MET6, STM32G471MEY6TR, STM32G471QCT6, STM32G471QET3, STM32G471RCT6, STM32G471RET3, STM32G471RET6, STM32G471VCH6, STM32G471VCI6, STM32G471VCT6, STM32G471VEH3, STM32G471VEH6, STM32G471VEI3, STM32G471VEI6, STM32G471VET3, STM32G471VET6, STM32G473QET3Z, STM32G473RET3Z, STM32G474CCT6, STM32G491RET3Z, STM32H503CBT6, STM32H503CBU6, STM32H503EBY6TR, STM32H503KBU6, STM32H503RBT6, STM32H523CCT6, STM32H523CCU6, STM32H523CET6, STM32H523CEU6, STM32H523HEY6TR, STM32H523RCT6, STM32H523RET6, STM32H523VCI6, STM32H523VCT6, STM32H523VEI6, STM32H523VET6, STM32H523ZCJ6, STM32H523ZCT6, STM32H523ZEJ6, STM32H523ZET6, STM32H533CET6, STM32H533CEU6, STM32H533HEY6TR, STM32H533RET6, STM32H533VEI6, STM32H533VET6, STM32H533ZEJ6, STM32H533ZET6, STM32H562AGI6, STM32H562AII6, STM32H562IGK6, STM32H562IGT6, STM32H562IIK6, STM32H562IIT6, STM32H562RGT6, STM32H562RGV6, STM32H562RIT6, STM32H562RIV6, STM32H562VGT6, STM32H562VIT6, STM32H562ZGT6, STM32H562ZIT6, STM32H563AGI6, STM32H563AII3Q, STM32H563AII6, STM32H563IGK6, STM32H563IGT6, STM32H563IIK3Q, STM32H563IIK6, STM32H563IIT3Q, STM32H563IIT6, STM32H563MIY3QTR, STM32H563RGT6, STM32H563RGV6, STM32H563RIT6, STM32H563RIV6, STM32H563VGT6, STM32H563VIT3Q, STM32H563VIT6, STM32H563ZGT6, STM32H563ZIT3Q, STM32H563ZIT6, STM32H573AII3Q, STM32H573AII6, STM32H573I-DK, STM32H573IIK3Q, STM32H573IIK6, STM32H573IIT3Q, STM32H573IIT6, STM32H573MIY3QTR, STM32H573RIT6, STM32H573RIV6, STM32H573VIT3Q, STM32H573VIT6, STM32H573ZIT3Q, STM32H573ZIT6, STM32H7R3A8I6, STM32H7R3I8K6, STM32H7R3I8T6, STM32H7R3L8H6, STM32H7R3L8H6H, STM32H7R3R8V6, STM32H7R3V8H6, STM32H7R3V8T6, STM32H7R3V8Y6TR, STM32H7R3Z8J6, STM32H7R3Z8T6, STM32H7R7A8I6, STM32H7R7I8K6, STM32H7R7I8T6, STM32H7R7L8H6, STM32H7R7L8H6H, STM32H7R7Z8J6, STM32H7S3A8I6, STM32H7S3I8K6, STM32H7S3I8T6, STM32H7S3L8H6, STM32H7S3L8H6H, STM32H7S3R8V6, STM32H7S3V8H6, STM32H7S3V8T6, STM32H7S3V8Y6TR, STM32H7S3Z8J6, STM32H7S3Z8T6, STM32H7S78-DK, STM32H7S7A8I6, STM32H7S7I8K6, STM32H7S7I8T6, STM32H7S7L8H6, STM32H7S7L8H6H, STM32H7S7Z8J6, STM32L4R5QGI6STR, STM32MP131AAE3, STM32MP131AAF3, STM32MP131AAG3, STM32MP131CAE3, STM32MP131CAF3, STM32MP131CAG3, STM32MP131DAE7, STM32MP131DAF7, STM32MP131DAG7, STM32MP131FAE7, STM32MP131FAF7, STM32MP131FAG7, STM32MP133AAE3, STM32MP133AAF3, STM32MP133AAG3, STM32MP133CAE3, STM32MP133CAF3, STM32MP133CAG3, STM32MP133DAE7, STM32MP133DAF7, STM32MP133DAG7, STM32MP133FAE7, STM32MP133FAF7, STM32MP133FAG7, STM32MP135AAE3, STM32MP135AAF3, STM32MP135AAG3, STM32MP135CAE3, STM32MP135CAF3, STM32MP135CAG3, STM32MP135DAE7, STM32MP135DAF7, STM32MP135DAG7, STM32MP135F-DK, STM32MP135FAE7, STM32MP135FAF7, STM32MP135FAF7T, STM32MP135FAF7U, STM32MP135FAG7, STM32MP211AAL3, STM32MP211AAM3, STM32MP211AAN3, STM32MP211AAO3, STM32MP211CAL3, STM32MP211CAM3, STM32MP211CAN3, STM32MP211CAO3, STM32MP211DAL3, STM32MP211DAM3, STM32MP211DAN3, STM32MP211DAO3, STM32MP211FAL3, STM32MP211FAM3, STM32MP211FAN3, STM32MP211FAO3, STM32MP213AAL3, STM32MP213AAM3, STM32MP213AAN3, STM32MP213AAO3, STM32MP213CAL3, STM32MP213CAM3, STM32MP213CAN3, STM32MP213CAO3, STM32MP213DAL3, STM32MP213DAM3, STM32MP213DAN3, STM32MP213DAO3, STM32MP213FAL3, STM32MP213FAM3, STM32MP213FAN3, STM32MP213FAO3, STM32MP215AAL3, STM32MP215AAM3, STM32MP215AAN3, STM32MP215AAO3, STM32MP215CAL3, STM32MP215CAM3, STM32MP215CAN3, STM32MP215CAO3, STM32MP215DAL3, STM32MP215DAM3, STM32MP215DAN3, STM32MP215DAO3, STM32MP215F-DK, STM32MP215FAL3, STM32MP215FAM3, STM32MP215FAN3, STM32MP215FAO3, STM32MP231AAJ3, STM32MP231AAK3, STM32MP231AAL3, STM32MP231CAJ3, STM32MP231CAK3, STM32MP231CAL3, STM32MP231DAJ3, STM32MP231DAK3, STM32MP231DAL3, STM32MP231FAJ3, STM32MP231FAK3, STM32MP231FAL3, STM32MP233AAJ3, STM32MP233AAK3, STM32MP233AAL3, STM32MP233CAJ3, STM32MP233CAK3, STM32MP233CAL3, STM32MP233DAJ3, STM32MP233DAK3, STM32MP233DAL3, STM32MP233FAJ3, STM32MP233FAK3, STM32MP233FAL3, STM32MP235AAJ3, STM32MP235AAK3, STM32MP235AAL3, STM32MP235CAJ3, STM32MP235CAK3, STM32MP235CAL3, STM32MP235DAJ3, STM32MP235DAK3, STM32MP235DAL3, STM32MP235FAJ3, STM32MP235FAK3, STM32MP235FAL3, STM32MP251AAI3, STM32MP251AAK3, STM32MP251AAL3, STM32MP251CAI3, STM32MP251CAK3, STM32MP251CAL3, STM32MP251DAI3, STM32MP251DAK3, STM32MP251DAL3, STM32MP251FAI3, STM32MP251FAK3, STM32MP251FAL3, STM32MP253AAI3, STM32MP253AAK3, STM32MP253AAL3, STM32MP253CAI3, STM32MP253CAK3, STM32MP253CAL3, STM32MP253DAI3, STM32MP253DAK3, STM32MP253DAL3, STM32MP253FAI3, STM32MP253FAK3, STM32MP253FAL3, STM32MP255AAI3, STM32MP255AAK3, STM32MP255AAL3, STM32MP255CAI3, STM32MP255CAK3, STM32MP255CAL3, STM32MP255DAI3, STM32MP255DAK3, STM32MP255DAL3, STM32MP255FAI3, STM32MP255FAK3, STM32MP255FAL3, STM32MP257AAI3, STM32MP257AAK3, STM32MP257AAL3, STM32MP257CAI3, STM32MP257CAK3, STM32MP257CAL3, STM32MP257DAI3, STM32MP257DAK3, STM32MP257DAL3, STM32MP257F-DK, STM32MP257F-EV1, STM32MP257FAI3, STM32MP257FAK3, STM32MP257FAL3, STM32N645A0H3Q, STM32N645B0H3Q, STM32N645I0H3Q, STM32N645L0H3Q, STM32N645X0H3Q, STM32N645Z0H3Q, STM32N647A0H3Q, STM32N647B0H3Q, STM32N647I0H3Q, STM32N647L0H3Q, STM32N647X0H3Q, STM32N647Z0H3Q, STM32N655A0H3Q, STM32N655B0H3Q, STM32N655I0H3Q, STM32N655L0H3Q, STM32N655X0H3Q, STM32N655Z0H3Q, STM32N6570-DK, STM32N657A0H3Q, STM32N657B0H3Q, STM32N657I0H3Q, STM32N657L0H3Q, STM32N657X0H3Q, STM32N657Z0H3Q, STM32U031C6T6, STM32U031C6U6, STM32U031C8T6, STM32U031C8U6, STM32U031F4P6, STM32U031F6P6, STM32U031F8P6, STM32U031G6Y6TR, STM32U031G8Y6TR, STM32U031K4U6, STM32U031K6U6, STM32U031K8U6, STM32U031R6I6, STM32U031R6T6, STM32U031R8I6, STM32U031R8T6, STM32U073C8T6, STM32U073C8U6, STM32U073CBT6, STM32U073CBU6, STM32U073CCT6, STM32U073CCU6, STM32U073H8Y6TR, STM32U073HBY6TR, STM32U073HCY6TR, STM32U073K8U6, STM32U073KBU6, STM32U073KCU6, STM32U073M8I6, STM32U073M8T6, STM32U073MBI6, STM32U073MBT6, STM32U073MCI6, STM32U073MCT6, STM32U073R8I6, STM32U073R8T6, STM32U073RBI6, STM32U073RBT6, STM32U073RCI6, STM32U073RCT6, STM32U083C-DK, STM32U083CCT6, STM32U083CCU6, STM32U083HCY6TR, STM32U083KCU6, STM32U083MCI6, STM32U083MCT6, STM32U083RCI6, STM32U083RCT6, STM32U375CET6, STM32U375CET6Q, STM32U375CEU6, STM32U375CEU6Q, STM32U375CEY6QTR, STM32U375CGT6, STM32U375CGT6Q, STM32U375CGU6, STM32U375CGU6Q, STM32U375CGY6QTR, STM32U375KEU6, STM32U375KGU6, STM32U375REI6, STM32U375REI6Q, STM32U375RET6, STM32U375RET6Q, STM32U375REY6GTR, STM32U375REY6QTR, STM32U375RGI6, STM32U375RGI6Q, STM32U375RGT6, STM32U375RGT6Q, STM32U375RGY6GTR, STM32U375RGY6QTR, STM32U375VEI6, STM32U375VEI6Q, STM32U375VET6, STM32U375VET6Q, STM32U375VGI6, STM32U375VGI6Q, STM32U375VGT6, STM32U375VGT6Q, STM32U385CGT6, STM32U385CGT6Q, STM32U385CGU6, STM32U385CGU6Q, STM32U385CGY6QTR, STM32U385KGU6, STM32U385RGI6, STM32U385RGI6Q, STM32U385RGT6, STM32U385RGT6Q, STM32U385RGY6GTR, STM32U385RGY6QTR, STM32U385VGI6, STM32U385VGI6Q, STM32U385VGT6, STM32U385VGT6Q, STM32U535CBT6, STM32U535CBT6Q, STM32U535CBU6, STM32U535CBU6Q, STM32U535CCT6, STM32U535CCT6Q, STM32U535CCU6, STM32U535CCU6Q, STM32U535CET6, STM32U535CET6Q, STM32U535CEU6, STM32U535CEU6Q, STM32U535JEY6QTR, STM32U535NCY6QTR, STM32U535NEY6QTR, STM32U535RBI6, STM32U535RBI6Q, STM32U535RBT6, STM32U535RBT6Q, STM32U535RCI6, STM32U535RCI6Q, STM32U535RCT6, STM32U535RCT6Q, STM32U535REI6, STM32U535REI6Q, STM32U535RET6, STM32U535RET6Q, STM32U535VCI6, STM32U535VCI6Q, STM32U535VCT6, STM32U535VCT6Q, STM32U535VEI6, STM32U535VEI6Q, STM32U535VET6, STM32U535VET6Q, STM32U545CET6, STM32U545CET6Q, STM32U545CEU6, STM32U545CEU6Q, STM32U545JEY6QTR, STM32U545NEY6QTR, STM32U545REI6, STM32U545REI6Q, STM32U545RET6, STM32U545RET6Q, STM32U545VEI6, STM32U545VEI6Q, STM32U545VET6, STM32U545VET6Q, STM32U595AIH6, STM32U595AIH6Q, STM32U595AJH6, STM32U595AJH6Q, STM32U595QII6, STM32U595QII6Q, STM32U595QJI6, STM32U595QJI6Q, STM32U595RIT6, STM32U595RIT6Q, STM32U595RJT6, STM32U595RJT6Q, STM32U595VIT6, STM32U595VIT6Q, STM32U595VJT6, STM32U595VJT6Q, STM32U595ZIT6, STM32U595ZIT6Q, STM32U595ZIY6QTR, STM32U595ZJT6, STM32U595ZJT6Q, STM32U595ZJY6QTR, STM32U599BJY6QTR, STM32U599NIH6Q, STM32U599NJH6Q, STM32U599VIT6Q, STM32U599VJT6, STM32U599VJT6Q, STM32U599ZIT6Q, STM32U599ZIY6QTR, STM32U599ZJT6Q, STM32U599ZJY6QTR, STM32U5A5AJH6, STM32U5A5AJH6Q, STM32U5A5QII3Q , STM32U5A5QJI6, STM32U5A5QJI6Q, STM32U5A5RJT6, STM32U5A5RJT6Q, STM32U5A5VJT6, STM32U5A5VJT6Q, STM32U5A5ZJT6, STM32U5A5ZJT6Q, STM32U5A5ZJY6QTR, STM32U5A9BJY6QTR, STM32U5A9J-DK, STM32U5A9NJH6Q, STM32U5A9VJT6Q, STM32U5A9ZJT6Q, STM32U5A9ZJY6QTR, STM32U5F7VIT6, STM32U5F7VIT6Q, STM32U5F7VJT6, STM32U5F7VJT6Q, STM32U5F9BJY6QTR, STM32U5F9NJH6Q, STM32U5F9VIT6Q, STM32U5F9VJT6Q, STM32U5F9ZIJ6QTR, STM32U5F9ZIT6Q, STM32U5F9ZJJ6QTR, STM32U5F9ZJT6Q, STM32U5G7VJT6, STM32U5G7VJT6Q, STM32U5G9BJY6QTR, STM32U5G9J-DK1, STM32U5G9J-DK2, STM32U5G9NJH6Q, STM32U5G9VJT6Q, STM32U5G9ZJJ6QTR, STM32U5G9ZJT6Q, STM32WB05KZV6TR, STM32WB05KZV7TR, STM32WB05TZF6TR, STM32WB05TZF7TR, STM32WB06CCF6TR, STM32WB06CCF7TR, STM32WB06CCV6TR, STM32WB06CCV7TR, STM32WB06KCV6TR, STM32WB06KCV7TR, STM32WB07CCF6TR, STM32WB07CCF7TR, STM32WB07CCV6TR, STM32WB07CCV7TR, STM32WB07KCV6TR, STM32WB07KCV7TR, STM32WB09KEV6TR, STM32WB09KEV7TR, STM32WB09TEF6TR, STM32WB09TEF7TR, STM32WB1MMCH6, STM32WBA50KGU6, STM32WBA50KGU6TR, STM32WBA52CEU6, STM32WBA52CEU6TR, STM32WBA52CEU7, STM32WBA52CEU7TR, STM32WBA52CGU6, STM32WBA52CGU6TR, STM32WBA52CGU6U, STM32WBA52CGU7, STM32WBA52CGU7TR, STM32WBA52KEU6, STM32WBA52KEU6TR, STM32WBA52KGU6, STM32WBA52KGU6TR, STM32WBA54CEU6, STM32WBA54CEU6TR, STM32WBA54CEU7, STM32WBA54CEU7TR, STM32WBA54CGU6, STM32WBA54CGU6TR, STM32WBA54CGU7, STM32WBA54CGU7TR, STM32WBA54KEU6, STM32WBA54KEU6TR, STM32WBA54KEU7, STM32WBA54KEU7TR, STM32WBA54KGU6, STM32WBA54KGU6TR, STM32WBA54KGU7, STM32WBA54KGU7TR, STM32WBA55CEU6, STM32WBA55CEU6TR, STM32WBA55CEU7, STM32WBA55CEU7TR, STM32WBA55CGU6, STM32WBA55CGU6TR, STM32WBA55CGU6U, STM32WBA55CGU7, STM32WBA55CGU7TR, STM32WBA55G-DK1, STM32WBA55HEF6, STM32WBA55HEF7, STM32WBA55HGF6, STM32WBA55HGF7, STM32WBA55UEI6, STM32WBA55UEI6TR, STM32WBA55UEI7, STM32WBA55UEI7TR, STM32WBA55UGI6, STM32WBA55UGI6TR, STM32WBA55UGI7, STM32WBA55UGI7TR, STM32WBA5MMGH6TR, STM32WBA62MGF6, STM32WBA62MIF6, STM32WBA65MGF7, STM32WBA65MIF6, STM32WBA65MIF7, STM32WL30K8V6, STM32WL30KBV6, STM32WL31C8V6, STM32WL31CBV6, STM32WL31K8V6, STM32WL31KBV6, STM32WL33C8V6, STM32WL33C8V6X, STM32WL33CBV6, STM32WL33CBV6X, STM32WL33CCV6, STM32WL33CCV6A, STM32WL33CCV6X, STM32WL33K8V7, STM32WL33K8V7X, STM32WL33KBV7 , STM32WL33KBV7X, STM32WL33KCV7, STM32WL33KCV7X, STM32WL5MOCH6, STM32WL5MOCH6TR]
2025-10-11 14:36:15,494 [INFO] DbMcus:218 - Found 4801 MCUs, 4801 are supported
2025-10-11 14:36:15,495 [INFO] ApiDb:423 - Load user favorites file /home/traian/.stm32cubeide/favorites.mcus.txt: 0 item(s)
2025-10-11 14:36:15,495 [INFO] ApiDb:427 - User favorites MCUs=[]
2025-10-11 14:36:15,495 [INFO] DbMcus:224 - Set 0 / 0 favorites MCUs
2025-10-11 14:36:15,761 [INFO] ApiDb:668 - CubeFinder database Data Model version=2.1
2025-10-11 14:36:15,761 [INFO] ApiDb:669 - CubeFinder database Configuration version=3.0.39
2025-10-11 14:36:15,761 [INFO] ApiDb:670 - CubeFinder database generation date=2025-08-25 (1756130511)
2025-10-11 14:36:15,761 [INFO] ApiDb:671 - CubeFinder database FW Pack versions=[FP-ATR-ASTRA1_V2.0.0, FP-SNS-FLIGHT1_V5.1.0, FP-SNS-MOTENV1_V5.0.0, FP-SNS-MOTENVWB1_V1.4.0, FP-SNS-SMARTAG2_V1.2.0, FP-SNS-STBOX1_V2.1.0, STM32Cube_FW_C0_V1.4.0, STM32Cube_FW_F4_V1.28.3, STM32Cube_FW_F7_V1.17.4, STM32Cube_FW_G0_V1.6.2, STM32Cube_FW_G4_V1.6.1, STM32Cube_FW_H5_V1.5.0, STM32Cube_FW_H7RS_V1.2.0, STM32Cube_FW_H7_V1.12.1, STM32Cube_FW_L0_V1.12.2, STM32Cube_FW_L4_V1.18.1, STM32Cube_FW_L5_V1.5.1, STM32Cube_FW_N6_V1.2.0, STM32Cube_FW_U0_V1.3.0, STM32Cube_FW_U3_V1.2.0, STM32Cube_FW_U5_V1.8.0, STM32Cube_FW_WB0_V1.3.0, STM32Cube_FW_WBA_V1.7.0, STM32Cube_FW_WB_V1.23.0, STM32Cube_FW_WL3_V1.2.0, STM32Cube_FW_WL_V1.3.1, X-CUBE-ALGOBUILD_V1.4.0, X-CUBE-ALS_V1.0.2, X-CUBE-AZRTOS-F4_V1.1.0, X-CUBE-AZRTOS-F7_V1.1.0, X-CUBE-AZRTOS-G0_V1.1.0, X-CUBE-AZRTOS-G4_V2.0.0, X-CUBE-AZRTOS-H7RS_V1.1.0, X-CUBE-AZRTOS-H7_V3.4.0, X-CUBE-AZRTOS-L4_V2.0.0, X-CUBE-AZRTOS-L5_V2.0.0, X-CUBE-AZRTOS-WB_V2.0.0, X-CUBE-AZRTOS-WL_V2.0.0, X-CUBE-BLE1_V7.1.0, X-CUBE-BLE2_V3.3.0, X-CUBE-BLEMGR_V4.1.0, X-CUBE-EEPRMA1_V5.2.0, X-CUBE-FREERTOS_V1.3.1, X-CUBE-GNSS1_V6.0.0, X-CUBE-MEMS1_V11.3.0, X-CUBE-NFC4_V3.0.0, X-CUBE-NFC7_V2.0.0, X-CUBE-SFXS2LP1_V4.0.0, X-CUBE-ST67W61_V1.0.0, X-CUBE-SUBG2_V5.0.0, X-CUBE-TOF1_V3.4.3]
2025-10-11 14:36:15,786 [INFO] DbBoardsSqlite:226 - include board P-NUCLEO-WB55-NUCLEO as a kit item of type 'Nucleo-64'
2025-10-11 14:36:15,786 [INFO] DbBoardsSqlite:226 - include board P-NUCLEO-WB55-USBDONGLE as a kit item of type 'Nucleo USB Dongle'
2025-10-11 14:36:15,787 [INFO] DbBoardsSqlite:226 - include board STEVAL-IDP005V1 as a kit item of type 'Evaluation Board'
2025-10-11 14:36:15,787 [INFO] DbBoardsSqlite:226 - include board STEVAL-IDP005V2 as a kit item of type 'Evaluation Board'
2025-10-11 14:36:15,808 [INFO] ApiDb:240 - Found 880 in-development CPN: [B-G473E-ZEST1S, B-WB1M-WPAN1, B-WBA5M-WPAN, B-WL5M-SUBG1, NUCLEO-C031C6, NUCLEO-C051C8, NUCLEO-C071RB, NUCLEO-C092RC, NUCLEO-H503RB, NUCLEO-H533RE, NUCLEO-H563ZI, NUCLEO-H7S3L8, NUCLEO-N657X0-Q, NUCLEO-U031R8, NUCLEO-U083RC, NUCLEO-U385RG-Q, NUCLEO-U545RE-Q, NUCLEO-U5A5ZJ-Q, NUCLEO-WB05KZ, NUCLEO-WB07CC, NUCLEO-WB09KE, NUCLEO-WBA52CG, NUCLEO-WBA55CG, NUCLEO-WL33CC1, NUCLEO-WL33CC2, STEVAL-PROTEUS1, STEVAL-SMARTAG2, STEVAL-STWINBX1, STM320518-EVAL, STM32C0116-DK, STM32C011D6Y3TR, STM32C011D6Y6TR, STM32C011F4P3, STM32C011F4P6, STM32C011F4U3, STM32C011F4U6TR, STM32C011F6P3, STM32C011F6P6, STM32C011F6U3, STM32C011F6U6TR, STM32C011J4M3, STM32C011J4M6, STM32C011J6M3, STM32C011J6M6, STM32C0316-DK, STM32C031C4T3, STM32C031C4T6, STM32C031C4U3, STM32C031C4U6, STM32C031C6T3, STM32C031C6T6, STM32C031C6U3, STM32C031C6U6, STM32C031F4P3, STM32C031F4P6, STM32C031F6P3, STM32C031F6P6, STM32C031G4U3, STM32C031G4U6, STM32C031G6U3, STM32C031G6U6, STM32C031K4T3, STM32C031K4T6, STM32C031K4U3, STM32C031K4U6, STM32C031K6T3, STM32C031K6T6, STM32C031K6U3, STM32C031K6U6, STM32C051C6T6, STM32C051C6U6, STM32C051C8T6, STM32C051C8U6, STM32C051D8Y6TR, STM32C051F6P6, STM32C051F8P6, STM32C051G6U6, STM32C051G8U6, STM32C051K6T6, STM32C051K6U6, STM32C051K8T6, STM32C071C8T6, STM32C071C8T6N, STM32C071C8U6, STM32C071C8U6N, STM32C071CBT6, STM32C071CBT6N, STM32C071CBU6, STM32C071CBU6N, STM32C071F8P6, STM32C071F8P6N, STM32C071FBP6, STM32C071FBP6N, STM32C071FBY6TR, STM32C071G8U6, STM32C071G8U6N, STM32C071GBU6, STM32C071GBU6N, STM32C071K8T6, STM32C071K8T6N, STM32C071K8U6, STM32C071K8U6N, STM32C071KBT6, STM32C071KBT6N, STM32C071KBU6, STM32C071KBU6N, STM32C071R8T6, STM32C071R8T6N, STM32C071RBI6N, STM32C071RBT6, STM32C071RBT6N, STM32C091CBT6, STM32C091CBU6, STM32C091CCT6, STM32C091CCU6, STM32C091ECY6TR, STM32C091FBP6, STM32C091FCP6, STM32C091GBU6, STM32C091GCU6, STM32C091KBT6, STM32C091KBU6, STM32C091KCT6, STM32C091KCU6, STM32C091RBT6, STM32C091RCI6, STM32C091RCT6, STM32C092CBT6, STM32C092CBU6, STM32C092CCT6, STM32C092CCU6, STM32C092ECY6TR, STM32C092FBP6, STM32C092FCP6, STM32C092GBU6, STM32C092GCU6, STM32C092KBT6, STM32C092KBU6, STM32C092KCT6, STM32C092KCU6, STM32C092RBT6, STM32C092RCI6, STM32C092RCT6, STM32G071K8TXN, STM32G071K8UXN, STM32G081GBU6N, STM32G081KBT6N, STM32G081KBUXN, STM32G0B1CCT6N, STM32G0B1KCT6, STM32G0B1NEY6TR, STM32G0B1RCT6N, STM32G0C1CCT6, STM32G0C1CCT6N, STM32G0C1CCU6N, STM32G0C1CET6N, STM32G0C1CEU6N, STM32G0C1KCT6, STM32G0C1NEY6TR, STM32G0C1RCI6N, STM32G0C1RCT6N, STM32G0C1REI6N, STM32G0C1RET6N, STM32G0C1VCI6, STM32G0C1VEI6, STM32G411C6T3, STM32G411C6T6, STM32G411C6U3, STM32G411C6U6, STM32G411C8T3, STM32G411C8T6, STM32G411C8U3, STM32G411C8U6, STM32G411CBT3, STM32G411CBT6, STM32G411CBU3, STM32G411CBU6, STM32G411K6T3, STM32G411K6T6, STM32G411K6U3, STM32G411K6U6, STM32G411K8T3, STM32G411K8T6, STM32G411K8U3, STM32G411K8U6, STM32G411KBT3, STM32G411KBT6, STM32G411KBU3, STM32G411KBU6, STM32G411M6T3, STM32G411M6T6, STM32G411M8T3, STM32G411M8T6, STM32G411MBT3, STM32G411MBT6, STM32G411R6T3, STM32G411R6T6, STM32G411R8T3, STM32G411R8T6, STM32G411RBT3, STM32G411RBT6, STM32G414CBT3, STM32G414CBT6, STM32G414CBU3, STM32G414CBU6, STM32G414CCT3, STM32G414CCT6, STM32G414CCU3, STM32G414CCU6, STM32G414MBT3, STM32G414MBT6, STM32G414MCT3, STM32G414MCT6, STM32G414RBT3, STM32G414RBT6, STM32G414RCT3, STM32G414RCT6, STM32G414VBT3, STM32G414VBT6, STM32G414VCT3, STM32G414VCT6, STM32G431CBT3Z, STM32G431RBT3Z, STM32G471CCT6, STM32G471CCU6, STM32G471CET3, STM32G471CET6, STM32G471CEU3, STM32G471CEU6, STM32G471MCT6, STM32G471MET3, STM32G471MET6, STM32G471MEY6TR, STM32G471QCT6, STM32G471QET3, STM32G471RCT6, STM32G471RET3, STM32G471RET6, STM32G471VCH6, STM32G471VCI6, STM32G471VCT6, STM32G471VEH3, STM32G471VEH6, STM32G471VEI3, STM32G471VEI6, STM32G471VET3, STM32G471VET6, STM32G473QET3Z, STM32G473RET3Z, STM32G474CCT6, STM32G491RET3Z, STM32H503CBT6, STM32H503CBU6, STM32H503EBY6TR, STM32H503KBU6, STM32H503RBT6, STM32H523CCT6, STM32H523CCU6, STM32H523CET6, STM32H523CEU6, STM32H523HEY6TR, STM32H523RCT6, STM32H523RET6, STM32H523VCI6, STM32H523VCT6, STM32H523VEI6, STM32H523VET6, STM32H523ZCJ6, STM32H523ZCT6, STM32H523ZEJ6, STM32H523ZET6, STM32H533CET6, STM32H533CEU6, STM32H533HEY6TR, STM32H533RET6, STM32H533VEI6, STM32H533VET6, STM32H533ZEJ6, STM32H533ZET6, STM32H562AGI6, STM32H562AII6, STM32H562IGK6, STM32H562IGT6, STM32H562IIK6, STM32H562IIT6, STM32H562RGT6, STM32H562RGV6, STM32H562RIT6, STM32H562RIV6, STM32H562VGT6, STM32H562VIT6, STM32H562ZGT6, STM32H562ZIT6, STM32H563AGI6, STM32H563AII3Q, STM32H563AII6, STM32H563IGK6, STM32H563IGT6, STM32H563IIK3Q, STM32H563IIK6, STM32H563IIT3Q, STM32H563IIT6, STM32H563MIY3QTR, STM32H563RGT6, STM32H563RGV6, STM32H563RIT6, STM32H563RIV6, STM32H563VGT6, STM32H563VIT3Q, STM32H563VIT6, STM32H563ZGT6, STM32H563ZIT3Q, STM32H563ZIT6, STM32H573AII3Q, STM32H573AII6, STM32H573I-DK, STM32H573IIK3Q, STM32H573IIK6, STM32H573IIT3Q, STM32H573IIT6, STM32H573MIY3QTR, STM32H573RIT6, STM32H573RIV6, STM32H573VIT3Q, STM32H573VIT6, STM32H573ZIT3Q, STM32H573ZIT6, STM32H7R3A8I6, STM32H7R3I8K6, STM32H7R3I8T6, STM32H7R3L8H6, STM32H7R3L8H6H, STM32H7R3R8V6, STM32H7R3V8H6, STM32H7R3V8T6, STM32H7R3V8Y6TR, STM32H7R3Z8J6, STM32H7R3Z8T6, STM32H7R7A8I6, STM32H7R7I8K6, STM32H7R7I8T6, STM32H7R7L8H6, STM32H7R7L8H6H, STM32H7R7Z8J6, STM32H7S3A8I6, STM32H7S3I8K6, STM32H7S3I8T6, STM32H7S3L8H6, STM32H7S3L8H6H, STM32H7S3R8V6, STM32H7S3V8H6, STM32H7S3V8T6, STM32H7S3V8Y6TR, STM32H7S3Z8J6, STM32H7S3Z8T6, STM32H7S78-DK, STM32H7S7A8I6, STM32H7S7I8K6, STM32H7S7I8T6, STM32H7S7L8H6, STM32H7S7L8H6H, STM32H7S7Z8J6, STM32L4R5QGI6STR, STM32MP131AAE3, STM32MP131AAF3, STM32MP131AAG3, STM32MP131CAE3, STM32MP131CAF3, STM32MP131CAG3, STM32MP131DAE7, STM32MP131DAF7, STM32MP131DAG7, STM32MP131FAE7, STM32MP131FAF7, STM32MP131FAG7, STM32MP133AAE3, STM32MP133AAF3, STM32MP133AAG3, STM32MP133CAE3, STM32MP133CAF3, STM32MP133CAG3, STM32MP133DAE7, STM32MP133DAF7, STM32MP133DAG7, STM32MP133FAE7, STM32MP133FAF7, STM32MP133FAG7, STM32MP135AAE3, STM32MP135AAF3, STM32MP135AAG3, STM32MP135CAE3, STM32MP135CAF3, STM32MP135CAG3, STM32MP135DAE7, STM32MP135DAF7, STM32MP135DAG7, STM32MP135F-DK, STM32MP135FAE7, STM32MP135FAF7, STM32MP135FAF7T, STM32MP135FAF7U, STM32MP135FAG7, STM32MP211AAL3, STM32MP211AAM3, STM32MP211AAN3, STM32MP211AAO3, STM32MP211CAL3, STM32MP211CAM3, STM32MP211CAN3, STM32MP211CAO3, STM32MP211DAL3, STM32MP211DAM3, STM32MP211DAN3, STM32MP211DAO3, STM32MP211FAL3, STM32MP211FAM3, STM32MP211FAN3, STM32MP211FAO3, STM32MP213AAL3, STM32MP213AAM3, STM32MP213AAN3, STM32MP213AAO3, STM32MP213CAL3, STM32MP213CAM3, STM32MP213CAN3, STM32MP213CAO3, STM32MP213DAL3, STM32MP213DAM3, STM32MP213DAN3, STM32MP213DAO3, STM32MP213FAL3, STM32MP213FAM3, STM32MP213FAN3, STM32MP213FAO3, STM32MP215AAL3, STM32MP215AAM3, STM32MP215AAN3, STM32MP215AAO3, STM32MP215CAL3, STM32MP215CAM3, STM32MP215CAN3, STM32MP215CAO3, STM32MP215DAL3, STM32MP215DAM3, STM32MP215DAN3, STM32MP215DAO3, STM32MP215F-DK, STM32MP215FAL3, STM32MP215FAM3, STM32MP215FAN3, STM32MP215FAO3, STM32MP231AAJ3, STM32MP231AAK3, STM32MP231AAL3, STM32MP231CAJ3, STM32MP231CAK3, STM32MP231CAL3, STM32MP231DAJ3, STM32MP231DAK3, STM32MP231DAL3, STM32MP231FAJ3, STM32MP231FAK3, STM32MP231FAL3, STM32MP233AAJ3, STM32MP233AAK3, STM32MP233AAL3, STM32MP233CAJ3, STM32MP233CAK3, STM32MP233CAL3, STM32MP233DAJ3, STM32MP233DAK3, STM32MP233DAL3, STM32MP233FAJ3, STM32MP233FAK3, STM32MP233FAL3, STM32MP235AAJ3, STM32MP235AAK3, STM32MP235AAL3, STM32MP235CAJ3, STM32MP235CAK3, STM32MP235CAL3, STM32MP235DAJ3, STM32MP235DAK3, STM32MP235DAL3, STM32MP235FAJ3, STM32MP235FAK3, STM32MP235FAL3, STM32MP251AAI3, STM32MP251AAK3, STM32MP251AAL3, STM32MP251CAI3, STM32MP251CAK3, STM32MP251CAL3, STM32MP251DAI3, STM32MP251DAK3, STM32MP251DAL3, STM32MP251FAI3, STM32MP251FAK3, STM32MP251FAL3, STM32MP253AAI3, STM32MP253AAK3, STM32MP253AAL3, STM32MP253CAI3, STM32MP253CAK3, STM32MP253CAL3, STM32MP253DAI3, STM32MP253DAK3, STM32MP253DAL3, STM32MP253FAI3, STM32MP253FAK3, STM32MP253FAL3, STM32MP255AAI3, STM32MP255AAK3, STM32MP255AAL3, STM32MP255CAI3, STM32MP255CAK3, STM32MP255CAL3, STM32MP255DAI3, STM32MP255DAK3, STM32MP255DAL3, STM32MP255FAI3, STM32MP255FAK3, STM32MP255FAL3, STM32MP257AAI3, STM32MP257AAK3, STM32MP257AAL3, STM32MP257CAI3, STM32MP257CAK3, STM32MP257CAL3, STM32MP257DAI3, STM32MP257DAK3, STM32MP257DAL3, STM32MP257F-DK, STM32MP257F-EV1, STM32MP257FAI3, STM32MP257FAK3, STM32MP257FAL3, STM32N645A0H3Q, STM32N645B0H3Q, STM32N645I0H3Q, STM32N645L0H3Q, STM32N645X0H3Q, STM32N645Z0H3Q, STM32N647A0H3Q, STM32N647B0H3Q, STM32N647I0H3Q, STM32N647L0H3Q, STM32N647X0H3Q, STM32N647Z0H3Q, STM32N655A0H3Q, STM32N655B0H3Q, STM32N655I0H3Q, STM32N655L0H3Q, STM32N655X0H3Q, STM32N655Z0H3Q, STM32N6570-DK, STM32N657A0H3Q, STM32N657B0H3Q, STM32N657I0H3Q, STM32N657L0H3Q, STM32N657X0H3Q, STM32N657Z0H3Q, STM32U031C6T6, STM32U031C6U6, STM32U031C8T6, STM32U031C8U6, STM32U031F4P6, STM32U031F6P6, STM32U031F8P6, STM32U031G6Y6TR, STM32U031G8Y6TR, STM32U031K4U6, STM32U031K6U6, STM32U031K8U6, STM32U031R6I6, STM32U031R6T6, STM32U031R8I6, STM32U031R8T6, STM32U073C8T6, STM32U073C8U6, STM32U073CBT6, STM32U073CBU6, STM32U073CCT6, STM32U073CCU6, STM32U073H8Y6TR, STM32U073HBY6TR, STM32U073HCY6TR, STM32U073K8U6, STM32U073KBU6, STM32U073KCU6, STM32U073M8I6, STM32U073M8T6, STM32U073MBI6, STM32U073MBT6, STM32U073MCI6, STM32U073MCT6, STM32U073R8I6, STM32U073R8T6, STM32U073RBI6, STM32U073RBT6, STM32U073RCI6, STM32U073RCT6, STM32U083C-DK, STM32U083CCT6, STM32U083CCU6, STM32U083HCY6TR, STM32U083KCU6, STM32U083MCI6, STM32U083MCT6, STM32U083RCI6, STM32U083RCT6, STM32U375CET6, STM32U375CET6Q, STM32U375CEU6, STM32U375CEU6Q, STM32U375CEY6QTR, STM32U375CGT6, STM32U375CGT6Q, STM32U375CGU6, STM32U375CGU6Q, STM32U375CGY6QTR, STM32U375KEU6, STM32U375KGU6, STM32U375REI6, STM32U375REI6Q, STM32U375RET6, STM32U375RET6Q, STM32U375REY6GTR, STM32U375REY6QTR, STM32U375RGI6, STM32U375RGI6Q, STM32U375RGT6, STM32U375RGT6Q, STM32U375RGY6GTR, STM32U375RGY6QTR, STM32U375VEI6, STM32U375VEI6Q, STM32U375VET6, STM32U375VET6Q, STM32U375VGI6, STM32U375VGI6Q, STM32U375VGT6, STM32U375VGT6Q, STM32U385CGT6, STM32U385CGT6Q, STM32U385CGU6, STM32U385CGU6Q, STM32U385CGY6QTR, STM32U385KGU6, STM32U385RGI6, STM32U385RGI6Q, STM32U385RGT6, STM32U385RGT6Q, STM32U385RGY6GTR, STM32U385RGY6QTR, STM32U385VGI6, STM32U385VGI6Q, STM32U385VGT6, STM32U385VGT6Q, STM32U535CBT6, STM32U535CBT6Q, STM32U535CBU6, STM32U535CBU6Q, STM32U535CCT6, STM32U535CCT6Q, STM32U535CCU6, STM32U535CCU6Q, STM32U535CET6, STM32U535CET6Q, STM32U535CEU6, STM32U535CEU6Q, STM32U535JEY6QTR, STM32U535NCY6QTR, STM32U535NEY6QTR, STM32U535RBI6, STM32U535RBI6Q, STM32U535RBT6, STM32U535RBT6Q, STM32U535RCI6, STM32U535RCI6Q, STM32U535RCT6, STM32U535RCT6Q, STM32U535REI6, STM32U535REI6Q, STM32U535RET6, STM32U535RET6Q, STM32U535VCI6, STM32U535VCI6Q, STM32U535VCT6, STM32U535VCT6Q, STM32U535VEI6, STM32U535VEI6Q, STM32U535VET6, STM32U535VET6Q, STM32U545CET6, STM32U545CET6Q, STM32U545CEU6, STM32U545CEU6Q, STM32U545JEY6QTR, STM32U545NEY6QTR, STM32U545REI6, STM32U545REI6Q, STM32U545RET6, STM32U545RET6Q, STM32U545VEI6, STM32U545VEI6Q, STM32U545VET6, STM32U545VET6Q, STM32U595AIH6, STM32U595AIH6Q, STM32U595AJH6, STM32U595AJH6Q, STM32U595QII6, STM32U595QII6Q, STM32U595QJI6, STM32U595QJI6Q, STM32U595RIT6, STM32U595RIT6Q, STM32U595RJT6, STM32U595RJT6Q, STM32U595VIT6, STM32U595VIT6Q, STM32U595VJT6, STM32U595VJT6Q, STM32U595ZIT6, STM32U595ZIT6Q, STM32U595ZIY6QTR, STM32U595ZJT6, STM32U595ZJT6Q, STM32U595ZJY6QTR, STM32U599BJY6QTR, STM32U599NIH6Q, STM32U599NJH6Q, STM32U599VIT6Q, STM32U599VJT6, STM32U599VJT6Q, STM32U599ZIT6Q, STM32U599ZIY6QTR, STM32U599ZJT6Q, STM32U599ZJY6QTR, STM32U5A5AJH6, STM32U5A5AJH6Q, STM32U5A5QII3Q , STM32U5A5QJI6, STM32U5A5QJI6Q, STM32U5A5RJT6, STM32U5A5RJT6Q, STM32U5A5VJT6, STM32U5A5VJT6Q, STM32U5A5ZJT6, STM32U5A5ZJT6Q, STM32U5A5ZJY6QTR, STM32U5A9BJY6QTR, STM32U5A9J-DK, STM32U5A9NJH6Q, STM32U5A9VJT6Q, STM32U5A9ZJT6Q, STM32U5A9ZJY6QTR, STM32U5F7VIT6, STM32U5F7VIT6Q, STM32U5F7VJT6, STM32U5F7VJT6Q, STM32U5F9BJY6QTR, STM32U5F9NJH6Q, STM32U5F9VIT6Q, STM32U5F9VJT6Q, STM32U5F9ZIJ6QTR, STM32U5F9ZIT6Q, STM32U5F9ZJJ6QTR, STM32U5F9ZJT6Q, STM32U5G7VJT6, STM32U5G7VJT6Q, STM32U5G9BJY6QTR, STM32U5G9J-DK1, STM32U5G9J-DK2, STM32U5G9NJH6Q, STM32U5G9VJT6Q, STM32U5G9ZJJ6QTR, STM32U5G9ZJT6Q, STM32WB05KZV6TR, STM32WB05KZV7TR, STM32WB05TZF6TR, STM32WB05TZF7TR, STM32WB06CCF6TR, STM32WB06CCF7TR, STM32WB06CCV6TR, STM32WB06CCV7TR, STM32WB06KCV6TR, STM32WB06KCV7TR, STM32WB07CCF6TR, STM32WB07CCF7TR, STM32WB07CCV6TR, STM32WB07CCV7TR, STM32WB07KCV6TR, STM32WB07KCV7TR, STM32WB09KEV6TR, STM32WB09KEV7TR, STM32WB09TEF6TR, STM32WB09TEF7TR, STM32WB1MMCH6, STM32WBA50KGU6, STM32WBA50KGU6TR, STM32WBA52CEU6, STM32WBA52CEU6TR, STM32WBA52CEU7, STM32WBA52CEU7TR, STM32WBA52CGU6, STM32WBA52CGU6TR, STM32WBA52CGU6U, STM32WBA52CGU7, STM32WBA52CGU7TR, STM32WBA52KEU6, STM32WBA52KEU6TR, STM32WBA52KGU6, STM32WBA52KGU6TR, STM32WBA54CEU6, STM32WBA54CEU6TR, STM32WBA54CEU7, STM32WBA54CEU7TR, STM32WBA54CGU6, STM32WBA54CGU6TR, STM32WBA54CGU7, STM32WBA54CGU7TR, STM32WBA54KEU6, STM32WBA54KEU6TR, STM32WBA54KEU7, STM32WBA54KEU7TR, STM32WBA54KGU6, STM32WBA54KGU6TR, STM32WBA54KGU7, STM32WBA54KGU7TR, STM32WBA55CEU6, STM32WBA55CEU6TR, STM32WBA55CEU7, STM32WBA55CEU7TR, STM32WBA55CGU6, STM32WBA55CGU6TR, STM32WBA55CGU6U, STM32WBA55CGU7, STM32WBA55CGU7TR, STM32WBA55G-DK1, STM32WBA55HEF6, STM32WBA55HEF7, STM32WBA55HGF6, STM32WBA55HGF7, STM32WBA55UEI6, STM32WBA55UEI6TR, STM32WBA55UEI7, STM32WBA55UEI7TR, STM32WBA55UGI6, STM32WBA55UGI6TR, STM32WBA55UGI7, STM32WBA55UGI7TR, STM32WBA5MMGH6TR, STM32WBA62MGF6, STM32WBA62MIF6, STM32WBA65MGF7, STM32WBA65MIF6, STM32WBA65MIF7, STM32WL30K8V6, STM32WL30KBV6, STM32WL31C8V6, STM32WL31CBV6, STM32WL31K8V6, STM32WL31KBV6, STM32WL33C8V6, STM32WL33C8V6X, STM32WL33CBV6, STM32WL33CBV6X, STM32WL33CCV6, STM32WL33CCV6A, STM32WL33CCV6X, STM32WL33K8V7, STM32WL33K8V7X, STM32WL33KBV7 , STM32WL33KBV7X, STM32WL33KCV7, STM32WL33KCV7X, STM32WL5MOCH6, STM32WL5MOCH6TR]
2025-10-11 14:36:15,882 [INFO] BoardInfo:889 - No configuration file found for board P-NUCLEO-WB55
2025-10-11 14:36:15,882 [INFO] DbBoards:161 - Kit is not supported: P-NUCLEO-WB55
2025-10-11 14:36:15,885 [INFO] BoardInfo:889 - No configuration file found for board STEVAL-BFA001V1B
2025-10-11 14:36:15,885 [INFO] DbBoards:161 - Kit is not supported: STEVAL-BFA001V1B
2025-10-11 14:36:15,885 [INFO] BoardInfo:889 - No configuration file found for board STEVAL-BFA001V2B
2025-10-11 14:36:15,886 [INFO] DbBoards:161 - Kit is not supported: STEVAL-BFA001V2B
2025-10-11 14:36:15,947 [INFO] DbBoards:168 - Found 212 boards, 209 are supported
2025-10-11 14:36:15,947 [INFO] DbBoards:169 - Found 212 boards, 43 of them is supported for  Bsp
2025-10-11 14:36:15,951 [INFO] ApiDb:423 - Load user favorites file /home/traian/.stm32cubeide/favorites.boards.txt: 1 item(s)
2025-10-11 14:36:15,951 [INFO] ApiDb:427 - User favorites Boards=[STM32F407G-DISC1]
2025-10-11 14:36:15,951 [INFO] DbBoards:198 - Set 1 / 1 favorites Boards
2025-10-11 14:36:15,953 [INFO] ApiDb:668 - CubeFinder database Data Model version=2.1
2025-10-11 14:36:15,953 [INFO] ApiDb:669 - CubeFinder database Configuration version=3.0.39
2025-10-11 14:36:15,953 [INFO] ApiDb:670 - CubeFinder database generation date=2025-08-25 (1756130511)
2025-10-11 14:36:15,953 [INFO] ApiDb:671 - CubeFinder database FW Pack versions=[FP-ATR-ASTRA1_V2.0.0, FP-SNS-FLIGHT1_V5.1.0, FP-SNS-MOTENV1_V5.0.0, FP-SNS-MOTENVWB1_V1.4.0, FP-SNS-SMARTAG2_V1.2.0, FP-SNS-STBOX1_V2.1.0, STM32Cube_FW_C0_V1.4.0, STM32Cube_FW_F4_V1.28.3, STM32Cube_FW_F7_V1.17.4, STM32Cube_FW_G0_V1.6.2, STM32Cube_FW_G4_V1.6.1, STM32Cube_FW_H5_V1.5.0, STM32Cube_FW_H7RS_V1.2.0, STM32Cube_FW_H7_V1.12.1, STM32Cube_FW_L0_V1.12.2, STM32Cube_FW_L4_V1.18.1, STM32Cube_FW_L5_V1.5.1, STM32Cube_FW_N6_V1.2.0, STM32Cube_FW_U0_V1.3.0, STM32Cube_FW_U3_V1.2.0, STM32Cube_FW_U5_V1.8.0, STM32Cube_FW_WB0_V1.3.0, STM32Cube_FW_WBA_V1.7.0, STM32Cube_FW_WB_V1.23.0, STM32Cube_FW_WL3_V1.2.0, STM32Cube_FW_WL_V1.3.1, X-CUBE-ALGOBUILD_V1.4.0, X-CUBE-ALS_V1.0.2, X-CUBE-AZRTOS-F4_V1.1.0, X-CUBE-AZRTOS-F7_V1.1.0, X-CUBE-AZRTOS-G0_V1.1.0, X-CUBE-AZRTOS-G4_V2.0.0, X-CUBE-AZRTOS-H7RS_V1.1.0, X-CUBE-AZRTOS-H7_V3.4.0, X-CUBE-AZRTOS-L4_V2.0.0, X-CUBE-AZRTOS-L5_V2.0.0, X-CUBE-AZRTOS-WB_V2.0.0, X-CUBE-AZRTOS-WL_V2.0.0, X-CUBE-BLE1_V7.1.0, X-CUBE-BLE2_V3.3.0, X-CUBE-BLEMGR_V4.1.0, X-CUBE-EEPRMA1_V5.2.0, X-CUBE-FREERTOS_V1.3.1, X-CUBE-GNSS1_V6.0.0, X-CUBE-MEMS1_V11.3.0, X-CUBE-NFC4_V3.0.0, X-CUBE-NFC7_V2.0.0, X-CUBE-SFXS2LP1_V4.0.0, X-CUBE-ST67W61_V1.0.0, X-CUBE-SUBG2_V5.0.0, X-CUBE-TOF1_V3.4.3]
2025-10-11 14:36:16,314 [ERROR] DbExamplesSqlite:437 - Missing JSON key: board_cpn
2025-10-11 14:36:16,315 [ERROR] DbExamplesSqlite:437 - Missing JSON key: board_cpn
2025-10-11 14:36:16,315 [ERROR] DbExamplesSqlite:437 - Missing JSON key: board_cpn
2025-10-11 14:36:16,315 [ERROR] DbExamplesSqlite:437 - Missing JSON key: board_cpn
2025-10-11 14:36:16,483 [ERROR] DbExamplesSqlite:437 - Missing JSON key: board_cpn
2025-10-11 14:36:16,484 [ERROR] DbExamplesSqlite:437 - Missing JSON key: board_cpn
2025-10-11 14:36:16,485 [INFO] DbExamplesSqlite:395 - Ignored 33 examples not supported by CubeIDE
2025-10-11 14:36:16,486 [INFO] DbExamplesSqlite:396 - Found 10871 examples active
2025-10-11 14:36:16,486 [INFO] DbExamplesSqlite:397 - Found 0 examples obsolete
2025-10-11 14:36:16,486 [INFO] DbExamplesSqlite:398 - Found 0 examples under development
2025-10-11 14:36:16,486 [INFO] DbExamplesSqlite:399 - Found 65 examples not building
2025-10-11 14:36:16,488 [INFO] DbExamples:125 - Found 10903 examples
2025-10-11 14:36:16,497 [INFO] DbExamples:222 - Found 134 boards with related examples
2025-10-11 14:36:16,498 [INFO] DbExamples:235 - Found 111 MCUs with related examples
2025-10-11 14:36:16,513 [INFO] ApiDb:414 - User favorites file not found: /home/traian/.stm32cubeide/favorites.examples.txt
2025-10-11 14:36:16,514 [INFO] DbExamples:250 - Set 0 / 0 favorites Examples
2025-10-11 14:36:16,578 [INFO] McuFinderGlobals:76 - Set McuFinderConnectedMode to true
2025-10-11 14:36:16,583 [INFO] MultiScanPanel:200 - Auto-refresh data requested => check proxy status ongoing
2025-10-11 14:36:16,585 [INFO] FinderPluginLoader:96 - Searching for filters in installed packs
2025-10-11 14:36:17,283 [INFO] LoadUrlFilesThread:185 - End of LoadServerUrlFiles without Thread
2025-10-11 14:36:17,308 [INFO] DetailPanel:341 - Set advertising image to /home/traian/STM32Cube/Repository//en.mcu-finder-stm32n6dk.jpg
2025-10-11 14:36:20,061 [INFO] MultiScanPanel:200 - Auto-refresh data requested => check proxy status ongoing
2025-10-11 14:36:20,150 [INFO] LoadUrlFilesThread:185 - End of LoadServerUrlFiles without Thread
2025-10-11 14:36:20,150 [INFO] DetailPanel:341 - Set advertising image to /home/traian/STM32Cube/Repository//en.mcu-finder-stm32n6dk.jpg
2025-10-11 14:36:20,162 [INFO] DbBoards:642 - Loading board mini-images...
2025-10-11 14:36:21,398 [ERROR] DbBoards:659 - Image file not found for board STM32MP215F-DK: /home/traian/.stmcufinder/plugins/mcufinder//mcu//boards_images/STM32MP215F-DK.jpg
2025-10-11 14:36:21,470 [INFO] DbBoards:665 - Loaded 211 board mini-images
2025-10-11 14:36:55,902 [INFO] BoardResultTable:719 - Mark Board NUCLEO-U575ZI-Q as favorite
2025-10-11 14:37:31,908 [INFO] MainUpdater:2872 - connection check result : 10
2025-10-11 14:37:31,908 [INFO] MainUpdater:2872 - connection check result : 10
2025-10-11 14:37:31,940 [INFO] MicroXplorer:468 - Change Database Path : 
2025-10-11 14:37:31,940 [INFO] MicroXplorer:498 - Change Database Version : DB.6.0.150
2025-10-11 14:37:31,949 [WARN] ThirdParty:871 - waiting for thirdparty lock release [close project]
2025-10-11 14:37:31,949 [INFO] ThirdParty:873 - entering critical section [close project]
2025-10-11 14:37:31,951 [INFO] ThirdParty:883 - exiting critical section [close project]
2025-10-11 14:37:31,956 [INFO] PinOutPanel:1589 - setPackage(No Configuration,No Configuration)
2025-10-11 14:37:31,958 [INFO] UtilMem:75 - Begin LoadConfig() Used Memory: 1031798784 Bytes (1073741824)
2025-10-11 14:37:31,964 [INFO] OpenFileManager:355 - Change cursor
2025-10-11 14:37:32,016 [INFO] Mcu:2029 - Initializing MCU STM32U575ZITxQ STM32U575ZITxQ STM32U575ZIT6Q
2025-10-11 14:37:34,110 [INFO] Context:786 - Trying to add GPIOservice into a context  which must be forbidden
2025-10-11 14:37:34,111 [INFO] Context:786 - Trying to add GPIOservice into a context  which must be forbidden
2025-10-11 14:37:35,598 [INFO] Rule:233 - rule Adapt Old IOC before rework replace old CORTEX_M33/CORTEX_M55 attributes by the new one. is applicable
2025-10-11 14:37:35,598 [INFO] Rule:233 - rule Rename parametre of RCC RCC_APBDBG_DIV2 to RCC_TIMPRES_DIV2 is applicable
2025-10-11 14:37:35,598 [INFO] Rule:233 - rule Rename DIE493 pin PA10 [PA12] -> PA10 is applicable
2025-10-11 14:37:35,598 [INFO] Rule:233 - rule Rename DIE493 pin PA9 [PA11] -> PA9 is applicable
2025-10-11 14:37:35,598 [INFO] Rule:233 - rule Rename DIE492 PartNumber CPN STM32WBA5MJGHx -> STM32WBA5MMGHx is applicable
2025-10-11 14:37:35,598 [INFO] Rule:233 - rule Rename DIE492 PartNumber  Name STM32WBA5MJGHx -> STM32WBA5MMGHx is applicable
2025-10-11 14:37:35,598 [INFO] Rule:233 - rule Rename DIE492 PartNumber UserName STM32WBA5MJGHx -> STM32WBA5MMGHx is applicable
2025-10-11 14:37:35,598 [INFO] Rule:233 - rule Rename DIE492 PartNumber DeviceId STM32WBA5MJGHx -> STM32WBA5MMGHx is applicable
2025-10-11 14:37:35,598 [INFO] Rule:233 - rule Adapt Old IOC CSI. is applicable
2025-10-11 14:37:35,598 [INFO] Rule:233 - rule Adapt Old IOC DCMIPP. is applicable
2025-10-11 14:37:35,598 [INFO] Rule:233 - rule Adapt Old IOC DCMIPP Mode Parallel. is applicable
2025-10-11 14:37:35,598 [INFO] Rule:233 - rule Adapt Old IOC LTDC. is applicable
2025-10-11 14:37:35,598 [INFO] Rule:233 - rule Rename STM32MP2 RIF Peripheral LTDC RIF.RISUP.LTDC_L0L1.Privilege -> RIF.RISUP.LTDC_L1L2.Privilege is applicable
2025-10-11 14:37:35,598 [INFO] Rule:233 - rule Rename STM32MP2 RIF Peripheral LTDC RIF.RISUP.LTDC_L0L1.Privilege -> RIF.RISUP.LTDC_L1L2.Privilege is applicable
2025-10-11 14:37:35,598 [INFO] Rule:233 - rule Rename STM32MP2 RIF Peripheral LTDC RIF.RISUP.LTDC_L0L1.Lock -> RIF.RISUP.LTDC_L1L2.Lock is applicable
2025-10-11 14:37:35,598 [INFO] Rule:233 - rule Rename STM32MP2 RIF Peripheral LTDC RIF.RISUP.LTDC_L2.Lock -> RIF.RISUP.LTDC_L3.Lock is applicable
2025-10-11 14:37:35,598 [INFO] Rule:233 - rule Adapt the old IOC example for updating the SYS when it is misconfigured. is applicable
2025-10-11 14:37:35,598 [INFO] Rule:233 - rule Rename STM32C09 Mcu.Package LQFP64 -> LQFP48 is applicable
2025-10-11 14:37:35,598 [INFO] Rule:233 - rule Adapt the old IOC example for updating the SYS when it is misconfigured. is applicable
2025-10-11 14:37:35,598 [INFO] Rule:233 - rule Adapt the old IOC example for updating the SYS when it is misconfigured. is applicable
2025-10-11 14:37:35,601 [INFO] DbConfProperties:307 - Apply Compatibility (5/20 Rules)
2025-10-11 14:37:35,643 [INFO] ApiDbMcu:532 - Load IP Config File for NUCLEO-U575ZI-Q
2025-10-11 14:37:35,720 [INFO] ImportTextPane:234 - (OptionalMessage_ERROR) Pin20 (VP_RIF_VS_RIF1) cannot be retrieved for this MCU
2025-10-11 14:37:35,826 [WARN] ModelIntegratedComponent:63 - No mode defined for component null
2025-10-11 14:37:35,826 [WARN] ModelIntegratedComponent:63 - No mode defined for component null
2025-10-11 14:37:35,826 [WARN] ModelIntegratedComponent:63 - No mode defined for component null
2025-10-11 14:37:35,826 [WARN] ModelIntegratedComponent:63 - No mode defined for component null
2025-10-11 14:37:35,826 [WARN] ModelIntegratedComponent:63 - No mode defined for component null
2025-10-11 14:37:35,826 [WARN] ModelIntegratedComponent:63 - No mode defined for component null
2025-10-11 14:37:35,826 [WARN] ModelIntegratedComponent:63 - No mode defined for component null
2025-10-11 14:37:35,826 [WARN] ModelIntegratedComponent:63 - No mode defined for component null
2025-10-11 14:37:35,826 [WARN] ModelIntegratedComponent:63 - No mode defined for component null
2025-10-11 14:37:35,826 [WARN] ModelIntegratedComponent:63 - No mode defined for component null
2025-10-11 14:37:35,826 [WARN] ModelIntegratedComponent:63 - No mode defined for component null
2025-10-11 14:37:35,826 [WARN] ModelIntegratedComponent:63 - No mode defined for component null
2025-10-11 14:37:35,826 [WARN] ModelIntegratedComponent:63 - No mode defined for component null
2025-10-11 14:37:35,826 [WARN] ModelIntegratedComponent:63 - No mode defined for component null
2025-10-11 14:37:35,826 [WARN] ModelIntegratedComponent:63 - No mode defined for component null
2025-10-11 14:37:35,826 [WARN] ModelIntegratedComponent:63 - No mode defined for component null
2025-10-11 14:37:35,826 [WARN] ModelIntegratedComponent:63 - No mode defined for component null
2025-10-11 14:37:35,826 [WARN] ModelIntegratedComponent:63 - No mode defined for component null
2025-10-11 14:37:35,826 [WARN] ModelIntegratedComponent:63 - No mode defined for component null
2025-10-11 14:37:35,826 [WARN] ModelIntegratedComponent:63 - No mode defined for component null
2025-10-11 14:37:35,826 [WARN] ModelIntegratedComponent:63 - No mode defined for component null
2025-10-11 14:37:35,827 [WARN] ModelIntegratedComponent:63 - No mode defined for component null
2025-10-11 14:37:35,827 [WARN] ModelIntegratedComponent:63 - No mode defined for component null
2025-10-11 14:37:35,827 [WARN] ModelIntegratedComponent:63 - No mode defined for component null
2025-10-11 14:37:35,827 [WARN] ModelIntegratedComponent:63 - No mode defined for component null
2025-10-11 14:37:35,827 [WARN] ModelIntegratedComponent:63 - No mode defined for component null
2025-10-11 14:37:35,827 [WARN] ModelIntegratedComponent:63 - No mode defined for component null
2025-10-11 14:37:35,827 [WARN] ModelIntegratedComponent:63 - No mode defined for component null
2025-10-11 14:37:35,827 [WARN] ModelIntegratedComponent:63 - No mode defined for component null
2025-10-11 14:37:35,827 [WARN] ModelIntegratedComponent:63 - No mode defined for component null
2025-10-11 14:37:35,827 [WARN] ModelIntegratedComponent:63 - No mode defined for component null
2025-10-11 14:37:35,827 [WARN] ModelIntegratedComponent:63 - No mode defined for component null
2025-10-11 14:37:35,827 [WARN] ModelIntegratedComponent:63 - No mode defined for component null
2025-10-11 14:37:35,827 [WARN] ModelIntegratedComponent:63 - No mode defined for component null
2025-10-11 14:37:35,827 [WARN] ModelIntegratedComponent:63 - No mode defined for component null
2025-10-11 14:37:35,827 [WARN] ModelPack:524 - Component already loaded: STMicroelectronics:HAL Drivers:0.0.0:STMicroelectronics:Device:STMicro_Driver:XSPI:HAL::0.0.1:HAL_XSPI
2025-10-11 14:37:35,834 [INFO] RtosManager:558 - Registered RTOS mode: class=RTOS, group=ThreadX, mode=Core, owner=THREADX
2025-10-11 14:37:35,897 [INFO] ThirdPartyModel:298 - Start build external matchings
2025-10-11 14:37:36,144 [INFO] ThirdPartyModel:316 - End build external matchings
2025-10-11 14:37:36,153 [WARN] IP:2250 - SRAM5PowerDownInRunMode not found: check if there is a RefParameter without a condition.
2025-10-11 14:37:36,154 [WARN] IP:2250 - RAM1Page4PowerDownInStopMode not found: check if there is a RefParameter without a condition.
2025-10-11 14:37:36,154 [WARN] IP:2250 - RAM1Page5PowerDownInStopMode not found: check if there is a RefParameter without a condition.
2025-10-11 14:37:36,154 [WARN] IP:2250 - RAM1Page6PowerDownInStopMode not found: check if there is a RefParameter without a condition.
2025-10-11 14:37:36,154 [WARN] IP:2250 - RAM1Page7PowerDownInStopMode not found: check if there is a RefParameter without a condition.
2025-10-11 14:37:36,154 [WARN] IP:2250 - RAM1Page8PowerDownInStopMode not found: check if there is a RefParameter without a condition.
2025-10-11 14:37:36,154 [WARN] IP:2250 - RAM1Page9PowerDownInStopMode not found: check if there is a RefParameter without a condition.
2025-10-11 14:37:36,154 [WARN] IP:2250 - RAM1Page10PowerDownInStopMode not found: check if there is a RefParameter without a condition.
2025-10-11 14:37:36,154 [WARN] IP:2250 - RAM1Page11PowerDownInStopMode not found: check if there is a RefParameter without a condition.
2025-10-11 14:37:36,154 [WARN] IP:2250 - RAM1Page12PowerDownInStopMode not found: check if there is a RefParameter without a condition.
2025-10-11 14:37:36,154 [WARN] IP:2250 - RAM3Page9PowerDownInStopMode not found: check if there is a RefParameter without a condition.
2025-10-11 14:37:36,154 [WARN] IP:2250 - RAM3Page10PowerDownInStopMode not found: check if there is a RefParameter without a condition.
2025-10-11 14:37:36,154 [WARN] IP:2250 - RAM3Page11PowerDownInStopMode not found: check if there is a RefParameter without a condition.
2025-10-11 14:37:36,154 [WARN] IP:2250 - RAM3Page12PowerDownInStopMode not found: check if there is a RefParameter without a condition.
2025-10-11 14:37:36,154 [WARN] IP:2250 - RAM3Page13PowerDownInStopMode not found: check if there is a RefParameter without a condition.
2025-10-11 14:37:36,154 [WARN] IP:2250 - RAM5Page1PowerDownInStopMode not found: check if there is a RefParameter without a condition.
2025-10-11 14:37:36,154 [WARN] IP:2250 - RAM5Page2PowerDownInStopMode not found: check if there is a RefParameter without a condition.
2025-10-11 14:37:36,154 [WARN] IP:2250 - RAM5Page3PowerDownInStopMode not found: check if there is a RefParameter without a condition.
2025-10-11 14:37:36,154 [WARN] IP:2250 - RAM5Page4PowerDownInStopMode not found: check if there is a RefParameter without a condition.
2025-10-11 14:37:36,154 [WARN] IP:2250 - RAM5Page5PowerDownInStopMode not found: check if there is a RefParameter without a condition.
2025-10-11 14:37:36,154 [WARN] IP:2250 - RAM5Page6PowerDownInStopMode not found: check if there is a RefParameter without a condition.
2025-10-11 14:37:36,154 [WARN] IP:2250 - RAM5Page7PowerDownInStopMode not found: check if there is a RefParameter without a condition.
2025-10-11 14:37:36,154 [WARN] IP:2250 - RAM5Page8PowerDownInStopMode not found: check if there is a RefParameter without a condition.
2025-10-11 14:37:36,154 [WARN] IP:2250 - RAM5Page9PowerDownInStopMode not found: check if there is a RefParameter without a condition.
2025-10-11 14:37:36,154 [WARN] IP:2250 - RAM5Page10PowerDownInStopMode not found: check if there is a RefParameter without a condition.
2025-10-11 14:37:36,154 [WARN] IP:2250 - RAM5Page11PowerDownInStopMode not found: check if there is a RefParameter without a condition.
2025-10-11 14:37:36,154 [WARN] IP:2250 - RAM5Page12PowerDownInStopMode not found: check if there is a RefParameter without a condition.
2025-10-11 14:37:36,154 [WARN] IP:2250 - RAM5Page13PowerDownInStopMode not found: check if there is a RefParameter without a condition.
2025-10-11 14:37:36,154 [WARN] IP:2250 - Dcache2PowerDownInStopMode not found: check if there is a RefParameter without a condition.
2025-10-11 14:37:36,154 [WARN] IP:2250 - GRAPHICPRAMPowerDownInStopMode not found: check if there is a RefParameter without a condition.
2025-10-11 14:37:36,154 [WARN] IP:2250 - DSIRAMPowerDownInStopMode not found: check if there is a RefParameter without a condition.
2025-10-11 14:37:36,403 [INFO] UtilMem:75 - End LoadConfig() Used Memory: 846948288 Bytes (1073741824)
2025-10-11 14:37:44,556 [INFO] BspBoardWizard:580 - Analytics plugin initialized with success
2025-10-11 14:37:44,897 [INFO] BspBoardWizard:580 - Analytics plugin initialized with success
2025-10-11 14:37:44,962 [INFO] BspBoardWizard:580 - Analytics plugin initialized with success
2025-10-11 14:37:45,159 [WARN] ThirdParty:833 - waiting for thirdparty lock release [change project]
2025-10-11 14:37:45,159 [INFO] ThirdParty:835 - entering critical section [change project]
2025-10-11 14:37:45,160 [INFO] ThirdParty:1030 - CMSIS Pack Vendor :STMicroelectronics X-CUBE-PM33A1 1.0.0
2025-10-11 14:37:45,160 [INFO] ThirdParty:1030 - CMSIS Pack Vendor :STMicroelectronics USBPD 4.1
2025-10-11 14:37:45,160 [INFO] ThirdParty:1030 - CMSIS Pack Vendor :STMicroelectronics X-CUBE-NFC9 1.0.0
2025-10-11 14:37:45,160 [INFO] ThirdParty:1030 - CMSIS Pack Vendor :STMicroelectronics USB_HOST 2.0.0
2025-10-11 14:37:45,160 [INFO] ThirdParty:1030 - CMSIS Pack Vendor :STMicroelectronics FP-SNS-MOTENVWB1 1.4.0
2025-10-11 14:37:45,161 [INFO] ThirdParty:1030 - CMSIS Pack Vendor :STMicroelectronics X-CUBE-AZRTOS-F4 1.1.0
2025-10-11 14:37:45,161 [INFO] ThirdParty:1030 - CMSIS Pack Vendor :STMicroelectronics LIBJPEG 8.0.0
2025-10-11 14:37:45,161 [INFO] ThirdParty:1030 - CMSIS Pack Vendor :STMicroelectronics FP-ATR-ASTRA1 2.0.2
2025-10-11 14:37:45,161 [INFO] ThirdParty:1030 - CMSIS Pack Vendor :wolfSSL I-CUBE-wolfSSL 5.8.2
2025-10-11 14:37:45,161 [INFO] ThirdParty:1030 - CMSIS Pack Vendor :STMicroelectronics X-CUBE-BLE1 7.1.0
2025-10-11 14:37:45,161 [INFO] ThirdParty:1030 - CMSIS Pack Vendor :STMicroelectronics X-CUBE-SMBUS 2.1.0
2025-10-11 14:37:45,161 [INFO] ThirdParty:1030 - CMSIS Pack Vendor :wolfSSL I-CUBE-wolfMQTT 1.19.2
2025-10-11 14:37:45,162 [INFO] ThirdParty:1030 - CMSIS Pack Vendor :STMicroelectronics USB_DEVICE 3.0.0
2025-10-11 14:37:45,162 [INFO] ThirdParty:1030 - CMSIS Pack Vendor :STMicroelectronics X-CUBE-ISPU 2.1.0
2025-10-11 14:37:45,162 [INFO] ThirdParty:1030 - CMSIS Pack Vendor :STMicroelectronics X-CUBE-EEPRMA1 5.2.0
2025-10-11 14:37:45,162 [INFO] ThirdParty:1030 - CMSIS Pack Vendor :STMicroelectronics X-CUBE-BLEMGR 4.1.0
2025-10-11 14:37:45,162 [INFO] ThirdParty:1030 - CMSIS Pack Vendor :STMicroelectronics X-CUBE-AZRTOS-WB 2.0.0
2025-10-11 14:37:45,162 [INFO] ThirdParty:1030 - CMSIS Pack Vendor :STMicroelectronics X-CUBE-ST60 1.0.0
2025-10-11 14:37:45,162 [INFO] ThirdParty:1030 - CMSIS Pack Vendor :STMicroelectronics X-CUBE-GNSS1 7.0.1
2025-10-11 14:37:45,162 [INFO] ThirdParty:1030 - CMSIS Pack Vendor :STMicroelectronics X-CUBE-NFC12 1.0.0
2025-10-11 14:37:45,163 [INFO] ThirdParty:1030 - CMSIS Pack Vendor :STMicroelectronics X-CUBE-AZRTOS-F7 1.1.0
2025-10-11 14:37:45,163 [INFO] ThirdParty:1030 - CMSIS Pack Vendor :STMicroelectronics X-CUBE-AZRTOS-L5 2.0.0
2025-10-11 14:37:45,163 [INFO] ThirdParty:1030 - CMSIS Pack Vendor :STMicroelectronics USB_DEVICE 2.0.0
2025-10-11 14:37:45,163 [INFO] ThirdParty:1030 - CMSIS Pack Vendor :STMicroelectronics X-CUBE-NFC6 3.1.0
2025-10-11 14:37:45,163 [INFO] ThirdParty:1030 - CMSIS Pack Vendor :Cesanta I-CUBE-Mongoose 7.19.0
2025-10-11 14:37:45,163 [INFO] ThirdParty:1030 - CMSIS Pack Vendor :quantropi X-CUBE-qispace-sdk-base 2.1.0
2025-10-11 14:37:45,163 [INFO] ThirdParty:1030 - CMSIS Pack Vendor :STMicroelectronics FreeRTOS 0.0.1
2025-10-11 14:37:45,163 [INFO] ThirdParty:1030 - CMSIS Pack Vendor :STMicroelectronics X-CUBE-AZRTOS-G0 1.1.0
2025-10-11 14:37:45,163 [INFO] ThirdParty:1030 - CMSIS Pack Vendor :STMicroelectronics X-CUBE-SAFEA1 1.2.2
2025-10-11 14:37:45,163 [INFO] ThirdParty:1030 - CMSIS Pack Vendor :STMicroelectronics X-CUBE-NFC4 3.0.0
2025-10-11 14:37:45,163 [INFO] ThirdParty:1030 - CMSIS Pack Vendor :STMicroelectronics X-CUBE-SUBG2 5.0.0
2025-10-11 14:37:45,164 [INFO] ThirdParty:1030 - CMSIS Pack Vendor :STMicroelectronics X-CUBE-AZRTOS-H7RS 1.1.0
2025-10-11 14:37:45,164 [INFO] ThirdParty:1030 - CMSIS Pack Vendor :STMicroelectronics STM32_WPAN 1.0.0
2025-10-11 14:37:45,164 [INFO] ThirdParty:1030 - CMSIS Pack Vendor :EmbeddedOffice I-CUBE-FS-RTOS 1.0.1
2025-10-11 14:37:45,164 [INFO] ThirdParty:1030 - CMSIS Pack Vendor :STMicroelectronics lwIP 2.0.3
2025-10-11 14:37:45,164 [INFO] ThirdParty:1030 - CMSIS Pack Vendor :WES I-CUBE-Cesium 1.4.0
2025-10-11 14:37:45,164 [INFO] ThirdParty:1030 - CMSIS Pack Vendor :STMicroelectronics USB_HOST 1.0.0
2025-10-11 14:37:45,164 [INFO] ThirdParty:1030 - CMSIS Pack Vendor :Infineon AIROC-Wi-Fi-Bluetooth-STM32 1.7.1
2025-10-11 14:37:45,164 [INFO] ThirdParty:1030 - CMSIS Pack Vendor :STMicroelectronics X-CUBE-AZRTOS-G4 2.0.0
2025-10-11 14:37:45,164 [INFO] ThirdParty:1030 - CMSIS Pack Vendor :STMicroelectronics X-CUBE-WB05N 2.0.0
2025-10-11 14:37:45,164 [INFO] ThirdParty:1030 - CMSIS Pack Vendor :STMicroelectronics PDM2PCM 3.1.0
2025-10-11 14:37:45,164 [INFO] ThirdParty:1030 - CMSIS Pack Vendor :STMicroelectronics PDM2PCM 3.3.0
2025-10-11 14:37:45,165 [INFO] ThirdParty:1030 - CMSIS Pack Vendor :wolfSSL I-CUBE-wolfTPM 3.8.0
2025-10-11 14:37:45,165 [INFO] ThirdParty:1030 - CMSIS Pack Vendor :STMicroelectronics X-CUBE-AZRTOS-H7 3.4.0
2025-10-11 14:37:45,165 [INFO] ThirdParty:1030 - CMSIS Pack Vendor :STMicroelectronics X-CUBE-DISPLAY 3.0.0
2025-10-11 14:37:45,165 [INFO] ThirdParty:1030 - CMSIS Pack Vendor :wolfSSL I-CUBE-wolfSSH 1.4.20
2025-10-11 14:37:45,165 [INFO] ThirdParty:1030 - CMSIS Pack Vendor :STMicroelectronics X-CUBE-NFC7 2.0.0
2025-10-11 14:37:45,165 [INFO] ThirdParty:1030 - CMSIS Pack Vendor :STMicroelectronics X-CUBE-TCPP 4.2.0
2025-10-11 14:37:45,165 [INFO] ThirdParty:1030 - CMSIS Pack Vendor :RealThread X-CUBE-RT-Thread_Nano 4.1.1
2025-10-11 14:37:45,165 [INFO] ThirdParty:1030 - CMSIS Pack Vendor :STMicroelectronics FP-ATR-SIGFOX1 3.2.0
2025-10-11 14:37:45,165 [INFO] ThirdParty:1030 - CMSIS Pack Vendor :STMicroelectronics X-CUBE-NFC10 1.0.0
2025-10-11 14:37:45,165 [INFO] ThirdParty:1030 - CMSIS Pack Vendor :STMicroelectronics X-CUBE-FREERTOS 1.3.1
2025-10-11 14:37:45,165 [INFO] ThirdParty:1030 - CMSIS Pack Vendor :STMicroelectronics HAL Drivers 0.0.0
2025-10-11 14:37:45,166 [INFO] ThirdParty:1030 - CMSIS Pack Vendor :STMicroelectronics MBEDTLS 2.16.2
2025-10-11 14:37:45,166 [INFO] ThirdParty:1030 - CMSIS Pack Vendor :STMicroelectronics X-CUBE-IPS 3.1.0
2025-10-11 14:37:45,166 [INFO] ThirdParty:1030 - CMSIS Pack Vendor :STMicroelectronics X-CUBE-ALS 1.0.2
2025-10-11 14:37:45,166 [INFO] ThirdParty:1030 - CMSIS Pack Vendor :emotas I-CUBE-CANOPEN 1.3.0
2025-10-11 14:37:45,166 [INFO] ThirdParty:1030 - CMSIS Pack Vendor :STMicroelectronics MBEDTLS 2.14.1
2025-10-11 14:37:45,166 [INFO] ThirdParty:1030 - CMSIS Pack Vendor :ITTIA_DB I-CUBE-ITTIADB 8.9.0
2025-10-11 14:37:45,166 [INFO] ThirdParty:1030 - CMSIS Pack Vendor :STMicroelectronics X-CUBE-TOUCHGFX 4.26.0
2025-10-11 14:37:45,166 [INFO] ThirdParty:1030 - CMSIS Pack Vendor :STMicroelectronics X-CUBE-STSE01 1.0.0
2025-10-11 14:37:45,166 [INFO] ThirdParty:1030 - CMSIS Pack Vendor :STMicroelectronics X-CUBE-ST67W61 1.0.0
2025-10-11 14:37:45,166 [INFO] ThirdParty:1030 - CMSIS Pack Vendor :STMicroelectronics FP-SNS-STBOX1 2.1.0
2025-10-11 14:37:45,166 [INFO] ThirdParty:1030 - CMSIS Pack Vendor :STMicroelectronics X-CUBE-AI 10.2.0
2025-10-11 14:37:45,166 [INFO] ThirdParty:1030 - CMSIS Pack Vendor :STMicroelectronics FP-SNS-STAIOTCFT 1.0.0
2025-10-11 14:37:45,166 [INFO] ThirdParty:1030 - CMSIS Pack Vendor :STMicroelectronics ThreadX 1.0.0
2025-10-11 14:37:45,166 [INFO] ThirdParty:1030 - CMSIS Pack Vendor :STMicroelectronics FP-SNS-SMARTAG2 1.2.0
2025-10-11 14:37:45,166 [INFO] ThirdParty:1030 - CMSIS Pack Vendor :STMicroelectronics FP-SNS-FLIGHT1 5.1.0
2025-10-11 14:37:45,166 [INFO] ThirdParty:1030 - CMSIS Pack Vendor :STMicroelectronics X-CUBE-AZRTOS-WL 2.0.0
2025-10-11 14:37:45,166 [INFO] ThirdParty:1030 - CMSIS Pack Vendor :SEGGER I-CUBE-embOS 1.3.1
2025-10-11 14:37:45,166 [INFO] ThirdParty:1030 - CMSIS Pack Vendor :STMicroelectronics X-CUBE-ALGOBUILD 1.4.0
2025-10-11 14:37:45,166 [INFO] ThirdParty:1030 - CMSIS Pack Vendor :STMicroelectronics X-CUBE-DPower 1.3.0
2025-10-11 14:37:45,167 [INFO] ThirdParty:1030 - CMSIS Pack Vendor :STMicroelectronics X-CUBE-MEMS1 11.3.0
2025-10-11 14:37:45,167 [INFO] ThirdParty:1030 - CMSIS Pack Vendor :STMicroelectronics FP-SNS-MOTENV1 5.0.0
2025-10-11 14:37:45,167 [INFO] ThirdParty:1030 - CMSIS Pack Vendor :STMicroelectronics USB_DEVICE 1.0.0
2025-10-11 14:37:45,167 [INFO] ThirdParty:1030 - CMSIS Pack Vendor :STMicroelectronics X-CUBE-AZRTOS-L4 2.0.0
2025-10-11 14:37:45,167 [INFO] ThirdParty:1030 - CMSIS Pack Vendor :STMicroelectronics ThreadX 0.0.2
2025-10-11 14:37:45,167 [INFO] ThirdParty:1030 - CMSIS Pack Vendor :STMicroelectronics lwIP 2.1.2
2025-10-11 14:37:45,167 [INFO] ThirdParty:1030 - CMSIS Pack Vendor :STMicroelectronics X-CUBE-SFXS2LP1 4.0.0
2025-10-11 14:37:45,167 [INFO] ThirdParty:1030 - CMSIS Pack Vendor :STMicroelectronics X-CUBE-BLE2 3.3.0
2025-10-11 14:37:45,167 [INFO] ThirdParty:1030 - CMSIS Pack Vendor :STMicroelectronics X-CUBE-TOF1 3.4.3
2025-10-11 14:37:45,167 [INFO] ThirdParty:1030 - CMSIS Pack Vendor :STMicroelectronics PDM2PCM 3.2.0
2025-10-11 14:37:45,167 [INFO] ThirdParty:841 - exiting critical section [change project]
2025-10-11 14:37:45,689 [INFO] PinOutPanel:1589 - setPackage(No Configuration,No Configuration)
2025-10-11 14:37:45,690 [INFO] PinOutPanel:1589 - setPackage(STM32U575ZITxQ,LQFP144)
2025-10-11 14:37:46,220 [INFO] UtilMem:75 - Before build in PCC Used Memory: 641263712 Bytes (1073741824)
2025-10-11 14:37:46,692 [INFO] UtilMem:75 - After build in PCC Used Memory: 853598304 Bytes (1073741824)
2025-10-11 14:37:46,716 [INFO] IPUIPlugin:80 - create IPUIPlugin
2025-10-11 14:37:46,716 [INFO] IPUIPlugin:80 - create IPUIPlugin
2025-10-11 14:37:46,716 [INFO] IPUIPlugin:80 - create IPUIPlugin
2025-10-11 14:37:46,716 [INFO] IPUIPlugin:80 - create IPUIPlugin
2025-10-11 14:37:46,716 [INFO] IPUIPlugin:80 - create IPUIPlugin
2025-10-11 14:37:46,716 [INFO] IPUIPlugin:80 - create IPUIPlugin
2025-10-11 14:37:46,716 [INFO] IPUIPlugin:80 - create IPUIPlugin
2025-10-11 14:37:46,716 [INFO] IPUIPlugin:80 - create IPUIPlugin
2025-10-11 14:37:46,717 [INFO] IPUIPlugin:80 - create IPUIPlugin
2025-10-11 14:37:46,717 [INFO] IPUIPlugin:80 - create IPUIPlugin
2025-10-11 14:37:46,717 [INFO] IPUIPlugin:80 - create IPUIPlugin
2025-10-11 14:37:46,717 [INFO] IPUIPlugin:80 - create IPUIPlugin
2025-10-11 14:37:46,717 [INFO] IPUIPlugin:80 - create IPUIPlugin
2025-10-11 14:37:46,717 [INFO] IPUIPlugin:80 - create IPUIPlugin
2025-10-11 14:37:46,717 [INFO] IPUIPlugin:80 - create IPUIPlugin
2025-10-11 14:37:46,717 [INFO] IPUIPlugin:80 - create IPUIPlugin
2025-10-11 14:37:46,717 [INFO] IPUIPlugin:80 - create IPUIPlugin
2025-10-11 14:37:46,717 [INFO] IPUIPlugin:80 - create IPUIPlugin
2025-10-11 14:37:46,717 [INFO] IPUIPlugin:80 - create IPUIPlugin
2025-10-11 14:37:46,718 [INFO] IPUIPlugin:80 - create IPUIPlugin
2025-10-11 14:37:46,718 [INFO] IPUIPlugin:80 - create IPUIPlugin
2025-10-11 14:37:46,718 [INFO] IPUIPlugin:80 - create IPUIPlugin
2025-10-11 14:37:46,718 [INFO] IPUIPlugin:80 - create IPUIPlugin
2025-10-11 14:37:46,718 [INFO] IPUIPlugin:80 - create IPUIPlugin
2025-10-11 14:37:46,718 [INFO] IPUIPlugin:80 - create IPUIPlugin
2025-10-11 14:37:46,718 [INFO] IPUIPlugin:80 - create IPUIPlugin
2025-10-11 14:37:46,718 [INFO] IPUIPlugin:80 - create IPUIPlugin
2025-10-11 14:37:46,718 [INFO] IPUIPlugin:80 - create IPUIPlugin
2025-10-11 14:37:46,718 [INFO] IPUIPlugin:80 - create IPUIPlugin
2025-10-11 14:37:46,718 [INFO] IPUIPlugin:80 - create IPUIPlugin
2025-10-11 14:37:46,719 [INFO] IPUIPlugin:80 - create IPUIPlugin
2025-10-11 14:37:46,719 [INFO] IPUIPlugin:80 - create IPUIPlugin
2025-10-11 14:37:46,719 [INFO] IPUIPlugin:80 - create IPUIPlugin
2025-10-11 14:37:46,719 [INFO] IPUIPlugin:80 - create IPUIPlugin
2025-10-11 14:37:46,719 [INFO] IPUIPlugin:80 - create IPUIPlugin
2025-10-11 14:37:46,719 [INFO] IPUIPlugin:80 - create IPUIPlugin
2025-10-11 14:37:46,720 [INFO] IPUIPlugin:80 - create IPUIPlugin
2025-10-11 14:37:46,720 [INFO] IPUIPlugin:80 - create IPUIPlugin
2025-10-11 14:37:46,720 [INFO] IPUIPlugin:80 - create IPUIPlugin
2025-10-11 14:37:46,720 [INFO] IPUIPlugin:80 - create IPUIPlugin
2025-10-11 14:37:46,720 [INFO] IPUIPlugin:80 - create IPUIPlugin
2025-10-11 14:37:46,720 [INFO] IPUIPlugin:80 - create IPUIPlugin
2025-10-11 14:37:46,720 [INFO] IPUIPlugin:80 - create IPUIPlugin
2025-10-11 14:37:46,721 [INFO] IPUIPlugin:80 - create IPUIPlugin
2025-10-11 14:37:46,721 [INFO] IPUIPlugin:80 - create IPUIPlugin
2025-10-11 14:37:46,721 [INFO] IPUIPlugin:80 - create IPUIPlugin
2025-10-11 14:37:46,721 [INFO] IPUIPlugin:80 - create IPUIPlugin
2025-10-11 14:37:46,721 [INFO] IPUIPlugin:80 - create IPUIPlugin
2025-10-11 14:37:46,721 [INFO] IPUIPlugin:80 - create IPUIPlugin
2025-10-11 14:37:46,721 [INFO] IPUIPlugin:80 - create IPUIPlugin
2025-10-11 14:37:46,722 [INFO] IPUIPlugin:80 - create IPUIPlugin
2025-10-11 14:37:46,722 [INFO] IPUIPlugin:80 - create IPUIPlugin
2025-10-11 14:37:46,722 [INFO] IPUIPlugin:80 - create IPUIPlugin
2025-10-11 14:37:46,722 [INFO] IPUIPlugin:80 - create IPUIPlugin
2025-10-11 14:37:46,723 [INFO] IPUIPlugin:80 - create IPUIPlugin
2025-10-11 14:37:46,723 [INFO] IPUIPlugin:80 - create IPUIPlugin
2025-10-11 14:37:46,724 [INFO] IPUIPlugin:80 - create IPUIPlugin
2025-10-11 14:37:46,724 [INFO] IPUIPlugin:80 - create IPUIPlugin
2025-10-11 14:37:46,725 [INFO] IPUIPlugin:80 - create IPUIPlugin
2025-10-11 14:37:46,725 [INFO] IPUIPlugin:80 - create IPUIPlugin
2025-10-11 14:37:46,725 [INFO] IPUIPlugin:80 - create IPUIPlugin
2025-10-11 14:37:46,726 [INFO] IPUIPlugin:80 - create IPUIPlugin
2025-10-11 14:37:46,726 [INFO] IPUIPlugin:80 - create IPUIPlugin
2025-10-11 14:37:46,726 [INFO] IPUIPlugin:80 - create IPUIPlugin
2025-10-11 14:37:46,726 [INFO] IPUIPlugin:80 - create IPUIPlugin
2025-10-11 14:37:46,726 [INFO] IPUIPlugin:80 - create IPUIPlugin
2025-10-11 14:37:46,727 [INFO] IPUIPlugin:80 - create IPUIPlugin
2025-10-11 14:37:46,727 [INFO] IPUIPlugin:80 - create IPUIPlugin
2025-10-11 14:37:46,727 [INFO] IPUIPlugin:80 - create IPUIPlugin
2025-10-11 14:37:46,727 [INFO] IPUIPlugin:80 - create IPUIPlugin
2025-10-11 14:37:46,727 [INFO] IPUIPlugin:80 - create IPUIPlugin
2025-10-11 14:37:46,727 [INFO] IPUIPlugin:80 - create IPUIPlugin
2025-10-11 14:37:46,728 [INFO] IPUIPlugin:80 - create IPUIPlugin
2025-10-11 14:37:46,728 [INFO] IPUIPlugin:80 - create IPUIPlugin
2025-10-11 14:37:46,728 [INFO] IPUIPlugin:80 - create IPUIPlugin
2025-10-11 14:37:46,728 [INFO] IPUIPlugin:80 - create IPUIPlugin
2025-10-11 14:37:46,728 [INFO] IPUIPlugin:80 - create IPUIPlugin
2025-10-11 14:37:46,728 [INFO] IPUIPlugin:80 - create IPUIPlugin
2025-10-11 14:37:46,729 [INFO] IPUIPlugin:80 - create IPUIPlugin
2025-10-11 14:37:46,729 [INFO] IPUIPlugin:80 - create IPUIPlugin
2025-10-11 14:37:46,729 [INFO] IPUIPlugin:80 - create IPUIPlugin
2025-10-11 14:37:46,729 [INFO] IPUIPlugin:80 - create IPUIPlugin
2025-10-11 14:37:46,729 [INFO] IPUIPlugin:80 - create IPUIPlugin
2025-10-11 14:37:46,729 [INFO] IPUIPlugin:80 - create IPUIPlugin
2025-10-11 14:37:46,729 [INFO] IPUIPlugin:80 - create IPUIPlugin
2025-10-11 14:37:46,729 [INFO] IPUIPlugin:80 - create IPUIPlugin
2025-10-11 14:37:46,729 [INFO] IPUIPlugin:80 - create IPUIPlugin
2025-10-11 14:37:46,730 [INFO] IPUIPlugin:80 - create IPUIPlugin
2025-10-11 14:37:46,730 [INFO] IPUIPlugin:80 - create IPUIPlugin
2025-10-11 14:37:46,730 [INFO] IPUIPlugin:80 - create IPUIPlugin
2025-10-11 14:37:46,730 [INFO] IPUIPlugin:80 - create IPUIPlugin
2025-10-11 14:37:46,730 [INFO] IPUIPlugin:80 - create IPUIPlugin
2025-10-11 14:37:46,730 [INFO] IPUIPlugin:80 - create IPUIPlugin
2025-10-11 14:37:46,731 [INFO] IPUIPlugin:80 - create IPUIPlugin
2025-10-11 14:37:46,731 [INFO] IPUIPlugin:80 - create IPUIPlugin
2025-10-11 14:37:46,731 [INFO] IPUIPlugin:80 - create IPUIPlugin
2025-10-11 14:37:46,731 [INFO] IPUIPlugin:80 - create IPUIPlugin
2025-10-11 14:37:46,731 [INFO] IPUIPlugin:80 - create IPUIPlugin
2025-10-11 14:37:46,732 [INFO] IPUIPlugin:80 - create IPUIPlugin
2025-10-11 14:37:46,732 [INFO] IPUIPlugin:80 - create IPUIPlugin
2025-10-11 14:37:46,732 [INFO] IPUIPlugin:80 - create IPUIPlugin
2025-10-11 14:37:46,732 [INFO] IPUIPlugin:80 - create IPUIPlugin
2025-10-11 14:37:46,733 [INFO] IPUIPlugin:80 - create IPUIPlugin
2025-10-11 14:37:46,733 [INFO] IPUIPlugin:80 - create IPUIPlugin
2025-10-11 14:37:46,733 [INFO] IPUIPlugin:80 - create IPUIPlugin
2025-10-11 14:37:46,857 [INFO] CADModel:165 - CPN selected for project levelSTM32U575ZIT6Q
2025-10-11 14:37:46,857 [INFO] CADModel:114 - Register for checkConnection events
2025-10-11 14:37:46,895 [INFO] OpenFileManager:386 - Restore cursor
2025-10-11 14:37:47,014 [WARN] IP:2250 - SRAM5PowerDownInRunMode not found: check if there is a RefParameter without a condition.
2025-10-11 14:37:47,014 [WARN] IP:2250 - RAM1Page4PowerDownInStopMode not found: check if there is a RefParameter without a condition.
2025-10-11 14:37:47,014 [WARN] IP:2250 - RAM1Page5PowerDownInStopMode not found: check if there is a RefParameter without a condition.
2025-10-11 14:37:47,014 [WARN] IP:2250 - RAM1Page6PowerDownInStopMode not found: check if there is a RefParameter without a condition.
2025-10-11 14:37:47,015 [WARN] IP:2250 - RAM1Page7PowerDownInStopMode not found: check if there is a RefParameter without a condition.
2025-10-11 14:37:47,015 [WARN] IP:2250 - RAM1Page8PowerDownInStopMode not found: check if there is a RefParameter without a condition.
2025-10-11 14:37:47,015 [WARN] IP:2250 - RAM1Page9PowerDownInStopMode not found: check if there is a RefParameter without a condition.
2025-10-11 14:37:47,015 [WARN] IP:2250 - RAM1Page10PowerDownInStopMode not found: check if there is a RefParameter without a condition.
2025-10-11 14:37:47,015 [WARN] IP:2250 - RAM1Page11PowerDownInStopMode not found: check if there is a RefParameter without a condition.
2025-10-11 14:37:47,015 [WARN] IP:2250 - RAM1Page12PowerDownInStopMode not found: check if there is a RefParameter without a condition.
2025-10-11 14:37:47,015 [WARN] IP:2250 - RAM3Page9PowerDownInStopMode not found: check if there is a RefParameter without a condition.
2025-10-11 14:37:47,015 [WARN] IP:2250 - RAM3Page10PowerDownInStopMode not found: check if there is a RefParameter without a condition.
2025-10-11 14:37:47,015 [WARN] IP:2250 - RAM3Page11PowerDownInStopMode not found: check if there is a RefParameter without a condition.
2025-10-11 14:37:47,015 [WARN] IP:2250 - RAM3Page12PowerDownInStopMode not found: check if there is a RefParameter without a condition.
2025-10-11 14:37:47,015 [WARN] IP:2250 - RAM3Page13PowerDownInStopMode not found: check if there is a RefParameter without a condition.
2025-10-11 14:37:47,015 [WARN] IP:2250 - RAM5Page1PowerDownInStopMode not found: check if there is a RefParameter without a condition.
2025-10-11 14:37:47,015 [WARN] IP:2250 - RAM5Page2PowerDownInStopMode not found: check if there is a RefParameter without a condition.
2025-10-11 14:37:47,015 [WARN] IP:2250 - RAM5Page3PowerDownInStopMode not found: check if there is a RefParameter without a condition.
2025-10-11 14:37:47,015 [WARN] IP:2250 - RAM5Page4PowerDownInStopMode not found: check if there is a RefParameter without a condition.
2025-10-11 14:37:47,015 [WARN] IP:2250 - RAM5Page5PowerDownInStopMode not found: check if there is a RefParameter without a condition.
2025-10-11 14:37:47,015 [WARN] IP:2250 - RAM5Page6PowerDownInStopMode not found: check if there is a RefParameter without a condition.
2025-10-11 14:37:47,015 [WARN] IP:2250 - RAM5Page7PowerDownInStopMode not found: check if there is a RefParameter without a condition.
2025-10-11 14:37:47,015 [WARN] IP:2250 - RAM5Page8PowerDownInStopMode not found: check if there is a RefParameter without a condition.
2025-10-11 14:37:47,015 [WARN] IP:2250 - RAM5Page9PowerDownInStopMode not found: check if there is a RefParameter without a condition.
2025-10-11 14:37:47,015 [WARN] IP:2250 - RAM5Page10PowerDownInStopMode not found: check if there is a RefParameter without a condition.
2025-10-11 14:37:47,015 [WARN] IP:2250 - RAM5Page11PowerDownInStopMode not found: check if there is a RefParameter without a condition.
2025-10-11 14:37:47,015 [WARN] IP:2250 - RAM5Page12PowerDownInStopMode not found: check if there is a RefParameter without a condition.
2025-10-11 14:37:47,015 [WARN] IP:2250 - RAM5Page13PowerDownInStopMode not found: check if there is a RefParameter without a condition.
2025-10-11 14:37:47,015 [WARN] IP:2250 - Dcache2PowerDownInStopMode not found: check if there is a RefParameter without a condition.
2025-10-11 14:37:47,015 [WARN] IP:2250 - GRAPHICPRAMPowerDownInStopMode not found: check if there is a RefParameter without a condition.
2025-10-11 14:37:47,015 [WARN] IP:2250 - DSIRAMPowerDownInStopMode not found: check if there is a RefParameter without a condition.
2025-10-11 14:37:47,016 [WARN] IP:2250 - SRAM5PowerDownInRunMode not found: check if there is a RefParameter without a condition.
2025-10-11 14:37:47,016 [WARN] IP:2250 - RAM1Page4PowerDownInStopMode not found: check if there is a RefParameter without a condition.
2025-10-11 14:37:47,016 [WARN] IP:2250 - RAM1Page5PowerDownInStopMode not found: check if there is a RefParameter without a condition.
2025-10-11 14:37:47,016 [WARN] IP:2250 - RAM1Page6PowerDownInStopMode not found: check if there is a RefParameter without a condition.
2025-10-11 14:37:47,016 [WARN] IP:2250 - RAM1Page7PowerDownInStopMode not found: check if there is a RefParameter without a condition.
2025-10-11 14:37:47,016 [WARN] IP:2250 - RAM1Page8PowerDownInStopMode not found: check if there is a RefParameter without a condition.
2025-10-11 14:37:47,016 [WARN] IP:2250 - RAM1Page9PowerDownInStopMode not found: check if there is a RefParameter without a condition.
2025-10-11 14:37:47,017 [WARN] IP:2250 - RAM1Page10PowerDownInStopMode not found: check if there is a RefParameter without a condition.
2025-10-11 14:37:47,017 [WARN] IP:2250 - RAM1Page11PowerDownInStopMode not found: check if there is a RefParameter without a condition.
2025-10-11 14:37:47,017 [WARN] IP:2250 - RAM1Page12PowerDownInStopMode not found: check if there is a RefParameter without a condition.
2025-10-11 14:37:47,017 [WARN] IP:2250 - RAM3Page9PowerDownInStopMode not found: check if there is a RefParameter without a condition.
2025-10-11 14:37:47,017 [WARN] IP:2250 - RAM3Page10PowerDownInStopMode not found: check if there is a RefParameter without a condition.
2025-10-11 14:37:47,017 [WARN] IP:2250 - RAM3Page11PowerDownInStopMode not found: check if there is a RefParameter without a condition.
2025-10-11 14:37:47,017 [WARN] IP:2250 - RAM3Page12PowerDownInStopMode not found: check if there is a RefParameter without a condition.
2025-10-11 14:37:47,017 [WARN] IP:2250 - RAM3Page13PowerDownInStopMode not found: check if there is a RefParameter without a condition.
2025-10-11 14:37:47,017 [WARN] IP:2250 - RAM5Page1PowerDownInStopMode not found: check if there is a RefParameter without a condition.
2025-10-11 14:37:47,017 [WARN] IP:2250 - RAM5Page2PowerDownInStopMode not found: check if there is a RefParameter without a condition.
2025-10-11 14:37:47,017 [WARN] IP:2250 - RAM5Page3PowerDownInStopMode not found: check if there is a RefParameter without a condition.
2025-10-11 14:37:47,017 [WARN] IP:2250 - RAM5Page4PowerDownInStopMode not found: check if there is a RefParameter without a condition.
2025-10-11 14:37:47,017 [WARN] IP:2250 - RAM5Page5PowerDownInStopMode not found: check if there is a RefParameter without a condition.
2025-10-11 14:37:47,017 [WARN] IP:2250 - RAM5Page6PowerDownInStopMode not found: check if there is a RefParameter without a condition.
2025-10-11 14:37:47,017 [WARN] IP:2250 - RAM5Page7PowerDownInStopMode not found: check if there is a RefParameter without a condition.
2025-10-11 14:37:47,017 [WARN] IP:2250 - RAM5Page8PowerDownInStopMode not found: check if there is a RefParameter without a condition.
2025-10-11 14:37:47,017 [WARN] IP:2250 - RAM5Page9PowerDownInStopMode not found: check if there is a RefParameter without a condition.
2025-10-11 14:37:47,017 [WARN] IP:2250 - RAM5Page10PowerDownInStopMode not found: check if there is a RefParameter without a condition.
2025-10-11 14:37:47,017 [WARN] IP:2250 - RAM5Page11PowerDownInStopMode not found: check if there is a RefParameter without a condition.
2025-10-11 14:37:47,017 [WARN] IP:2250 - RAM5Page12PowerDownInStopMode not found: check if there is a RefParameter without a condition.
2025-10-11 14:37:47,017 [WARN] IP:2250 - RAM5Page13PowerDownInStopMode not found: check if there is a RefParameter without a condition.
2025-10-11 14:37:47,017 [WARN] IP:2250 - Dcache2PowerDownInStopMode not found: check if there is a RefParameter without a condition.
2025-10-11 14:37:47,017 [WARN] IP:2250 - GRAPHICPRAMPowerDownInStopMode not found: check if there is a RefParameter without a condition.
2025-10-11 14:37:47,017 [WARN] IP:2250 - DSIRAMPowerDownInStopMode not found: check if there is a RefParameter without a condition.
2025-10-11 14:37:47,385 [INFO] UtilMem:75 - End SaveConfig() Used Memory: 670293480 Bytes (1073741824)
2025-10-11 14:37:47,415 [WARN] Context:862 - Trying to set MEMORYMAP twice on same context CortexM33
2025-10-11 14:37:47,779 [ERROR] IocParser:95 - Exception caught: Cannot invoke "java.lang.CharSequence.length()" because "this.text" is null
2025-10-11 14:39:15,582 [ERROR] LogOutputStream:75 - [STDERR_REDIRECT] 
2025-10-11 14:40:20,082 [INFO] Activator:176 - 


2025-10-11 14:40:20,084 [INFO] Activator:177 - !SESSION log4j initialized
2025-10-11 14:40:22,906 [INFO] LogOutputStream:77 - [STDOUT_REDIRECT] 
2025-10-11 14:40:23,250 [INFO] ApplicationProperties:184 - Using Application install path: /home/traian/st/stm32cubeide_1.19.0/plugins/com.st.stm32cube.common.mx_6.15.0.202507011659
2025-10-11 14:40:23,262 [INFO] DbMcusXml:78 - Set database path to: /home/traian/st/stm32cubeide_1.19.0/plugins/com.st.stm32cube.common.mx_6.15.0.202507011659//db//mcu/
2025-10-11 14:40:23,262 [INFO] ApiDb:274 - Set plugin database path to: /home/traian/st/stm32cubeide_1.19.0/plugins/com.st.stm32cube.common.mx_6.15.0.202507011659//db//plugins/boardmanager/
2025-10-11 14:40:23,262 [WARN] ApiDb:259 - Overriding images path with different value:  => /home/traian/st/stm32cubeide_1.19.0/plugins/com.st.stm32cube.common.mx_6.15.0.202507011659//db//plugins/mcufinder/images/
2025-10-11 14:40:23,269 [INFO] ApiDb:250 - Set database path to: /home/traian/.stmcufinder/plugins/mcufinder//mcu/
2025-10-11 14:40:23,270 [INFO] DbMcusAds:125 - Set database path to: /home/traian/.stmcufinder/plugins/mcufinder//mcu/
2025-10-11 14:40:23,272 [INFO] CrossReferenceDbSqlite:203 - Set database path to: /home/traian/.stmcufinder/plugins/mcufinder//mcu/cs/
2025-10-11 14:40:23,336 [INFO] RulesReader:64 - Compatibility file has been processed (317 Rules)
2025-10-11 14:40:23,373 [INFO] DbMcusXml:78 - Set database path to: /home/traian/st/stm32cubeide_1.19.0/plugins/com.st.stm32cube.common.mx_6.15.0.202507011659//db//mcu/
2025-10-11 14:40:23,373 [INFO] ApiDb:274 - Set plugin database path to: /home/traian/st/stm32cubeide_1.19.0/plugins/com.st.stm32cube.common.mx_6.15.0.202507011659//db//plugins/boardmanager/
2025-10-11 14:40:23,373 [INFO] ApiDb:261 - Set plugin images path to: /home/traian/st/stm32cubeide_1.19.0/plugins/com.st.stm32cube.common.mx_6.15.0.202507011659//db//plugins/mcufinder/images/
2025-10-11 14:40:23,373 [WARN] DbFile:41 - Overriding database path with different value: /home/traian/.stmcufinder/plugins/mcufinder/ => /home/traian/.stmcufinder/plugins/mcufinder
2025-10-11 14:40:23,373 [INFO] ApiDb:250 - Set database path to: /home/traian/.stmcufinder/plugins/mcufinder//mcu/
2025-10-11 14:40:23,374 [WARN] DbFile:41 - Overriding database path with different value: /home/traian/.stmcufinder/plugins/mcufinder/ => /home/traian/.stmcufinder/plugins/mcufinder
2025-10-11 14:40:23,374 [INFO] DbMcusAds:125 - Set database path to: /home/traian/.stmcufinder/plugins/mcufinder//mcu/
2025-10-11 14:40:23,374 [WARN] DbFile:41 - Overriding database path with different value: /home/traian/.stmcufinder/plugins/mcufinder/ => /home/traian/.stmcufinder/plugins/mcufinder
2025-10-11 14:40:23,374 [WARN] DbFile:41 - Overriding database path with different value: /home/traian/.stmcufinder/plugins/mcufinder/ => /home/traian/.stmcufinder/plugins/mcufinder
2025-10-11 14:40:23,374 [INFO] CrossReferenceDbSqlite:203 - Set database path to: /home/traian/.stmcufinder/plugins/mcufinder//mcu/cs/
2025-10-11 14:40:23,420 [INFO] MainPanel:274 - HeapMemory: 268435456
2025-10-11 14:40:23,514 [INFO] DbMcusXml:78 - Set database path to: /home/traian/st/stm32cubeide_1.19.0/plugins/com.st.stm32cube.common.mx_6.15.0.202507011659//db//mcu/
2025-10-11 14:40:23,514 [INFO] ApiDb:274 - Set plugin database path to: /home/traian/st/stm32cubeide_1.19.0/plugins/com.st.stm32cube.common.mx_6.15.0.202507011659//db//plugins/boardmanager/
2025-10-11 14:40:23,514 [INFO] ApiDb:261 - Set plugin images path to: /home/traian/st/stm32cubeide_1.19.0/plugins/com.st.stm32cube.common.mx_6.15.0.202507011659//db//plugins/mcufinder/images/
2025-10-11 14:40:23,514 [WARN] DbFile:41 - Overriding database path with different value: /home/traian/.stmcufinder/plugins/mcufinder/ => /home/traian/.stmcufinder/plugins/mcufinder
2025-10-11 14:40:23,514 [INFO] ApiDb:250 - Set database path to: /home/traian/.stmcufinder/plugins/mcufinder//mcu/
2025-10-11 14:40:23,514 [WARN] DbFile:41 - Overriding database path with different value: /home/traian/.stmcufinder/plugins/mcufinder/ => /home/traian/.stmcufinder/plugins/mcufinder
2025-10-11 14:40:23,514 [INFO] DbMcusAds:125 - Set database path to: /home/traian/.stmcufinder/plugins/mcufinder//mcu/
2025-10-11 14:40:23,514 [WARN] DbFile:41 - Overriding database path with different value: /home/traian/.stmcufinder/plugins/mcufinder/ => /home/traian/.stmcufinder/plugins/mcufinder
2025-10-11 14:40:23,514 [WARN] DbFile:41 - Overriding database path with different value: /home/traian/.stmcufinder/plugins/mcufinder/ => /home/traian/.stmcufinder/plugins/mcufinder
2025-10-11 14:40:23,514 [INFO] CrossReferenceDbSqlite:203 - Set database path to: /home/traian/.stmcufinder/plugins/mcufinder//mcu/cs/
2025-10-11 14:40:23,523 [INFO] ApplicationProperties:184 - Using Application install path: /home/traian/st/stm32cubeide_1.19.0/plugins/com.st.stm32cube.common.mx_6.15.0.202507011659
2025-10-11 14:40:23,524 [INFO] PluginManage:196 - Search for loadable plugins [exclusion list=, ]
2025-10-11 14:40:23,525 [INFO] PluginManage:310 - Check plugin analytics
2025-10-11 14:40:23,611 [INFO] AnalyticsPlugin:253 - Accepted Software Licenses: 
2025-10-11 14:40:23,611 [INFO] AnalyticsPlugin:255 - Accepted CMSIS Pack Licenses: 
2025-10-11 14:40:23,611 [INFO] AnalyticsPlugin:257 - Accepted Firmware Licenses: 
2025-10-11 14:40:23,612 [INFO] PluginManage:359 - Loaded plugin analytics (category:tool,tabindex:-1)
2025-10-11 14:40:23,612 [INFO] PluginManage:310 - Check plugin cadmodel
2025-10-11 14:40:23,615 [INFO] CADModel:105 - Init CAD model plugin
2025-10-11 14:40:23,615 [INFO] PluginManage:359 - Loaded plugin cadmodel (category:power,tabindex:5)
2025-10-11 14:40:23,616 [INFO] PluginManage:310 - Check plugin clock
2025-10-11 14:40:23,621 [INFO] PluginManage:359 - Loaded plugin clock (category:base,tabindex:2)
2025-10-11 14:40:23,621 [INFO] PluginManage:310 - Check plugin ddr
2025-10-11 14:40:23,623 [INFO] PluginManage:359 - Loaded plugin ddr (category:tool,tabindex:6)
2025-10-11 14:40:23,623 [INFO] PluginManage:310 - Check plugin filemanager
2025-10-11 14:40:23,732 [INFO] PluginManage:359 - Loaded plugin filemanager (category:base,tabindex:10)
2025-10-11 14:40:23,732 [INFO] PluginManage:310 - Check plugin ipmanager
2025-10-11 14:40:23,737 [INFO] PluginManage:359 - Loaded plugin ipmanager (category:base,tabindex:5)
2025-10-11 14:40:23,737 [INFO] PluginManage:310 - Check plugin lpbam
2025-10-11 14:40:23,746 [INFO] PluginManage:359 - Loaded plugin lpbam (category:base,tabindex:0)
2025-10-11 14:40:23,746 [INFO] PluginManage:310 - Check plugin memorymap
2025-10-11 14:40:23,755 [INFO] PluginManage:359 - Loaded plugin memorymap (category:base,tabindex:4)
2025-10-11 14:40:23,755 [INFO] PluginManage:310 - Check plugin pinoutandconfiguration
2025-10-11 14:40:23,760 [INFO] PluginManage:359 - Loaded plugin pinoutandconfiguration (category:base,tabindex:1)
2025-10-11 14:40:23,761 [INFO] PluginManage:310 - Check plugin pinoutconfig
2025-10-11 14:40:23,817 [WARN] SupportedApi:132 - Cannot load RTOS API schema: s4s-elt-must-match.1: The content of 'definitions' must match (annotation?, (simpleType | complexType)?, (unique | key | keyref)*)). A problem was found starting at: attribute.
2025-10-11 14:40:23,894 [INFO] PluginManage:359 - Loaded plugin pinoutconfig (category:base,tabindex:0)
2025-10-11 14:40:23,894 [INFO] PluginManage:310 - Check plugin power
2025-10-11 14:40:23,900 [INFO] PluginManage:359 - Loaded plugin power (category:power,tabindex:4)
2025-10-11 14:40:23,900 [INFO] PluginManage:310 - Check plugin projectmanager
2025-10-11 14:40:23,910 [INFO] PluginManage:359 - Loaded plugin projectmanager (category:projectmanager,tabindex:4)
2025-10-11 14:40:23,910 [INFO] PluginManage:310 - Check plugin rif
2025-10-11 14:40:23,917 [INFO] PluginManage:359 - Loaded plugin rif (category:base,tabindex:3)
2025-10-11 14:40:23,918 [INFO] PluginManage:310 - Check plugin thirdparty
2025-10-11 14:40:24,003 [INFO] PluginManage:359 - Loaded plugin thirdparty (category:base,tabindex:-1)
2025-10-11 14:40:24,003 [INFO] PluginManage:310 - Check plugin tools
2025-10-11 14:40:24,003 [WARN] IntegrityCheckThread:84 - waiting for thirdparty lock release [integrity check]
2025-10-11 14:40:24,004 [INFO] IntegrityCheckThread:86 - entering critical section [integrity check]
2025-10-11 14:40:24,004 [INFO] ThirdPartyUpdaterWithRetryManager:70 - Updater plugin not ready yet. [1/15]
2025-10-11 14:40:24,005 [INFO] PluginManage:359 - Loaded plugin tools (category:base,tabindex:7)
2025-10-11 14:40:24,005 [INFO] PluginManage:310 - Check plugin tutovideos
2025-10-11 14:40:24,136 [INFO] PluginManage:359 - Loaded plugin tutovideos (category:base,tabindex:-1)
2025-10-11 14:40:24,137 [INFO] PluginManage:310 - Check plugin updater
2025-10-11 14:40:24,150 [INFO] PluginManage:359 - Loaded plugin updater (category:base,tabindex:12)
2025-10-11 14:40:24,150 [INFO] PluginManage:310 - Check plugin userauth
2025-10-11 14:40:24,153 [INFO] UserAuth:118 - Init User Auth plugin
2025-10-11 14:40:24,154 [INFO] PluginManage:359 - Loaded plugin userauth (category:base,tabindex:14)
2025-10-11 14:40:24,154 [INFO] PluginManage:283 - PluginManage : Loaded plugins [18]
2025-10-11 14:40:24,259 [INFO] PinOutPanel:1589 - setPackage(No Configuration,No Configuration)
2025-10-11 14:40:24,302 [INFO] CADModel:165 - CPN selected for project level
2025-10-11 14:40:24,303 [INFO] CADModel:114 - Register for checkConnection events
2025-10-11 14:40:24,312 [INFO] IPUIPlugin:80 - create IPUIPlugin
2025-10-11 14:40:24,313 [INFO] PluginManager:220 - loadIPPluginJar : add i2c
2025-10-11 14:40:24,314 [INFO] IPUIPlugin:80 - create IPUIPlugin
2025-10-11 14:40:24,314 [INFO] PluginManager:220 - loadIPPluginJar : add i2s
2025-10-11 14:40:24,318 [INFO] IPUIPlugin:80 - create IPUIPlugin
2025-10-11 14:40:24,318 [INFO] PluginManager:220 - loadIPPluginJar : add resmgrutility
2025-10-11 14:40:24,319 [INFO] IPUIPlugin:80 - create IPUIPlugin
2025-10-11 14:40:24,319 [INFO] PluginManager:220 - loadIPPluginJar : add hash
2025-10-11 14:40:24,321 [INFO] IPUIPlugin:80 - create IPUIPlugin
2025-10-11 14:40:24,321 [INFO] PluginManager:220 - loadIPPluginJar : add usbx
2025-10-11 14:40:24,325 [INFO] IPUIPlugin:80 - create IPUIPlugin
2025-10-11 14:40:24,326 [INFO] PluginManager:220 - loadIPPluginJar : add plateformsettings
2025-10-11 14:40:24,328 [INFO] IPUIPlugin:80 - create IPUIPlugin
2025-10-11 14:40:24,329 [INFO] PluginManager:220 - loadIPPluginJar : add dma3
2025-10-11 14:40:24,331 [INFO] IPUIPlugin:80 - create IPUIPlugin
2025-10-11 14:40:24,332 [INFO] PluginManager:220 - loadIPPluginJar : add ddr_ctrl_phy
2025-10-11 14:40:24,333 [INFO] IPUIPlugin:80 - create IPUIPlugin
2025-10-11 14:40:24,333 [INFO] PluginManager:220 - loadIPPluginJar : add quadspi
2025-10-11 14:40:24,334 [INFO] IPUIPlugin:80 - create IPUIPlugin
2025-10-11 14:40:24,334 [INFO] PluginManager:220 - loadIPPluginJar : add ltdc
2025-10-11 14:40:24,335 [INFO] IPUIPlugin:80 - create IPUIPlugin
2025-10-11 14:40:24,335 [INFO] PluginManager:220 - loadIPPluginJar : add opamp
2025-10-11 14:40:24,336 [INFO] IPUIPlugin:80 - create IPUIPlugin
2025-10-11 14:40:24,336 [INFO] PluginManager:220 - loadIPPluginJar : add tim
2025-10-11 14:40:24,339 [INFO] IPUIPlugin:80 - create IPUIPlugin
2025-10-11 14:40:24,339 [INFO] PluginManager:220 - loadIPPluginJar : add ipddr
2025-10-11 14:40:24,340 [INFO] IPUIPlugin:80 - create IPUIPlugin
2025-10-11 14:40:24,340 [INFO] PluginManager:220 - loadIPPluginJar : add fatfs
2025-10-11 14:40:24,344 [INFO] IPUIPlugin:80 - create IPUIPlugin
2025-10-11 14:40:24,345 [INFO] PluginManager:220 - loadIPPluginJar : add adc
2025-10-11 14:40:24,346 [INFO] IPUIPlugin:80 - create IPUIPlugin
2025-10-11 14:40:24,346 [INFO] PluginManager:220 - loadIPPluginJar : add dfsdm
2025-10-11 14:40:24,349 [INFO] IPUIPlugin:80 - create IPUIPlugin
2025-10-11 14:40:24,349 [INFO] PluginManager:220 - loadIPPluginJar : add nvic
2025-10-11 14:40:24,351 [INFO] IPUIPlugin:80 - create IPUIPlugin
2025-10-11 14:40:24,351 [INFO] PluginManager:220 - loadIPPluginJar : add sai
2025-10-11 14:40:24,354 [INFO] IPUIPlugin:80 - create IPUIPlugin
2025-10-11 14:40:24,354 [INFO] PluginManager:220 - loadIPPluginJar : add touchsensing
2025-10-11 14:40:24,355 [INFO] IPUIPlugin:80 - create IPUIPlugin
2025-10-11 14:40:24,355 [INFO] PluginManager:220 - loadIPPluginJar : add comp
2025-10-11 14:40:24,356 [INFO] IPUIPlugin:80 - create IPUIPlugin
2025-10-11 14:40:24,356 [INFO] PluginManager:220 - loadIPPluginJar : add aes
2025-10-11 14:40:24,361 [INFO] IPUIPlugin:80 - create IPUIPlugin
2025-10-11 14:40:24,361 [INFO] PluginManager:220 - loadIPPluginJar : add freertos
2025-10-11 14:40:24,362 [INFO] IPUIPlugin:80 - create IPUIPlugin
2025-10-11 14:40:24,362 [INFO] PluginManager:220 - loadIPPluginJar : add radio
2025-10-11 14:40:24,364 [INFO] IPUIPlugin:80 - create IPUIPlugin
2025-10-11 14:40:24,364 [INFO] PluginManager:220 - loadIPPluginJar : add tracer_emb
2025-10-11 14:40:24,365 [INFO] IPUIPlugin:80 - create IPUIPlugin
2025-10-11 14:40:24,365 [INFO] PluginManager:220 - loadIPPluginJar : add cryp
2025-10-11 14:40:24,366 [INFO] IPUIPlugin:80 - create IPUIPlugin
2025-10-11 14:40:24,367 [INFO] PluginManager:220 - loadIPPluginJar : add can
2025-10-11 14:40:24,371 [INFO] IPUIPlugin:80 - create IPUIPlugin
2025-10-11 14:40:24,372 [INFO] PluginManager:220 - loadIPPluginJar : add mdma
2025-10-11 14:40:24,376 [INFO] IPUIPlugin:80 - create IPUIPlugin
2025-10-11 14:40:24,376 [INFO] PluginManager:220 - loadIPPluginJar : add dma
2025-10-11 14:40:24,382 [INFO] IPUIPlugin:80 - create IPUIPlugin
2025-10-11 14:40:24,382 [INFO] PluginManager:220 - loadIPPluginJar : add linkedlist
2025-10-11 14:40:24,384 [INFO] IPUIPlugin:80 - create IPUIPlugin
2025-10-11 14:40:24,384 [INFO] PluginManager:220 - loadIPPluginJar : add pdm2pcm
2025-10-11 14:40:24,388 [INFO] IPUIPlugin:80 - create IPUIPlugin
2025-10-11 14:40:24,388 [INFO] PluginManager:220 - loadIPPluginJar : add gpio
2025-10-11 14:40:24,390 [INFO] IPUIPlugin:80 - create IPUIPlugin
2025-10-11 14:40:24,391 [INFO] PluginManager:220 - loadIPPluginJar : add extmemmanager
2025-10-11 14:40:24,394 [INFO] IPUIPlugin:80 - create IPUIPlugin
2025-10-11 14:40:24,394 [INFO] PluginManager:220 - loadIPPluginJar : add gic
2025-10-11 14:40:24,396 [INFO] IPUIPlugin:80 - create IPUIPlugin
2025-10-11 14:40:24,396 [INFO] PluginManager:220 - loadIPPluginJar : add lorawan
2025-10-11 14:40:24,397 [INFO] IPUIPlugin:80 - create IPUIPlugin
2025-10-11 14:40:24,397 [INFO] PluginManager:220 - loadIPPluginJar : add tsc
2025-10-11 14:40:24,399 [INFO] IPUIPlugin:80 - create IPUIPlugin
2025-10-11 14:40:24,399 [INFO] PluginManager:220 - loadIPPluginJar : add spi
2025-10-11 14:40:24,403 [INFO] IPUIPlugin:80 - create IPUIPlugin
2025-10-11 14:40:24,403 [INFO] PluginManager:220 - loadIPPluginJar : add stm32_wpan
2025-10-11 14:40:24,405 [INFO] IPUIPlugin:80 - create IPUIPlugin
2025-10-11 14:40:24,405 [INFO] PluginManager:220 - loadIPPluginJar : add openamp
2025-10-11 14:40:24,406 [INFO] IPUIPlugin:80 - create IPUIPlugin
2025-10-11 14:40:24,406 [INFO] PluginManager:220 - loadIPPluginJar : add ts
2025-10-11 14:40:24,407 [INFO] IPUIPlugin:80 - create IPUIPlugin
2025-10-11 14:40:24,407 [INFO] PluginManager:220 - loadIPPluginJar : add gtzc
2025-10-11 14:40:24,409 [INFO] IPUIPlugin:80 - create IPUIPlugin
2025-10-11 14:40:24,409 [INFO] PluginManager:220 - loadIPPluginJar : add i3c
2025-10-11 14:40:24,410 [INFO] IPUIPlugin:80 - create IPUIPlugin
2025-10-11 14:40:24,410 [INFO] PluginManager:220 - loadIPPluginJar : add genericplugin
2025-10-11 14:40:24,412 [INFO] IPUIPlugin:80 - create IPUIPlugin
2025-10-11 14:40:24,412 [INFO] PluginManager:220 - loadIPPluginJar : add gfxmmu
2025-10-11 14:40:24,413 [INFO] IPUIPlugin:80 - create IPUIPlugin
2025-10-11 14:40:24,413 [INFO] PluginManager:220 - loadIPPluginJar : add usart
2025-10-11 14:40:24,414 [INFO] IPUIPlugin:80 - create IPUIPlugin
2025-10-11 14:40:24,414 [INFO] PluginManager:220 - loadIPPluginJar : add ucpd
2025-10-11 14:40:24,417 [INFO] IPUIPlugin:80 - create IPUIPlugin
2025-10-11 14:40:24,417 [INFO] PluginManager:220 - loadIPPluginJar : add fmc
2025-10-11 14:40:24,509 [FATAL] Updater:351 - Updater called before beeing initialized
2025-10-11 14:40:24,540 [INFO] RulesReader:64 - Compatibility file has been processed (317 Rules)
2025-10-11 14:40:24,557 [INFO] RulesReader:64 - Compatibility file has been processed (317 Rules)
2025-10-11 14:40:24,565 [INFO] CADModel:165 - CPN selected for project level
2025-10-11 14:40:24,566 [INFO] CADModel:114 - Register for checkConnection events
2025-10-11 14:40:24,566 [FATAL] Updater:351 - Updater called before beeing initialized
2025-10-11 14:40:24,566 [ERROR] CADModel:125 - Updater not yet initialized, retry later 
2025-10-11 14:40:24,688 [FATAL] Updater:351 - Updater called before beeing initialized
2025-10-11 14:40:24,689 [INFO] CADModel:165 - CPN selected for project level
2025-10-11 14:40:24,689 [INFO] CADModel:114 - Register for checkConnection events
2025-10-11 14:40:24,689 [FATAL] Updater:351 - Updater called before beeing initialized
2025-10-11 14:40:24,689 [ERROR] CADModel:125 - Updater not yet initialized, retry later 
2025-10-11 14:40:24,692 [FATAL] Updater:351 - Updater called before beeing initialized
2025-10-11 14:40:24,753 [FATAL] Updater:351 - Updater called before beeing initialized
2025-10-11 14:40:24,755 [INFO] DbMcusAds:53 - JSON generation date=Thu Oct 02 09:36:05 GMT 2025 (1759397765645)
2025-10-11 14:40:24,755 [FATAL] Updater:351 - Updater called before beeing initialized
2025-10-11 14:40:24,778 [WARN] DetailPanel:346 - Failed to get advertising image, set to default
2025-10-11 14:40:24,825 [FATAL] Updater:351 - Updater called before beeing initialized
2025-10-11 14:40:24,826 [FATAL] Updater:351 - Updater called before beeing initialized
2025-10-11 14:40:24,827 [FATAL] Updater:351 - Updater called before beeing initialized
2025-10-11 14:40:24,827 [WARN] DetailPanel:346 - Failed to get advertising image, set to default
2025-10-11 14:40:24,827 [FATAL] Updater:351 - Updater called before beeing initialized
2025-10-11 14:40:24,849 [ERROR] Updater:1198 - MainUpdater not yet initialized. External WinMGr cannot be set.
2025-10-11 14:40:24,850 [INFO] Updater:1134 - Updater Version found : 6.15.0
2025-10-11 14:40:24,864 [INFO] ApplicationProperties:184 - Using Application install path: /home/traian/st/stm32cubeide_1.19.0/plugins/com.st.stm32cube.common.mx_6.15.0.202507011659
2025-10-11 14:40:25,096 [INFO] MainUpdater:2872 - connection check result : 10
2025-10-11 14:40:25,097 [INFO] MainUpdater:289 - Updater Check For Update Now.
2025-10-11 14:40:25,097 [INFO] MicroXplorer:498 - Change Database Version : DB.6.0.150
2025-10-11 14:40:25,102 [INFO] McuFinderGlobals:63 - Set McuFinder mode to 2 (CubeIDE integrated)
2025-10-11 14:40:25,102 [INFO] UserAuth:171 - activating auth plugin
2025-10-11 14:40:25,105 [INFO] UserAuth:487 - Internet connection configuration mode: 1
2025-10-11 14:40:25,124 [INFO] JxBrowserEngine:152 - Initiate JxBrowser Engine with user profile folder
2025-10-11 14:40:25,268 [INFO] CheckServerUpdateThread:120 - End of CheckServer Thread
2025-10-11 14:40:25,929 [INFO] WebApp:169 - Instantiating new browser for Auth
2025-10-11 14:40:26,466 [INFO] WebApp:463 - Apply proxy settings
2025-10-11 14:40:26,466 [INFO] WebApp:548 - Chromium requires no authentication
2025-10-11 14:40:26,472 [INFO] WebApp:491 - Direct internet connection detected
2025-10-11 14:40:26,484 [INFO] WebApp:900 - Register for checkConnection events
2025-10-11 14:40:26,484 [INFO] WebApp:463 - Apply proxy settings
2025-10-11 14:40:26,484 [INFO] WebApp:548 - Chromium requires no authentication
2025-10-11 14:40:26,485 [INFO] WebApp:491 - Direct internet connection detected
2025-10-11 14:40:26,577 [INFO] WebApp:225 - Starting web application
2025-10-11 14:40:26,577 [INFO] WebApp:593 - Web application path used /home/traian/st/stm32cubeide_1.19.0/plugins/com.st.stm32cube.common.mx_6.15.0.202507011659/db/plugins/mcufinder/reactClient1/index.html
2025-10-11 14:40:26,855 [INFO] WebApp:191 - Connection restablished
2025-10-11 14:40:27,116 [WARN] PackLoader:240 - Cannot read IP mode file for STMicroelectronics.FP-SNS-MOTENVWB1.1.4.0
2025-10-11 14:40:27,121 [WARN] PackLoader:240 - Cannot read IP mode file for STMicroelectronics.FP-ATR-ASTRA1.2.0.2
2025-10-11 14:40:27,125 [WARN] PackLoader:240 - Cannot read IP mode file for STMicroelectronics.X-CUBE-SMBUS.2.1.0
2025-10-11 14:40:27,128 [WARN] PackLoader:240 - Cannot read IP mode file for STMicroelectronics.X-CUBE-ST60.1.0.0
2025-10-11 14:40:27,142 [WARN] PackLoader:240 - Cannot read IP mode file for STMicroelectronics.X-CUBE-AZRTOS-F7.1.1.0
2025-10-11 14:40:27,146 [WARN] PackLoader:240 - Cannot read IP mode file for Cesanta.I-CUBE-Mongoose.7.19.0
2025-10-11 14:40:27,151 [WARN] PackLoader:240 - Cannot read IP mode file for WES.I-CUBE-Cesium.1.4.0
2025-10-11 14:40:27,162 [WARN] PackLoader:240 - Cannot read IP mode file for Infineon.AIROC-Wi-Fi-Bluetooth-STM32.1.7.1
2025-10-11 14:40:27,176 [WARN] PackLoader:240 - Cannot read IP mode file for STMicroelectronics.X-CUBE-AZRTOS-H7.3.4.0
2025-10-11 14:40:27,182 [WARN] PackLoader:240 - Cannot read IP mode file for STMicroelectronics.X-CUBE-DISPLAY.3.0.0
2025-10-11 14:40:27,188 [WARN] PackLoader:240 - Cannot read IP mode file for STMicroelectronics.X-CUBE-NFC10.1.0.0
2025-10-11 14:40:27,191 [WARN] PackLoader:240 - Cannot read IP mode file for emotas.I-CUBE-CANOPEN.1.3.0
2025-10-11 14:40:27,195 [WARN] PackLoader:240 - Cannot read IP mode file for STMicroelectronics.FP-SNS-STBOX1.2.1.0
2025-10-11 14:40:27,198 [WARN] PackLoader:240 - Cannot read IP mode file for STMicroelectronics.FP-SNS-SMARTAG2.1.2.0
2025-10-11 14:40:27,200 [WARN] PackLoader:240 - Cannot read IP mode file for STMicroelectronics.FP-SNS-FLIGHT1.5.1.0
2025-10-11 14:40:27,204 [INFO] LogOutputStream:77 - [STDOUT_REDIRECT] 1 : Invalid condition id : UX_CORESTACK_Condition cause : null
2025-10-11 14:40:27,204 [INFO] LogOutputStream:77 - [STDOUT_REDIRECT] 1 : Invalid condition id : UX_CORESTACK_Condition cause : null
2025-10-11 14:40:27,204 [INFO] LogOutputStream:77 - [STDOUT_REDIRECT] 1 : Invalid condition id : UX_CORESTACK_Condition cause : null
2025-10-11 14:40:27,204 [INFO] LogOutputStream:77 - [STDOUT_REDIRECT] 1 : Invalid condition id : UX_CORESTACK_Condition cause : null
2025-10-11 14:40:27,204 [INFO] LogOutputStream:77 - [STDOUT_REDIRECT] 1 : Invalid condition id : UX_CORESTACK_Condition cause : null
2025-10-11 14:40:27,206 [WARN] PackLoader:240 - Cannot read IP mode file for STMicroelectronics.X-CUBE-AZRTOS-WL.2.0.0
2025-10-11 14:40:27,208 [WARN] PackLoader:240 - Cannot read IP mode file for STMicroelectronics.FP-SNS-MOTENV1.5.0.0
2025-10-11 14:40:27,211 [WARN] PackLoader:240 - Cannot read IP mode file for STMicroelectronics.X-CUBE-BLE2.3.3.0
2025-10-11 14:40:27,214 [WARN] PackLoader:240 - Cannot read IP mode file for STMicroelectronics.X-CUBE-NFC9.1.0.0
2025-10-11 14:40:27,217 [WARN] PackLoader:240 - Cannot read IP mode file for wolfSSL.I-CUBE-wolfSSL.5.8.2
2025-10-11 14:40:27,219 [WARN] PackLoader:240 - Cannot read IP mode file for STMicroelectronics.X-CUBE-BLE1.7.1.0
2025-10-11 14:40:27,221 [WARN] PackLoader:240 - Cannot read IP mode file for wolfSSL.I-CUBE-wolfMQTT.1.19.2
2025-10-11 14:40:27,225 [WARN] PackLoader:240 - Cannot read IP mode file for STMicroelectronics.X-CUBE-EEPRMA1.5.2.0
2025-10-11 14:40:27,242 [WARN] PackLoader:240 - Cannot read IP mode file for STMicroelectronics.X-CUBE-AZRTOS-G0.1.1.0
2025-10-11 14:40:27,247 [WARN] PackLoader:240 - Cannot read IP mode file for STMicroelectronics.X-CUBE-SAFEA1.1.2.2
2025-10-11 14:40:27,251 [WARN] PackLoader:240 - Cannot read IP mode file for STMicroelectronics.X-CUBE-NFC4.3.0.0
2025-10-11 14:40:27,259 [WARN] PackLoader:240 - Cannot read IP mode file for EmbeddedOffice.I-CUBE-FS-RTOS.1.0.1
2025-10-11 14:40:27,264 [WARN] PackLoader:240 - Cannot read IP mode file for STMicroelectronics.X-CUBE-WB05N.2.0.0
2025-10-11 14:40:27,268 [WARN] PackLoader:240 - Cannot read IP mode file for wolfSSL.I-CUBE-wolfTPM.3.8.0
2025-10-11 14:40:27,272 [WARN] PackLoader:240 - Cannot read IP mode file for STMicroelectronics.X-CUBE-TCPP.4.2.0
2025-10-11 14:40:27,277 [WARN] PackLoader:240 - Cannot read IP mode file for RealThread.X-CUBE-RT-Thread_Nano.4.1.1
2025-10-11 14:40:27,281 [WARN] PackLoader:240 - Cannot read IP mode file for STMicroelectronics.FP-ATR-SIGFOX1.3.2.0
2025-10-11 14:40:27,285 [WARN] PackLoader:240 - Cannot read IP mode file for ITTIA_DB.I-CUBE-ITTIADB.8.9.0
2025-10-11 14:40:27,289 [WARN] PackLoader:240 - Cannot read IP mode file for STMicroelectronics.X-CUBE-ST67W61.1.0.0
2025-10-11 14:40:27,292 [WARN] PackLoader:240 - Cannot read IP mode file for STMicroelectronics.X-CUBE-AI.10.2.0
2025-10-11 14:40:27,304 [WARN] PackLoader:240 - Cannot read IP mode file for SEGGER.I-CUBE-embOS.1.3.1
2025-10-11 14:40:27,321 [WARN] PackLoader:240 - Cannot read IP mode file for STMicroelectronics.X-CUBE-ALGOBUILD.1.4.0
2025-10-11 14:40:27,348 [WARN] PackLoader:240 - Cannot read IP mode file for STMicroelectronics.X-CUBE-MEMS1.11.3.0
2025-10-11 14:40:27,413 [WARN] PackLoader:240 - Cannot read IP mode file for STMicroelectronics.X-CUBE-PM33A1.1.0.0
2025-10-11 14:40:27,420 [WARN] PackLoader:240 - Cannot read IP mode file for STMicroelectronics.X-CUBE-AZRTOS-F4.1.1.0
2025-10-11 14:40:27,423 [WARN] PackLoader:240 - Cannot read IP mode file for STMicroelectronics.X-CUBE-ISPU.2.1.0
2025-10-11 14:40:27,428 [WARN] PackLoader:240 - Cannot read IP mode file for STMicroelectronics.X-CUBE-NFC12.1.0.0
2025-10-11 14:40:27,442 [WARN] PackLoader:240 - Cannot read IP mode file for STMicroelectronics.X-CUBE-AZRTOS-L5.2.0.0
2025-10-11 14:40:27,451 [WARN] PackLoader:240 - Cannot read IP mode file for STMicroelectronics.X-CUBE-NFC6.3.1.0
2025-10-11 14:40:27,456 [WARN] PackLoader:240 - Cannot read IP mode file for STMicroelectronics.X-CUBE-FREERTOS.1.3.1
2025-10-11 14:40:27,459 [WARN] PackLoader:240 - Cannot read IP mode file for STMicroelectronics.X-CUBE-TOUCHGFX.4.26.0
2025-10-11 14:40:27,463 [WARN] PackLoader:240 - Cannot read IP mode file for STMicroelectronics.FP-SNS-STAIOTCFT.1.0.0
2025-10-11 14:40:27,467 [WARN] PackLoader:240 - Cannot read IP mode file for STMicroelectronics.X-CUBE-DPower.1.3.0
2025-10-11 14:40:27,479 [WARN] ConditionMgr:438 - getConditionDescription Invalid condition id : LAN8742 Phy interface Condition cause : null
2025-10-11 14:40:27,480 [WARN] PackLoader:240 - Cannot read IP mode file for STMicroelectronics.X-CUBE-AZRTOS-L4.2.0.0
2025-10-11 14:40:27,481 [WARN] ConditionMgr:1044 - genDependencies : Invalid condition id : LAN8742 Phy interface Condition cause : null
2025-10-11 14:40:27,481 [WARN] ConditionMgr:1044 - genDependencies : Invalid condition id : LAN8742 Phy interface Condition cause : null
2025-10-11 14:40:27,481 [WARN] ConditionMgr:1044 - genDependencies : Invalid condition id : LAN8742 Phy interface Condition cause : null
2025-10-11 14:40:27,486 [WARN] PackLoader:240 - Cannot read IP mode file for STMicroelectronics.X-CUBE-SFXS2LP1.4.0.0
2025-10-11 14:40:27,506 [WARN] PackLoader:240 - Cannot read IP mode file for STMicroelectronics.X-CUBE-BLEMGR.4.1.0
2025-10-11 14:40:27,516 [WARN] ConditionMgr:438 - getConditionDescription Invalid condition id : UX DEVICE CLASS RTOS Condition cause : null
2025-10-11 14:40:27,517 [WARN] ConditionMgr:438 - getConditionDescription Invalid condition id : UX DEVICE CLASS RTOS Condition cause : null
2025-10-11 14:40:27,518 [WARN] PackLoader:240 - Cannot read IP mode file for STMicroelectronics.X-CUBE-AZRTOS-WB.2.0.0
2025-10-11 14:40:27,519 [WARN] ConditionMgr:1044 - genDependencies : Invalid condition id : UX DEVICE CLASS RTOS Condition cause : null
2025-10-11 14:40:27,519 [WARN] ConditionMgr:1044 - genDependencies : Invalid condition id : UX DEVICE CLASS RTOS Condition cause : null
2025-10-11 14:40:27,519 [WARN] ConditionMgr:1044 - genDependencies : Invalid condition id : UX DEVICE CLASS RTOS Condition cause : null
2025-10-11 14:40:27,519 [WARN] ConditionMgr:1044 - genDependencies : Invalid condition id : UX DEVICE CLASS RTOS Condition cause : null
2025-10-11 14:40:27,519 [WARN] ConditionMgr:1044 - genDependencies : Invalid condition id : UX DEVICE CLASS RTOS Condition cause : null
2025-10-11 14:40:27,522 [WARN] PackLoader:240 - Cannot read IP mode file for STMicroelectronics.X-CUBE-GNSS1.7.0.1
2025-10-11 14:40:27,525 [WARN] ConditionMgr:438 - getConditionDescription Invalid condition id : Cortex-A Device cause : null
2025-10-11 14:40:27,533 [WARN] ConditionMgr:1044 - genDependencies : Invalid condition id : Cortex-A Device cause : null
2025-10-11 14:40:27,533 [WARN] ConditionMgr:1044 - genDependencies : Invalid condition id : Cortex-A Device cause : null
2025-10-11 14:40:27,533 [WARN] ConditionMgr:1044 - genDependencies : Invalid condition id : Cortex-A Device cause : null
2025-10-11 14:40:27,539 [WARN] PackLoader:240 - Cannot read IP mode file for STMicroelectronics.X-CUBE-SUBG2.5.0.0
2025-10-11 14:40:27,554 [WARN] PackLoader:240 - Cannot read IP mode file for STMicroelectronics.X-CUBE-AZRTOS-H7RS.1.1.0
2025-10-11 14:40:27,561 [WARN] PackLoader:240 - Cannot read IP mode file for STMicroelectronics.X-CUBE-AZRTOS-G4.2.0.0
2025-10-11 14:40:27,563 [WARN] PackLoader:240 - Cannot read IP mode file for wolfSSL.I-CUBE-wolfSSH.1.4.20
2025-10-11 14:40:27,564 [WARN] PackLoader:240 - Cannot read IP mode file for STMicroelectronics.X-CUBE-NFC7.2.0.0
2025-10-11 14:40:27,570 [WARN] PackLoader:240 - Cannot read IP mode file for STMicroelectronics.X-CUBE-IPS.3.1.0
2025-10-11 14:40:27,576 [WARN] PackLoader:240 - Cannot read IP mode file for STMicroelectronics.X-CUBE-ALS.1.0.2
2025-10-11 14:40:27,578 [WARN] PackLoader:240 - Cannot read IP mode file for STMicroelectronics.X-CUBE-STSE01.1.0.0
2025-10-11 14:40:27,581 [WARN] PackLoader:240 - Cannot read IP mode file for STMicroelectronics.X-CUBE-TOF1.3.4.3
2025-10-11 14:40:27,586 [INFO] ThirdParty:978 - Integrity check success = true
2025-10-11 14:40:27,586 [INFO] IntegrityCheckThread:100 - exiting critical section [integrity check]
2025-10-11 14:40:27,586 [INFO] IntegrityCheckThread:103 - End integrity checks thread
2025-10-11 14:40:34,987 [INFO] McuFinderGlobals:63 - Set McuFinder mode to 2 (CubeIDE integrated)
2025-10-11 14:40:34,991 [INFO] MainUpdater:2872 - connection check result : 10
2025-10-11 14:40:35,263 [INFO] ApiDb:581 - Connected to CubeFinder SQLite database (/home/traian/.stmcufinder/plugins/mcufinder/mcu/cube-finder-db.db)
2025-10-11 14:40:35,296 [INFO] ApiDb:668 - CubeFinder database Data Model version=2.1
2025-10-11 14:40:35,296 [INFO] ApiDb:669 - CubeFinder database Configuration version=3.0.39
2025-10-11 14:40:35,296 [INFO] ApiDb:670 - CubeFinder database generation date=2025-08-25 (1756130511)
2025-10-11 14:40:35,296 [INFO] ApiDb:671 - CubeFinder database FW Pack versions=[FP-ATR-ASTRA1_V2.0.0, FP-SNS-FLIGHT1_V5.1.0, FP-SNS-MOTENV1_V5.0.0, FP-SNS-MOTENVWB1_V1.4.0, FP-SNS-SMARTAG2_V1.2.0, FP-SNS-STBOX1_V2.1.0, STM32Cube_FW_C0_V1.4.0, STM32Cube_FW_F4_V1.28.3, STM32Cube_FW_F7_V1.17.4, STM32Cube_FW_G0_V1.6.2, STM32Cube_FW_G4_V1.6.1, STM32Cube_FW_H5_V1.5.0, STM32Cube_FW_H7RS_V1.2.0, STM32Cube_FW_H7_V1.12.1, STM32Cube_FW_L0_V1.12.2, STM32Cube_FW_L4_V1.18.1, STM32Cube_FW_L5_V1.5.1, STM32Cube_FW_N6_V1.2.0, STM32Cube_FW_U0_V1.3.0, STM32Cube_FW_U3_V1.2.0, STM32Cube_FW_U5_V1.8.0, STM32Cube_FW_WB0_V1.3.0, STM32Cube_FW_WBA_V1.7.0, STM32Cube_FW_WB_V1.23.0, STM32Cube_FW_WL3_V1.2.0, STM32Cube_FW_WL_V1.3.1, X-CUBE-ALGOBUILD_V1.4.0, X-CUBE-ALS_V1.0.2, X-CUBE-AZRTOS-F4_V1.1.0, X-CUBE-AZRTOS-F7_V1.1.0, X-CUBE-AZRTOS-G0_V1.1.0, X-CUBE-AZRTOS-G4_V2.0.0, X-CUBE-AZRTOS-H7RS_V1.1.0, X-CUBE-AZRTOS-H7_V3.4.0, X-CUBE-AZRTOS-L4_V2.0.0, X-CUBE-AZRTOS-L5_V2.0.0, X-CUBE-AZRTOS-WB_V2.0.0, X-CUBE-AZRTOS-WL_V2.0.0, X-CUBE-BLE1_V7.1.0, X-CUBE-BLE2_V3.3.0, X-CUBE-BLEMGR_V4.1.0, X-CUBE-EEPRMA1_V5.2.0, X-CUBE-FREERTOS_V1.3.1, X-CUBE-GNSS1_V6.0.0, X-CUBE-MEMS1_V11.3.0, X-CUBE-NFC4_V3.0.0, X-CUBE-NFC7_V2.0.0, X-CUBE-SFXS2LP1_V4.0.0, X-CUBE-ST67W61_V1.0.0, X-CUBE-SUBG2_V5.0.0, X-CUBE-TOF1_V3.4.3]
2025-10-11 14:40:36,831 [INFO] ApiDb:240 - Found 880 in-development CPN: [B-G473E-ZEST1S, B-WB1M-WPAN1, B-WBA5M-WPAN, B-WL5M-SUBG1, NUCLEO-C031C6, NUCLEO-C051C8, NUCLEO-C071RB, NUCLEO-C092RC, NUCLEO-H503RB, NUCLEO-H533RE, NUCLEO-H563ZI, NUCLEO-H7S3L8, NUCLEO-N657X0-Q, NUCLEO-U031R8, NUCLEO-U083RC, NUCLEO-U385RG-Q, NUCLEO-U545RE-Q, NUCLEO-U5A5ZJ-Q, NUCLEO-WB05KZ, NUCLEO-WB07CC, NUCLEO-WB09KE, NUCLEO-WBA52CG, NUCLEO-WBA55CG, NUCLEO-WL33CC1, NUCLEO-WL33CC2, STEVAL-PROTEUS1, STEVAL-SMARTAG2, STEVAL-STWINBX1, STM320518-EVAL, STM32C0116-DK, STM32C011D6Y3TR, STM32C011D6Y6TR, STM32C011F4P3, STM32C011F4P6, STM32C011F4U3, STM32C011F4U6TR, STM32C011F6P3, STM32C011F6P6, STM32C011F6U3, STM32C011F6U6TR, STM32C011J4M3, STM32C011J4M6, STM32C011J6M3, STM32C011J6M6, STM32C0316-DK, STM32C031C4T3, STM32C031C4T6, STM32C031C4U3, STM32C031C4U6, STM32C031C6T3, STM32C031C6T6, STM32C031C6U3, STM32C031C6U6, STM32C031F4P3, STM32C031F4P6, STM32C031F6P3, STM32C031F6P6, STM32C031G4U3, STM32C031G4U6, STM32C031G6U3, STM32C031G6U6, STM32C031K4T3, STM32C031K4T6, STM32C031K4U3, STM32C031K4U6, STM32C031K6T3, STM32C031K6T6, STM32C031K6U3, STM32C031K6U6, STM32C051C6T6, STM32C051C6U6, STM32C051C8T6, STM32C051C8U6, STM32C051D8Y6TR, STM32C051F6P6, STM32C051F8P6, STM32C051G6U6, STM32C051G8U6, STM32C051K6T6, STM32C051K6U6, STM32C051K8T6, STM32C071C8T6, STM32C071C8T6N, STM32C071C8U6, STM32C071C8U6N, STM32C071CBT6, STM32C071CBT6N, STM32C071CBU6, STM32C071CBU6N, STM32C071F8P6, STM32C071F8P6N, STM32C071FBP6, STM32C071FBP6N, STM32C071FBY6TR, STM32C071G8U6, STM32C071G8U6N, STM32C071GBU6, STM32C071GBU6N, STM32C071K8T6, STM32C071K8T6N, STM32C071K8U6, STM32C071K8U6N, STM32C071KBT6, STM32C071KBT6N, STM32C071KBU6, STM32C071KBU6N, STM32C071R8T6, STM32C071R8T6N, STM32C071RBI6N, STM32C071RBT6, STM32C071RBT6N, STM32C091CBT6, STM32C091CBU6, STM32C091CCT6, STM32C091CCU6, STM32C091ECY6TR, STM32C091FBP6, STM32C091FCP6, STM32C091GBU6, STM32C091GCU6, STM32C091KBT6, STM32C091KBU6, STM32C091KCT6, STM32C091KCU6, STM32C091RBT6, STM32C091RCI6, STM32C091RCT6, STM32C092CBT6, STM32C092CBU6, STM32C092CCT6, STM32C092CCU6, STM32C092ECY6TR, STM32C092FBP6, STM32C092FCP6, STM32C092GBU6, STM32C092GCU6, STM32C092KBT6, STM32C092KBU6, STM32C092KCT6, STM32C092KCU6, STM32C092RBT6, STM32C092RCI6, STM32C092RCT6, STM32G071K8TXN, STM32G071K8UXN, STM32G081GBU6N, STM32G081KBT6N, STM32G081KBUXN, STM32G0B1CCT6N, STM32G0B1KCT6, STM32G0B1NEY6TR, STM32G0B1RCT6N, STM32G0C1CCT6, STM32G0C1CCT6N, STM32G0C1CCU6N, STM32G0C1CET6N, STM32G0C1CEU6N, STM32G0C1KCT6, STM32G0C1NEY6TR, STM32G0C1RCI6N, STM32G0C1RCT6N, STM32G0C1REI6N, STM32G0C1RET6N, STM32G0C1VCI6, STM32G0C1VEI6, STM32G411C6T3, STM32G411C6T6, STM32G411C6U3, STM32G411C6U6, STM32G411C8T3, STM32G411C8T6, STM32G411C8U3, STM32G411C8U6, STM32G411CBT3, STM32G411CBT6, STM32G411CBU3, STM32G411CBU6, STM32G411K6T3, STM32G411K6T6, STM32G411K6U3, STM32G411K6U6, STM32G411K8T3, STM32G411K8T6, STM32G411K8U3, STM32G411K8U6, STM32G411KBT3, STM32G411KBT6, STM32G411KBU3, STM32G411KBU6, STM32G411M6T3, STM32G411M6T6, STM32G411M8T3, STM32G411M8T6, STM32G411MBT3, STM32G411MBT6, STM32G411R6T3, STM32G411R6T6, STM32G411R8T3, STM32G411R8T6, STM32G411RBT3, STM32G411RBT6, STM32G414CBT3, STM32G414CBT6, STM32G414CBU3, STM32G414CBU6, STM32G414CCT3, STM32G414CCT6, STM32G414CCU3, STM32G414CCU6, STM32G414MBT3, STM32G414MBT6, STM32G414MCT3, STM32G414MCT6, STM32G414RBT3, STM32G414RBT6, STM32G414RCT3, STM32G414RCT6, STM32G414VBT3, STM32G414VBT6, STM32G414VCT3, STM32G414VCT6, STM32G431CBT3Z, STM32G431RBT3Z, STM32G471CCT6, STM32G471CCU6, STM32G471CET3, STM32G471CET6, STM32G471CEU3, STM32G471CEU6, STM32G471MCT6, STM32G471MET3, STM32G471MET6, STM32G471MEY6TR, STM32G471QCT6, STM32G471QET3, STM32G471RCT6, STM32G471RET3, STM32G471RET6, STM32G471VCH6, STM32G471VCI6, STM32G471VCT6, STM32G471VEH3, STM32G471VEH6, STM32G471VEI3, STM32G471VEI6, STM32G471VET3, STM32G471VET6, STM32G473QET3Z, STM32G473RET3Z, STM32G474CCT6, STM32G491RET3Z, STM32H503CBT6, STM32H503CBU6, STM32H503EBY6TR, STM32H503KBU6, STM32H503RBT6, STM32H523CCT6, STM32H523CCU6, STM32H523CET6, STM32H523CEU6, STM32H523HEY6TR, STM32H523RCT6, STM32H523RET6, STM32H523VCI6, STM32H523VCT6, STM32H523VEI6, STM32H523VET6, STM32H523ZCJ6, STM32H523ZCT6, STM32H523ZEJ6, STM32H523ZET6, STM32H533CET6, STM32H533CEU6, STM32H533HEY6TR, STM32H533RET6, STM32H533VEI6, STM32H533VET6, STM32H533ZEJ6, STM32H533ZET6, STM32H562AGI6, STM32H562AII6, STM32H562IGK6, STM32H562IGT6, STM32H562IIK6, STM32H562IIT6, STM32H562RGT6, STM32H562RGV6, STM32H562RIT6, STM32H562RIV6, STM32H562VGT6, STM32H562VIT6, STM32H562ZGT6, STM32H562ZIT6, STM32H563AGI6, STM32H563AII3Q, STM32H563AII6, STM32H563IGK6, STM32H563IGT6, STM32H563IIK3Q, STM32H563IIK6, STM32H563IIT3Q, STM32H563IIT6, STM32H563MIY3QTR, STM32H563RGT6, STM32H563RGV6, STM32H563RIT6, STM32H563RIV6, STM32H563VGT6, STM32H563VIT3Q, STM32H563VIT6, STM32H563ZGT6, STM32H563ZIT3Q, STM32H563ZIT6, STM32H573AII3Q, STM32H573AII6, STM32H573I-DK, STM32H573IIK3Q, STM32H573IIK6, STM32H573IIT3Q, STM32H573IIT6, STM32H573MIY3QTR, STM32H573RIT6, STM32H573RIV6, STM32H573VIT3Q, STM32H573VIT6, STM32H573ZIT3Q, STM32H573ZIT6, STM32H7R3A8I6, STM32H7R3I8K6, STM32H7R3I8T6, STM32H7R3L8H6, STM32H7R3L8H6H, STM32H7R3R8V6, STM32H7R3V8H6, STM32H7R3V8T6, STM32H7R3V8Y6TR, STM32H7R3Z8J6, STM32H7R3Z8T6, STM32H7R7A8I6, STM32H7R7I8K6, STM32H7R7I8T6, STM32H7R7L8H6, STM32H7R7L8H6H, STM32H7R7Z8J6, STM32H7S3A8I6, STM32H7S3I8K6, STM32H7S3I8T6, STM32H7S3L8H6, STM32H7S3L8H6H, STM32H7S3R8V6, STM32H7S3V8H6, STM32H7S3V8T6, STM32H7S3V8Y6TR, STM32H7S3Z8J6, STM32H7S3Z8T6, STM32H7S78-DK, STM32H7S7A8I6, STM32H7S7I8K6, STM32H7S7I8T6, STM32H7S7L8H6, STM32H7S7L8H6H, STM32H7S7Z8J6, STM32L4R5QGI6STR, STM32MP131AAE3, STM32MP131AAF3, STM32MP131AAG3, STM32MP131CAE3, STM32MP131CAF3, STM32MP131CAG3, STM32MP131DAE7, STM32MP131DAF7, STM32MP131DAG7, STM32MP131FAE7, STM32MP131FAF7, STM32MP131FAG7, STM32MP133AAE3, STM32MP133AAF3, STM32MP133AAG3, STM32MP133CAE3, STM32MP133CAF3, STM32MP133CAG3, STM32MP133DAE7, STM32MP133DAF7, STM32MP133DAG7, STM32MP133FAE7, STM32MP133FAF7, STM32MP133FAG7, STM32MP135AAE3, STM32MP135AAF3, STM32MP135AAG3, STM32MP135CAE3, STM32MP135CAF3, STM32MP135CAG3, STM32MP135DAE7, STM32MP135DAF7, STM32MP135DAG7, STM32MP135F-DK, STM32MP135FAE7, STM32MP135FAF7, STM32MP135FAF7T, STM32MP135FAF7U, STM32MP135FAG7, STM32MP211AAL3, STM32MP211AAM3, STM32MP211AAN3, STM32MP211AAO3, STM32MP211CAL3, STM32MP211CAM3, STM32MP211CAN3, STM32MP211CAO3, STM32MP211DAL3, STM32MP211DAM3, STM32MP211DAN3, STM32MP211DAO3, STM32MP211FAL3, STM32MP211FAM3, STM32MP211FAN3, STM32MP211FAO3, STM32MP213AAL3, STM32MP213AAM3, STM32MP213AAN3, STM32MP213AAO3, STM32MP213CAL3, STM32MP213CAM3, STM32MP213CAN3, STM32MP213CAO3, STM32MP213DAL3, STM32MP213DAM3, STM32MP213DAN3, STM32MP213DAO3, STM32MP213FAL3, STM32MP213FAM3, STM32MP213FAN3, STM32MP213FAO3, STM32MP215AAL3, STM32MP215AAM3, STM32MP215AAN3, STM32MP215AAO3, STM32MP215CAL3, STM32MP215CAM3, STM32MP215CAN3, STM32MP215CAO3, STM32MP215DAL3, STM32MP215DAM3, STM32MP215DAN3, STM32MP215DAO3, STM32MP215F-DK, STM32MP215FAL3, STM32MP215FAM3, STM32MP215FAN3, STM32MP215FAO3, STM32MP231AAJ3, STM32MP231AAK3, STM32MP231AAL3, STM32MP231CAJ3, STM32MP231CAK3, STM32MP231CAL3, STM32MP231DAJ3, STM32MP231DAK3, STM32MP231DAL3, STM32MP231FAJ3, STM32MP231FAK3, STM32MP231FAL3, STM32MP233AAJ3, STM32MP233AAK3, STM32MP233AAL3, STM32MP233CAJ3, STM32MP233CAK3, STM32MP233CAL3, STM32MP233DAJ3, STM32MP233DAK3, STM32MP233DAL3, STM32MP233FAJ3, STM32MP233FAK3, STM32MP233FAL3, STM32MP235AAJ3, STM32MP235AAK3, STM32MP235AAL3, STM32MP235CAJ3, STM32MP235CAK3, STM32MP235CAL3, STM32MP235DAJ3, STM32MP235DAK3, STM32MP235DAL3, STM32MP235FAJ3, STM32MP235FAK3, STM32MP235FAL3, STM32MP251AAI3, STM32MP251AAK3, STM32MP251AAL3, STM32MP251CAI3, STM32MP251CAK3, STM32MP251CAL3, STM32MP251DAI3, STM32MP251DAK3, STM32MP251DAL3, STM32MP251FAI3, STM32MP251FAK3, STM32MP251FAL3, STM32MP253AAI3, STM32MP253AAK3, STM32MP253AAL3, STM32MP253CAI3, STM32MP253CAK3, STM32MP253CAL3, STM32MP253DAI3, STM32MP253DAK3, STM32MP253DAL3, STM32MP253FAI3, STM32MP253FAK3, STM32MP253FAL3, STM32MP255AAI3, STM32MP255AAK3, STM32MP255AAL3, STM32MP255CAI3, STM32MP255CAK3, STM32MP255CAL3, STM32MP255DAI3, STM32MP255DAK3, STM32MP255DAL3, STM32MP255FAI3, STM32MP255FAK3, STM32MP255FAL3, STM32MP257AAI3, STM32MP257AAK3, STM32MP257AAL3, STM32MP257CAI3, STM32MP257CAK3, STM32MP257CAL3, STM32MP257DAI3, STM32MP257DAK3, STM32MP257DAL3, STM32MP257F-DK, STM32MP257F-EV1, STM32MP257FAI3, STM32MP257FAK3, STM32MP257FAL3, STM32N645A0H3Q, STM32N645B0H3Q, STM32N645I0H3Q, STM32N645L0H3Q, STM32N645X0H3Q, STM32N645Z0H3Q, STM32N647A0H3Q, STM32N647B0H3Q, STM32N647I0H3Q, STM32N647L0H3Q, STM32N647X0H3Q, STM32N647Z0H3Q, STM32N655A0H3Q, STM32N655B0H3Q, STM32N655I0H3Q, STM32N655L0H3Q, STM32N655X0H3Q, STM32N655Z0H3Q, STM32N6570-DK, STM32N657A0H3Q, STM32N657B0H3Q, STM32N657I0H3Q, STM32N657L0H3Q, STM32N657X0H3Q, STM32N657Z0H3Q, STM32U031C6T6, STM32U031C6U6, STM32U031C8T6, STM32U031C8U6, STM32U031F4P6, STM32U031F6P6, STM32U031F8P6, STM32U031G6Y6TR, STM32U031G8Y6TR, STM32U031K4U6, STM32U031K6U6, STM32U031K8U6, STM32U031R6I6, STM32U031R6T6, STM32U031R8I6, STM32U031R8T6, STM32U073C8T6, STM32U073C8U6, STM32U073CBT6, STM32U073CBU6, STM32U073CCT6, STM32U073CCU6, STM32U073H8Y6TR, STM32U073HBY6TR, STM32U073HCY6TR, STM32U073K8U6, STM32U073KBU6, STM32U073KCU6, STM32U073M8I6, STM32U073M8T6, STM32U073MBI6, STM32U073MBT6, STM32U073MCI6, STM32U073MCT6, STM32U073R8I6, STM32U073R8T6, STM32U073RBI6, STM32U073RBT6, STM32U073RCI6, STM32U073RCT6, STM32U083C-DK, STM32U083CCT6, STM32U083CCU6, STM32U083HCY6TR, STM32U083KCU6, STM32U083MCI6, STM32U083MCT6, STM32U083RCI6, STM32U083RCT6, STM32U375CET6, STM32U375CET6Q, STM32U375CEU6, STM32U375CEU6Q, STM32U375CEY6QTR, STM32U375CGT6, STM32U375CGT6Q, STM32U375CGU6, STM32U375CGU6Q, STM32U375CGY6QTR, STM32U375KEU6, STM32U375KGU6, STM32U375REI6, STM32U375REI6Q, STM32U375RET6, STM32U375RET6Q, STM32U375REY6GTR, STM32U375REY6QTR, STM32U375RGI6, STM32U375RGI6Q, STM32U375RGT6, STM32U375RGT6Q, STM32U375RGY6GTR, STM32U375RGY6QTR, STM32U375VEI6, STM32U375VEI6Q, STM32U375VET6, STM32U375VET6Q, STM32U375VGI6, STM32U375VGI6Q, STM32U375VGT6, STM32U375VGT6Q, STM32U385CGT6, STM32U385CGT6Q, STM32U385CGU6, STM32U385CGU6Q, STM32U385CGY6QTR, STM32U385KGU6, STM32U385RGI6, STM32U385RGI6Q, STM32U385RGT6, STM32U385RGT6Q, STM32U385RGY6GTR, STM32U385RGY6QTR, STM32U385VGI6, STM32U385VGI6Q, STM32U385VGT6, STM32U385VGT6Q, STM32U535CBT6, STM32U535CBT6Q, STM32U535CBU6, STM32U535CBU6Q, STM32U535CCT6, STM32U535CCT6Q, STM32U535CCU6, STM32U535CCU6Q, STM32U535CET6, STM32U535CET6Q, STM32U535CEU6, STM32U535CEU6Q, STM32U535JEY6QTR, STM32U535NCY6QTR, STM32U535NEY6QTR, STM32U535RBI6, STM32U535RBI6Q, STM32U535RBT6, STM32U535RBT6Q, STM32U535RCI6, STM32U535RCI6Q, STM32U535RCT6, STM32U535RCT6Q, STM32U535REI6, STM32U535REI6Q, STM32U535RET6, STM32U535RET6Q, STM32U535VCI6, STM32U535VCI6Q, STM32U535VCT6, STM32U535VCT6Q, STM32U535VEI6, STM32U535VEI6Q, STM32U535VET6, STM32U535VET6Q, STM32U545CET6, STM32U545CET6Q, STM32U545CEU6, STM32U545CEU6Q, STM32U545JEY6QTR, STM32U545NEY6QTR, STM32U545REI6, STM32U545REI6Q, STM32U545RET6, STM32U545RET6Q, STM32U545VEI6, STM32U545VEI6Q, STM32U545VET6, STM32U545VET6Q, STM32U595AIH6, STM32U595AIH6Q, STM32U595AJH6, STM32U595AJH6Q, STM32U595QII6, STM32U595QII6Q, STM32U595QJI6, STM32U595QJI6Q, STM32U595RIT6, STM32U595RIT6Q, STM32U595RJT6, STM32U595RJT6Q, STM32U595VIT6, STM32U595VIT6Q, STM32U595VJT6, STM32U595VJT6Q, STM32U595ZIT6, STM32U595ZIT6Q, STM32U595ZIY6QTR, STM32U595ZJT6, STM32U595ZJT6Q, STM32U595ZJY6QTR, STM32U599BJY6QTR, STM32U599NIH6Q, STM32U599NJH6Q, STM32U599VIT6Q, STM32U599VJT6, STM32U599VJT6Q, STM32U599ZIT6Q, STM32U599ZIY6QTR, STM32U599ZJT6Q, STM32U599ZJY6QTR, STM32U5A5AJH6, STM32U5A5AJH6Q, STM32U5A5QII3Q , STM32U5A5QJI6, STM32U5A5QJI6Q, STM32U5A5RJT6, STM32U5A5RJT6Q, STM32U5A5VJT6, STM32U5A5VJT6Q, STM32U5A5ZJT6, STM32U5A5ZJT6Q, STM32U5A5ZJY6QTR, STM32U5A9BJY6QTR, STM32U5A9J-DK, STM32U5A9NJH6Q, STM32U5A9VJT6Q, STM32U5A9ZJT6Q, STM32U5A9ZJY6QTR, STM32U5F7VIT6, STM32U5F7VIT6Q, STM32U5F7VJT6, STM32U5F7VJT6Q, STM32U5F9BJY6QTR, STM32U5F9NJH6Q, STM32U5F9VIT6Q, STM32U5F9VJT6Q, STM32U5F9ZIJ6QTR, STM32U5F9ZIT6Q, STM32U5F9ZJJ6QTR, STM32U5F9ZJT6Q, STM32U5G7VJT6, STM32U5G7VJT6Q, STM32U5G9BJY6QTR, STM32U5G9J-DK1, STM32U5G9J-DK2, STM32U5G9NJH6Q, STM32U5G9VJT6Q, STM32U5G9ZJJ6QTR, STM32U5G9ZJT6Q, STM32WB05KZV6TR, STM32WB05KZV7TR, STM32WB05TZF6TR, STM32WB05TZF7TR, STM32WB06CCF6TR, STM32WB06CCF7TR, STM32WB06CCV6TR, STM32WB06CCV7TR, STM32WB06KCV6TR, STM32WB06KCV7TR, STM32WB07CCF6TR, STM32WB07CCF7TR, STM32WB07CCV6TR, STM32WB07CCV7TR, STM32WB07KCV6TR, STM32WB07KCV7TR, STM32WB09KEV6TR, STM32WB09KEV7TR, STM32WB09TEF6TR, STM32WB09TEF7TR, STM32WB1MMCH6, STM32WBA50KGU6, STM32WBA50KGU6TR, STM32WBA52CEU6, STM32WBA52CEU6TR, STM32WBA52CEU7, STM32WBA52CEU7TR, STM32WBA52CGU6, STM32WBA52CGU6TR, STM32WBA52CGU6U, STM32WBA52CGU7, STM32WBA52CGU7TR, STM32WBA52KEU6, STM32WBA52KEU6TR, STM32WBA52KGU6, STM32WBA52KGU6TR, STM32WBA54CEU6, STM32WBA54CEU6TR, STM32WBA54CEU7, STM32WBA54CEU7TR, STM32WBA54CGU6, STM32WBA54CGU6TR, STM32WBA54CGU7, STM32WBA54CGU7TR, STM32WBA54KEU6, STM32WBA54KEU6TR, STM32WBA54KEU7, STM32WBA54KEU7TR, STM32WBA54KGU6, STM32WBA54KGU6TR, STM32WBA54KGU7, STM32WBA54KGU7TR, STM32WBA55CEU6, STM32WBA55CEU6TR, STM32WBA55CEU7, STM32WBA55CEU7TR, STM32WBA55CGU6, STM32WBA55CGU6TR, STM32WBA55CGU6U, STM32WBA55CGU7, STM32WBA55CGU7TR, STM32WBA55G-DK1, STM32WBA55HEF6, STM32WBA55HEF7, STM32WBA55HGF6, STM32WBA55HGF7, STM32WBA55UEI6, STM32WBA55UEI6TR, STM32WBA55UEI7, STM32WBA55UEI7TR, STM32WBA55UGI6, STM32WBA55UGI6TR, STM32WBA55UGI7, STM32WBA55UGI7TR, STM32WBA5MMGH6TR, STM32WBA62MGF6, STM32WBA62MIF6, STM32WBA65MGF7, STM32WBA65MIF6, STM32WBA65MIF7, STM32WL30K8V6, STM32WL30KBV6, STM32WL31C8V6, STM32WL31CBV6, STM32WL31K8V6, STM32WL31KBV6, STM32WL33C8V6, STM32WL33C8V6X, STM32WL33CBV6, STM32WL33CBV6X, STM32WL33CCV6, STM32WL33CCV6A, STM32WL33CCV6X, STM32WL33K8V7, STM32WL33K8V7X, STM32WL33KBV7 , STM32WL33KBV7X, STM32WL33KCV7, STM32WL33KCV7X, STM32WL5MOCH6, STM32WL5MOCH6TR]
2025-10-11 14:40:36,838 [INFO] DbMcus:218 - Found 4801 MCUs, 4801 are supported
2025-10-11 14:40:36,838 [INFO] ApiDb:423 - Load user favorites file /home/traian/.stm32cubeide/favorites.mcus.txt: 0 item(s)
2025-10-11 14:40:36,838 [INFO] ApiDb:427 - User favorites MCUs=[]
2025-10-11 14:40:36,838 [INFO] DbMcus:224 - Set 0 / 0 favorites MCUs
2025-10-11 14:40:37,124 [INFO] ApiDb:668 - CubeFinder database Data Model version=2.1
2025-10-11 14:40:37,124 [INFO] ApiDb:669 - CubeFinder database Configuration version=3.0.39
2025-10-11 14:40:37,124 [INFO] ApiDb:670 - CubeFinder database generation date=2025-08-25 (1756130511)
2025-10-11 14:40:37,124 [INFO] ApiDb:671 - CubeFinder database FW Pack versions=[FP-ATR-ASTRA1_V2.0.0, FP-SNS-FLIGHT1_V5.1.0, FP-SNS-MOTENV1_V5.0.0, FP-SNS-MOTENVWB1_V1.4.0, FP-SNS-SMARTAG2_V1.2.0, FP-SNS-STBOX1_V2.1.0, STM32Cube_FW_C0_V1.4.0, STM32Cube_FW_F4_V1.28.3, STM32Cube_FW_F7_V1.17.4, STM32Cube_FW_G0_V1.6.2, STM32Cube_FW_G4_V1.6.1, STM32Cube_FW_H5_V1.5.0, STM32Cube_FW_H7RS_V1.2.0, STM32Cube_FW_H7_V1.12.1, STM32Cube_FW_L0_V1.12.2, STM32Cube_FW_L4_V1.18.1, STM32Cube_FW_L5_V1.5.1, STM32Cube_FW_N6_V1.2.0, STM32Cube_FW_U0_V1.3.0, STM32Cube_FW_U3_V1.2.0, STM32Cube_FW_U5_V1.8.0, STM32Cube_FW_WB0_V1.3.0, STM32Cube_FW_WBA_V1.7.0, STM32Cube_FW_WB_V1.23.0, STM32Cube_FW_WL3_V1.2.0, STM32Cube_FW_WL_V1.3.1, X-CUBE-ALGOBUILD_V1.4.0, X-CUBE-ALS_V1.0.2, X-CUBE-AZRTOS-F4_V1.1.0, X-CUBE-AZRTOS-F7_V1.1.0, X-CUBE-AZRTOS-G0_V1.1.0, X-CUBE-AZRTOS-G4_V2.0.0, X-CUBE-AZRTOS-H7RS_V1.1.0, X-CUBE-AZRTOS-H7_V3.4.0, X-CUBE-AZRTOS-L4_V2.0.0, X-CUBE-AZRTOS-L5_V2.0.0, X-CUBE-AZRTOS-WB_V2.0.0, X-CUBE-AZRTOS-WL_V2.0.0, X-CUBE-BLE1_V7.1.0, X-CUBE-BLE2_V3.3.0, X-CUBE-BLEMGR_V4.1.0, X-CUBE-EEPRMA1_V5.2.0, X-CUBE-FREERTOS_V1.3.1, X-CUBE-GNSS1_V6.0.0, X-CUBE-MEMS1_V11.3.0, X-CUBE-NFC4_V3.0.0, X-CUBE-NFC7_V2.0.0, X-CUBE-SFXS2LP1_V4.0.0, X-CUBE-ST67W61_V1.0.0, X-CUBE-SUBG2_V5.0.0, X-CUBE-TOF1_V3.4.3]
2025-10-11 14:40:37,159 [INFO] DbBoardsSqlite:226 - include board P-NUCLEO-WB55-NUCLEO as a kit item of type 'Nucleo-64'
2025-10-11 14:40:37,159 [INFO] DbBoardsSqlite:226 - include board P-NUCLEO-WB55-USBDONGLE as a kit item of type 'Nucleo USB Dongle'
2025-10-11 14:40:37,160 [INFO] DbBoardsSqlite:226 - include board STEVAL-IDP005V1 as a kit item of type 'Evaluation Board'
2025-10-11 14:40:37,160 [INFO] DbBoardsSqlite:226 - include board STEVAL-IDP005V2 as a kit item of type 'Evaluation Board'
2025-10-11 14:40:37,184 [INFO] ApiDb:240 - Found 880 in-development CPN: [B-G473E-ZEST1S, B-WB1M-WPAN1, B-WBA5M-WPAN, B-WL5M-SUBG1, NUCLEO-C031C6, NUCLEO-C051C8, NUCLEO-C071RB, NUCLEO-C092RC, NUCLEO-H503RB, NUCLEO-H533RE, NUCLEO-H563ZI, NUCLEO-H7S3L8, NUCLEO-N657X0-Q, NUCLEO-U031R8, NUCLEO-U083RC, NUCLEO-U385RG-Q, NUCLEO-U545RE-Q, NUCLEO-U5A5ZJ-Q, NUCLEO-WB05KZ, NUCLEO-WB07CC, NUCLEO-WB09KE, NUCLEO-WBA52CG, NUCLEO-WBA55CG, NUCLEO-WL33CC1, NUCLEO-WL33CC2, STEVAL-PROTEUS1, STEVAL-SMARTAG2, STEVAL-STWINBX1, STM320518-EVAL, STM32C0116-DK, STM32C011D6Y3TR, STM32C011D6Y6TR, STM32C011F4P3, STM32C011F4P6, STM32C011F4U3, STM32C011F4U6TR, STM32C011F6P3, STM32C011F6P6, STM32C011F6U3, STM32C011F6U6TR, STM32C011J4M3, STM32C011J4M6, STM32C011J6M3, STM32C011J6M6, STM32C0316-DK, STM32C031C4T3, STM32C031C4T6, STM32C031C4U3, STM32C031C4U6, STM32C031C6T3, STM32C031C6T6, STM32C031C6U3, STM32C031C6U6, STM32C031F4P3, STM32C031F4P6, STM32C031F6P3, STM32C031F6P6, STM32C031G4U3, STM32C031G4U6, STM32C031G6U3, STM32C031G6U6, STM32C031K4T3, STM32C031K4T6, STM32C031K4U3, STM32C031K4U6, STM32C031K6T3, STM32C031K6T6, STM32C031K6U3, STM32C031K6U6, STM32C051C6T6, STM32C051C6U6, STM32C051C8T6, STM32C051C8U6, STM32C051D8Y6TR, STM32C051F6P6, STM32C051F8P6, STM32C051G6U6, STM32C051G8U6, STM32C051K6T6, STM32C051K6U6, STM32C051K8T6, STM32C071C8T6, STM32C071C8T6N, STM32C071C8U6, STM32C071C8U6N, STM32C071CBT6, STM32C071CBT6N, STM32C071CBU6, STM32C071CBU6N, STM32C071F8P6, STM32C071F8P6N, STM32C071FBP6, STM32C071FBP6N, STM32C071FBY6TR, STM32C071G8U6, STM32C071G8U6N, STM32C071GBU6, STM32C071GBU6N, STM32C071K8T6, STM32C071K8T6N, STM32C071K8U6, STM32C071K8U6N, STM32C071KBT6, STM32C071KBT6N, STM32C071KBU6, STM32C071KBU6N, STM32C071R8T6, STM32C071R8T6N, STM32C071RBI6N, STM32C071RBT6, STM32C071RBT6N, STM32C091CBT6, STM32C091CBU6, STM32C091CCT6, STM32C091CCU6, STM32C091ECY6TR, STM32C091FBP6, STM32C091FCP6, STM32C091GBU6, STM32C091GCU6, STM32C091KBT6, STM32C091KBU6, STM32C091KCT6, STM32C091KCU6, STM32C091RBT6, STM32C091RCI6, STM32C091RCT6, STM32C092CBT6, STM32C092CBU6, STM32C092CCT6, STM32C092CCU6, STM32C092ECY6TR, STM32C092FBP6, STM32C092FCP6, STM32C092GBU6, STM32C092GCU6, STM32C092KBT6, STM32C092KBU6, STM32C092KCT6, STM32C092KCU6, STM32C092RBT6, STM32C092RCI6, STM32C092RCT6, STM32G071K8TXN, STM32G071K8UXN, STM32G081GBU6N, STM32G081KBT6N, STM32G081KBUXN, STM32G0B1CCT6N, STM32G0B1KCT6, STM32G0B1NEY6TR, STM32G0B1RCT6N, STM32G0C1CCT6, STM32G0C1CCT6N, STM32G0C1CCU6N, STM32G0C1CET6N, STM32G0C1CEU6N, STM32G0C1KCT6, STM32G0C1NEY6TR, STM32G0C1RCI6N, STM32G0C1RCT6N, STM32G0C1REI6N, STM32G0C1RET6N, STM32G0C1VCI6, STM32G0C1VEI6, STM32G411C6T3, STM32G411C6T6, STM32G411C6U3, STM32G411C6U6, STM32G411C8T3, STM32G411C8T6, STM32G411C8U3, STM32G411C8U6, STM32G411CBT3, STM32G411CBT6, STM32G411CBU3, STM32G411CBU6, STM32G411K6T3, STM32G411K6T6, STM32G411K6U3, STM32G411K6U6, STM32G411K8T3, STM32G411K8T6, STM32G411K8U3, STM32G411K8U6, STM32G411KBT3, STM32G411KBT6, STM32G411KBU3, STM32G411KBU6, STM32G411M6T3, STM32G411M6T6, STM32G411M8T3, STM32G411M8T6, STM32G411MBT3, STM32G411MBT6, STM32G411R6T3, STM32G411R6T6, STM32G411R8T3, STM32G411R8T6, STM32G411RBT3, STM32G411RBT6, STM32G414CBT3, STM32G414CBT6, STM32G414CBU3, STM32G414CBU6, STM32G414CCT3, STM32G414CCT6, STM32G414CCU3, STM32G414CCU6, STM32G414MBT3, STM32G414MBT6, STM32G414MCT3, STM32G414MCT6, STM32G414RBT3, STM32G414RBT6, STM32G414RCT3, STM32G414RCT6, STM32G414VBT3, STM32G414VBT6, STM32G414VCT3, STM32G414VCT6, STM32G431CBT3Z, STM32G431RBT3Z, STM32G471CCT6, STM32G471CCU6, STM32G471CET3, STM32G471CET6, STM32G471CEU3, STM32G471CEU6, STM32G471MCT6, STM32G471MET3, STM32G471MET6, STM32G471MEY6TR, STM32G471QCT6, STM32G471QET3, STM32G471RCT6, STM32G471RET3, STM32G471RET6, STM32G471VCH6, STM32G471VCI6, STM32G471VCT6, STM32G471VEH3, STM32G471VEH6, STM32G471VEI3, STM32G471VEI6, STM32G471VET3, STM32G471VET6, STM32G473QET3Z, STM32G473RET3Z, STM32G474CCT6, STM32G491RET3Z, STM32H503CBT6, STM32H503CBU6, STM32H503EBY6TR, STM32H503KBU6, STM32H503RBT6, STM32H523CCT6, STM32H523CCU6, STM32H523CET6, STM32H523CEU6, STM32H523HEY6TR, STM32H523RCT6, STM32H523RET6, STM32H523VCI6, STM32H523VCT6, STM32H523VEI6, STM32H523VET6, STM32H523ZCJ6, STM32H523ZCT6, STM32H523ZEJ6, STM32H523ZET6, STM32H533CET6, STM32H533CEU6, STM32H533HEY6TR, STM32H533RET6, STM32H533VEI6, STM32H533VET6, STM32H533ZEJ6, STM32H533ZET6, STM32H562AGI6, STM32H562AII6, STM32H562IGK6, STM32H562IGT6, STM32H562IIK6, STM32H562IIT6, STM32H562RGT6, STM32H562RGV6, STM32H562RIT6, STM32H562RIV6, STM32H562VGT6, STM32H562VIT6, STM32H562ZGT6, STM32H562ZIT6, STM32H563AGI6, STM32H563AII3Q, STM32H563AII6, STM32H563IGK6, STM32H563IGT6, STM32H563IIK3Q, STM32H563IIK6, STM32H563IIT3Q, STM32H563IIT6, STM32H563MIY3QTR, STM32H563RGT6, STM32H563RGV6, STM32H563RIT6, STM32H563RIV6, STM32H563VGT6, STM32H563VIT3Q, STM32H563VIT6, STM32H563ZGT6, STM32H563ZIT3Q, STM32H563ZIT6, STM32H573AII3Q, STM32H573AII6, STM32H573I-DK, STM32H573IIK3Q, STM32H573IIK6, STM32H573IIT3Q, STM32H573IIT6, STM32H573MIY3QTR, STM32H573RIT6, STM32H573RIV6, STM32H573VIT3Q, STM32H573VIT6, STM32H573ZIT3Q, STM32H573ZIT6, STM32H7R3A8I6, STM32H7R3I8K6, STM32H7R3I8T6, STM32H7R3L8H6, STM32H7R3L8H6H, STM32H7R3R8V6, STM32H7R3V8H6, STM32H7R3V8T6, STM32H7R3V8Y6TR, STM32H7R3Z8J6, STM32H7R3Z8T6, STM32H7R7A8I6, STM32H7R7I8K6, STM32H7R7I8T6, STM32H7R7L8H6, STM32H7R7L8H6H, STM32H7R7Z8J6, STM32H7S3A8I6, STM32H7S3I8K6, STM32H7S3I8T6, STM32H7S3L8H6, STM32H7S3L8H6H, STM32H7S3R8V6, STM32H7S3V8H6, STM32H7S3V8T6, STM32H7S3V8Y6TR, STM32H7S3Z8J6, STM32H7S3Z8T6, STM32H7S78-DK, STM32H7S7A8I6, STM32H7S7I8K6, STM32H7S7I8T6, STM32H7S7L8H6, STM32H7S7L8H6H, STM32H7S7Z8J6, STM32L4R5QGI6STR, STM32MP131AAE3, STM32MP131AAF3, STM32MP131AAG3, STM32MP131CAE3, STM32MP131CAF3, STM32MP131CAG3, STM32MP131DAE7, STM32MP131DAF7, STM32MP131DAG7, STM32MP131FAE7, STM32MP131FAF7, STM32MP131FAG7, STM32MP133AAE3, STM32MP133AAF3, STM32MP133AAG3, STM32MP133CAE3, STM32MP133CAF3, STM32MP133CAG3, STM32MP133DAE7, STM32MP133DAF7, STM32MP133DAG7, STM32MP133FAE7, STM32MP133FAF7, STM32MP133FAG7, STM32MP135AAE3, STM32MP135AAF3, STM32MP135AAG3, STM32MP135CAE3, STM32MP135CAF3, STM32MP135CAG3, STM32MP135DAE7, STM32MP135DAF7, STM32MP135DAG7, STM32MP135F-DK, STM32MP135FAE7, STM32MP135FAF7, STM32MP135FAF7T, STM32MP135FAF7U, STM32MP135FAG7, STM32MP211AAL3, STM32MP211AAM3, STM32MP211AAN3, STM32MP211AAO3, STM32MP211CAL3, STM32MP211CAM3, STM32MP211CAN3, STM32MP211CAO3, STM32MP211DAL3, STM32MP211DAM3, STM32MP211DAN3, STM32MP211DAO3, STM32MP211FAL3, STM32MP211FAM3, STM32MP211FAN3, STM32MP211FAO3, STM32MP213AAL3, STM32MP213AAM3, STM32MP213AAN3, STM32MP213AAO3, STM32MP213CAL3, STM32MP213CAM3, STM32MP213CAN3, STM32MP213CAO3, STM32MP213DAL3, STM32MP213DAM3, STM32MP213DAN3, STM32MP213DAO3, STM32MP213FAL3, STM32MP213FAM3, STM32MP213FAN3, STM32MP213FAO3, STM32MP215AAL3, STM32MP215AAM3, STM32MP215AAN3, STM32MP215AAO3, STM32MP215CAL3, STM32MP215CAM3, STM32MP215CAN3, STM32MP215CAO3, STM32MP215DAL3, STM32MP215DAM3, STM32MP215DAN3, STM32MP215DAO3, STM32MP215F-DK, STM32MP215FAL3, STM32MP215FAM3, STM32MP215FAN3, STM32MP215FAO3, STM32MP231AAJ3, STM32MP231AAK3, STM32MP231AAL3, STM32MP231CAJ3, STM32MP231CAK3, STM32MP231CAL3, STM32MP231DAJ3, STM32MP231DAK3, STM32MP231DAL3, STM32MP231FAJ3, STM32MP231FAK3, STM32MP231FAL3, STM32MP233AAJ3, STM32MP233AAK3, STM32MP233AAL3, STM32MP233CAJ3, STM32MP233CAK3, STM32MP233CAL3, STM32MP233DAJ3, STM32MP233DAK3, STM32MP233DAL3, STM32MP233FAJ3, STM32MP233FAK3, STM32MP233FAL3, STM32MP235AAJ3, STM32MP235AAK3, STM32MP235AAL3, STM32MP235CAJ3, STM32MP235CAK3, STM32MP235CAL3, STM32MP235DAJ3, STM32MP235DAK3, STM32MP235DAL3, STM32MP235FAJ3, STM32MP235FAK3, STM32MP235FAL3, STM32MP251AAI3, STM32MP251AAK3, STM32MP251AAL3, STM32MP251CAI3, STM32MP251CAK3, STM32MP251CAL3, STM32MP251DAI3, STM32MP251DAK3, STM32MP251DAL3, STM32MP251FAI3, STM32MP251FAK3, STM32MP251FAL3, STM32MP253AAI3, STM32MP253AAK3, STM32MP253AAL3, STM32MP253CAI3, STM32MP253CAK3, STM32MP253CAL3, STM32MP253DAI3, STM32MP253DAK3, STM32MP253DAL3, STM32MP253FAI3, STM32MP253FAK3, STM32MP253FAL3, STM32MP255AAI3, STM32MP255AAK3, STM32MP255AAL3, STM32MP255CAI3, STM32MP255CAK3, STM32MP255CAL3, STM32MP255DAI3, STM32MP255DAK3, STM32MP255DAL3, STM32MP255FAI3, STM32MP255FAK3, STM32MP255FAL3, STM32MP257AAI3, STM32MP257AAK3, STM32MP257AAL3, STM32MP257CAI3, STM32MP257CAK3, STM32MP257CAL3, STM32MP257DAI3, STM32MP257DAK3, STM32MP257DAL3, STM32MP257F-DK, STM32MP257F-EV1, STM32MP257FAI3, STM32MP257FAK3, STM32MP257FAL3, STM32N645A0H3Q, STM32N645B0H3Q, STM32N645I0H3Q, STM32N645L0H3Q, STM32N645X0H3Q, STM32N645Z0H3Q, STM32N647A0H3Q, STM32N647B0H3Q, STM32N647I0H3Q, STM32N647L0H3Q, STM32N647X0H3Q, STM32N647Z0H3Q, STM32N655A0H3Q, STM32N655B0H3Q, STM32N655I0H3Q, STM32N655L0H3Q, STM32N655X0H3Q, STM32N655Z0H3Q, STM32N6570-DK, STM32N657A0H3Q, STM32N657B0H3Q, STM32N657I0H3Q, STM32N657L0H3Q, STM32N657X0H3Q, STM32N657Z0H3Q, STM32U031C6T6, STM32U031C6U6, STM32U031C8T6, STM32U031C8U6, STM32U031F4P6, STM32U031F6P6, STM32U031F8P6, STM32U031G6Y6TR, STM32U031G8Y6TR, STM32U031K4U6, STM32U031K6U6, STM32U031K8U6, STM32U031R6I6, STM32U031R6T6, STM32U031R8I6, STM32U031R8T6, STM32U073C8T6, STM32U073C8U6, STM32U073CBT6, STM32U073CBU6, STM32U073CCT6, STM32U073CCU6, STM32U073H8Y6TR, STM32U073HBY6TR, STM32U073HCY6TR, STM32U073K8U6, STM32U073KBU6, STM32U073KCU6, STM32U073M8I6, STM32U073M8T6, STM32U073MBI6, STM32U073MBT6, STM32U073MCI6, STM32U073MCT6, STM32U073R8I6, STM32U073R8T6, STM32U073RBI6, STM32U073RBT6, STM32U073RCI6, STM32U073RCT6, STM32U083C-DK, STM32U083CCT6, STM32U083CCU6, STM32U083HCY6TR, STM32U083KCU6, STM32U083MCI6, STM32U083MCT6, STM32U083RCI6, STM32U083RCT6, STM32U375CET6, STM32U375CET6Q, STM32U375CEU6, STM32U375CEU6Q, STM32U375CEY6QTR, STM32U375CGT6, STM32U375CGT6Q, STM32U375CGU6, STM32U375CGU6Q, STM32U375CGY6QTR, STM32U375KEU6, STM32U375KGU6, STM32U375REI6, STM32U375REI6Q, STM32U375RET6, STM32U375RET6Q, STM32U375REY6GTR, STM32U375REY6QTR, STM32U375RGI6, STM32U375RGI6Q, STM32U375RGT6, STM32U375RGT6Q, STM32U375RGY6GTR, STM32U375RGY6QTR, STM32U375VEI6, STM32U375VEI6Q, STM32U375VET6, STM32U375VET6Q, STM32U375VGI6, STM32U375VGI6Q, STM32U375VGT6, STM32U375VGT6Q, STM32U385CGT6, STM32U385CGT6Q, STM32U385CGU6, STM32U385CGU6Q, STM32U385CGY6QTR, STM32U385KGU6, STM32U385RGI6, STM32U385RGI6Q, STM32U385RGT6, STM32U385RGT6Q, STM32U385RGY6GTR, STM32U385RGY6QTR, STM32U385VGI6, STM32U385VGI6Q, STM32U385VGT6, STM32U385VGT6Q, STM32U535CBT6, STM32U535CBT6Q, STM32U535CBU6, STM32U535CBU6Q, STM32U535CCT6, STM32U535CCT6Q, STM32U535CCU6, STM32U535CCU6Q, STM32U535CET6, STM32U535CET6Q, STM32U535CEU6, STM32U535CEU6Q, STM32U535JEY6QTR, STM32U535NCY6QTR, STM32U535NEY6QTR, STM32U535RBI6, STM32U535RBI6Q, STM32U535RBT6, STM32U535RBT6Q, STM32U535RCI6, STM32U535RCI6Q, STM32U535RCT6, STM32U535RCT6Q, STM32U535REI6, STM32U535REI6Q, STM32U535RET6, STM32U535RET6Q, STM32U535VCI6, STM32U535VCI6Q, STM32U535VCT6, STM32U535VCT6Q, STM32U535VEI6, STM32U535VEI6Q, STM32U535VET6, STM32U535VET6Q, STM32U545CET6, STM32U545CET6Q, STM32U545CEU6, STM32U545CEU6Q, STM32U545JEY6QTR, STM32U545NEY6QTR, STM32U545REI6, STM32U545REI6Q, STM32U545RET6, STM32U545RET6Q, STM32U545VEI6, STM32U545VEI6Q, STM32U545VET6, STM32U545VET6Q, STM32U595AIH6, STM32U595AIH6Q, STM32U595AJH6, STM32U595AJH6Q, STM32U595QII6, STM32U595QII6Q, STM32U595QJI6, STM32U595QJI6Q, STM32U595RIT6, STM32U595RIT6Q, STM32U595RJT6, STM32U595RJT6Q, STM32U595VIT6, STM32U595VIT6Q, STM32U595VJT6, STM32U595VJT6Q, STM32U595ZIT6, STM32U595ZIT6Q, STM32U595ZIY6QTR, STM32U595ZJT6, STM32U595ZJT6Q, STM32U595ZJY6QTR, STM32U599BJY6QTR, STM32U599NIH6Q, STM32U599NJH6Q, STM32U599VIT6Q, STM32U599VJT6, STM32U599VJT6Q, STM32U599ZIT6Q, STM32U599ZIY6QTR, STM32U599ZJT6Q, STM32U599ZJY6QTR, STM32U5A5AJH6, STM32U5A5AJH6Q, STM32U5A5QII3Q , STM32U5A5QJI6, STM32U5A5QJI6Q, STM32U5A5RJT6, STM32U5A5RJT6Q, STM32U5A5VJT6, STM32U5A5VJT6Q, STM32U5A5ZJT6, STM32U5A5ZJT6Q, STM32U5A5ZJY6QTR, STM32U5A9BJY6QTR, STM32U5A9J-DK, STM32U5A9NJH6Q, STM32U5A9VJT6Q, STM32U5A9ZJT6Q, STM32U5A9ZJY6QTR, STM32U5F7VIT6, STM32U5F7VIT6Q, STM32U5F7VJT6, STM32U5F7VJT6Q, STM32U5F9BJY6QTR, STM32U5F9NJH6Q, STM32U5F9VIT6Q, STM32U5F9VJT6Q, STM32U5F9ZIJ6QTR, STM32U5F9ZIT6Q, STM32U5F9ZJJ6QTR, STM32U5F9ZJT6Q, STM32U5G7VJT6, STM32U5G7VJT6Q, STM32U5G9BJY6QTR, STM32U5G9J-DK1, STM32U5G9J-DK2, STM32U5G9NJH6Q, STM32U5G9VJT6Q, STM32U5G9ZJJ6QTR, STM32U5G9ZJT6Q, STM32WB05KZV6TR, STM32WB05KZV7TR, STM32WB05TZF6TR, STM32WB05TZF7TR, STM32WB06CCF6TR, STM32WB06CCF7TR, STM32WB06CCV6TR, STM32WB06CCV7TR, STM32WB06KCV6TR, STM32WB06KCV7TR, STM32WB07CCF6TR, STM32WB07CCF7TR, STM32WB07CCV6TR, STM32WB07CCV7TR, STM32WB07KCV6TR, STM32WB07KCV7TR, STM32WB09KEV6TR, STM32WB09KEV7TR, STM32WB09TEF6TR, STM32WB09TEF7TR, STM32WB1MMCH6, STM32WBA50KGU6, STM32WBA50KGU6TR, STM32WBA52CEU6, STM32WBA52CEU6TR, STM32WBA52CEU7, STM32WBA52CEU7TR, STM32WBA52CGU6, STM32WBA52CGU6TR, STM32WBA52CGU6U, STM32WBA52CGU7, STM32WBA52CGU7TR, STM32WBA52KEU6, STM32WBA52KEU6TR, STM32WBA52KGU6, STM32WBA52KGU6TR, STM32WBA54CEU6, STM32WBA54CEU6TR, STM32WBA54CEU7, STM32WBA54CEU7TR, STM32WBA54CGU6, STM32WBA54CGU6TR, STM32WBA54CGU7, STM32WBA54CGU7TR, STM32WBA54KEU6, STM32WBA54KEU6TR, STM32WBA54KEU7, STM32WBA54KEU7TR, STM32WBA54KGU6, STM32WBA54KGU6TR, STM32WBA54KGU7, STM32WBA54KGU7TR, STM32WBA55CEU6, STM32WBA55CEU6TR, STM32WBA55CEU7, STM32WBA55CEU7TR, STM32WBA55CGU6, STM32WBA55CGU6TR, STM32WBA55CGU6U, STM32WBA55CGU7, STM32WBA55CGU7TR, STM32WBA55G-DK1, STM32WBA55HEF6, STM32WBA55HEF7, STM32WBA55HGF6, STM32WBA55HGF7, STM32WBA55UEI6, STM32WBA55UEI6TR, STM32WBA55UEI7, STM32WBA55UEI7TR, STM32WBA55UGI6, STM32WBA55UGI6TR, STM32WBA55UGI7, STM32WBA55UGI7TR, STM32WBA5MMGH6TR, STM32WBA62MGF6, STM32WBA62MIF6, STM32WBA65MGF7, STM32WBA65MIF6, STM32WBA65MIF7, STM32WL30K8V6, STM32WL30KBV6, STM32WL31C8V6, STM32WL31CBV6, STM32WL31K8V6, STM32WL31KBV6, STM32WL33C8V6, STM32WL33C8V6X, STM32WL33CBV6, STM32WL33CBV6X, STM32WL33CCV6, STM32WL33CCV6A, STM32WL33CCV6X, STM32WL33K8V7, STM32WL33K8V7X, STM32WL33KBV7 , STM32WL33KBV7X, STM32WL33KCV7, STM32WL33KCV7X, STM32WL5MOCH6, STM32WL5MOCH6TR]
2025-10-11 14:40:37,254 [INFO] BoardInfo:889 - No configuration file found for board P-NUCLEO-WB55
2025-10-11 14:40:37,254 [INFO] DbBoards:161 - Kit is not supported: P-NUCLEO-WB55
2025-10-11 14:40:37,257 [INFO] BoardInfo:889 - No configuration file found for board STEVAL-BFA001V1B
2025-10-11 14:40:37,257 [INFO] DbBoards:161 - Kit is not supported: STEVAL-BFA001V1B
2025-10-11 14:40:37,257 [INFO] BoardInfo:889 - No configuration file found for board STEVAL-BFA001V2B
2025-10-11 14:40:37,257 [INFO] DbBoards:161 - Kit is not supported: STEVAL-BFA001V2B
2025-10-11 14:40:37,318 [INFO] DbBoards:168 - Found 212 boards, 209 are supported
2025-10-11 14:40:37,318 [INFO] DbBoards:169 - Found 212 boards, 43 of them is supported for  Bsp
2025-10-11 14:40:37,322 [INFO] ApiDb:423 - Load user favorites file /home/traian/.stm32cubeide/favorites.boards.txt: 1 item(s)
2025-10-11 14:40:37,322 [INFO] ApiDb:427 - User favorites Boards=[STM32F407G-DISC1]
2025-10-11 14:40:37,322 [INFO] DbBoards:198 - Set 1 / 1 favorites Boards
2025-10-11 14:40:37,322 [INFO] McuFinderGlobals:76 - Set McuFinderConnectedMode to true
2025-10-11 14:40:37,327 [INFO] MultiScanPanel:200 - Auto-refresh data requested => check proxy status ongoing
2025-10-11 14:40:37,329 [INFO] FinderPluginLoader:96 - Searching for filters in installed packs
2025-10-11 14:40:37,941 [INFO] LoadUrlFilesThread:185 - End of LoadServerUrlFiles without Thread
2025-10-11 14:40:37,952 [INFO] DetailPanel:341 - Set advertising image to /home/traian/STM32Cube/Repository//en.mcu-finder-stm32n6dk.jpg
2025-10-11 14:40:41,494 [INFO] MultiScanPanel:200 - Auto-refresh data requested => check proxy status ongoing
2025-10-11 14:40:41,556 [INFO] LoadUrlFilesThread:185 - End of LoadServerUrlFiles without Thread
2025-10-11 14:40:41,556 [INFO] DetailPanel:341 - Set advertising image to /home/traian/STM32Cube/Repository//en.mcu-finder-stm32n6dk.jpg
2025-10-11 14:40:41,562 [INFO] DbBoards:642 - Loading board mini-images...
2025-10-11 14:40:42,818 [ERROR] DbBoards:659 - Image file not found for board STM32MP215F-DK: /home/traian/.stmcufinder/plugins/mcufinder//mcu//boards_images/STM32MP215F-DK.jpg
2025-10-11 14:40:42,908 [INFO] DbBoards:665 - Loaded 211 board mini-images
2025-10-11 14:41:29,403 [INFO] MainUpdater:2872 - connection check result : 10
2025-10-11 14:41:29,403 [INFO] MainUpdater:2872 - connection check result : 10
2025-10-11 14:41:29,414 [INFO] MicroXplorer:468 - Change Database Path : 
2025-10-11 14:41:29,414 [INFO] MicroXplorer:498 - Change Database Version : DB.6.0.150
2025-10-11 14:41:29,417 [WARN] ThirdParty:871 - waiting for thirdparty lock release [close project]
2025-10-11 14:41:29,417 [INFO] ThirdParty:873 - entering critical section [close project]
2025-10-11 14:41:29,418 [INFO] ThirdParty:883 - exiting critical section [close project]
2025-10-11 14:41:29,419 [INFO] PinOutPanel:1589 - setPackage(No Configuration,No Configuration)
2025-10-11 14:41:29,420 [INFO] UtilMem:75 - Begin LoadConfig() Used Memory: 924645304 Bytes (1073741824)
2025-10-11 14:41:29,421 [INFO] MicroXplorer:468 - Change Database Path : 
2025-10-11 14:41:29,422 [INFO] MicroXplorer:498 - Change Database Version : DB.6.0.150
2025-10-11 14:41:29,422 [INFO] OpenFileManager:355 - Change cursor
2025-10-11 14:41:29,467 [INFO] Mcu:2029 - Initializing MCU STM32U575ZITxQ STM32U575ZITxQ STM32U575ZIT6Q
2025-10-11 14:41:31,654 [INFO] Context:786 - Trying to add GPIOservice into a context  which must be forbidden
2025-10-11 14:41:31,654 [INFO] Context:786 - Trying to add GPIOservice into a context  which must be forbidden
2025-10-11 14:41:33,389 [INFO] ApiDbMcu:532 - Load IP Config File for NUCLEO-U575ZI-Q
2025-10-11 14:41:33,470 [INFO] ImportTextPane:234 - (OptionalMessage_ERROR) Pin21 (VP_RIF_VS_RIF1) cannot be retrieved for this MCU
2025-10-11 14:41:33,474 [INFO] ImportTextPane:234 - (OptionalMessage_ERROR) Unable to find key (Mcu.IP9) in loaded IOC file
2025-10-11 14:41:33,474 [INFO] ImportTextPane:234 - (OptionalMessage_ERROR) Unknown IP (dummy)
2025-10-11 14:41:33,563 [WARN] ModelIntegratedComponent:63 - No mode defined for component null
2025-10-11 14:41:33,563 [WARN] ModelIntegratedComponent:63 - No mode defined for component null
2025-10-11 14:41:33,563 [WARN] ModelIntegratedComponent:63 - No mode defined for component null
2025-10-11 14:41:33,563 [WARN] ModelIntegratedComponent:63 - No mode defined for component null
2025-10-11 14:41:33,563 [WARN] ModelIntegratedComponent:63 - No mode defined for component null
2025-10-11 14:41:33,563 [WARN] ModelIntegratedComponent:63 - No mode defined for component null
2025-10-11 14:41:33,563 [WARN] ModelIntegratedComponent:63 - No mode defined for component null
2025-10-11 14:41:33,563 [WARN] ModelIntegratedComponent:63 - No mode defined for component null
2025-10-11 14:41:33,563 [WARN] ModelIntegratedComponent:63 - No mode defined for component null
2025-10-11 14:41:33,563 [WARN] ModelIntegratedComponent:63 - No mode defined for component null
2025-10-11 14:41:33,563 [WARN] ModelIntegratedComponent:63 - No mode defined for component null
2025-10-11 14:41:33,563 [WARN] ModelIntegratedComponent:63 - No mode defined for component null
2025-10-11 14:41:33,563 [WARN] ModelIntegratedComponent:63 - No mode defined for component null
2025-10-11 14:41:33,564 [WARN] ModelIntegratedComponent:63 - No mode defined for component null
2025-10-11 14:41:33,564 [WARN] ModelIntegratedComponent:63 - No mode defined for component null
2025-10-11 14:41:33,564 [WARN] ModelIntegratedComponent:63 - No mode defined for component null
2025-10-11 14:41:33,564 [WARN] ModelIntegratedComponent:63 - No mode defined for component null
2025-10-11 14:41:33,564 [WARN] ModelIntegratedComponent:63 - No mode defined for component null
2025-10-11 14:41:33,564 [WARN] ModelIntegratedComponent:63 - No mode defined for component null
2025-10-11 14:41:33,564 [WARN] ModelIntegratedComponent:63 - No mode defined for component null
2025-10-11 14:41:33,564 [WARN] ModelIntegratedComponent:63 - No mode defined for component null
2025-10-11 14:41:33,564 [WARN] ModelIntegratedComponent:63 - No mode defined for component null
2025-10-11 14:41:33,564 [WARN] ModelIntegratedComponent:63 - No mode defined for component null
2025-10-11 14:41:33,564 [WARN] ModelIntegratedComponent:63 - No mode defined for component null
2025-10-11 14:41:33,564 [WARN] ModelIntegratedComponent:63 - No mode defined for component null
2025-10-11 14:41:33,564 [WARN] ModelIntegratedComponent:63 - No mode defined for component null
2025-10-11 14:41:33,564 [WARN] ModelIntegratedComponent:63 - No mode defined for component null
2025-10-11 14:41:33,564 [WARN] ModelIntegratedComponent:63 - No mode defined for component null
2025-10-11 14:41:33,564 [WARN] ModelIntegratedComponent:63 - No mode defined for component null
2025-10-11 14:41:33,564 [WARN] ModelIntegratedComponent:63 - No mode defined for component null
2025-10-11 14:41:33,564 [WARN] ModelIntegratedComponent:63 - No mode defined for component null
2025-10-11 14:41:33,564 [WARN] ModelIntegratedComponent:63 - No mode defined for component null
2025-10-11 14:41:33,564 [WARN] ModelIntegratedComponent:63 - No mode defined for component null
2025-10-11 14:41:33,564 [WARN] ModelIntegratedComponent:63 - No mode defined for component null
2025-10-11 14:41:33,564 [WARN] ModelIntegratedComponent:63 - No mode defined for component null
2025-10-11 14:41:33,564 [WARN] ModelPack:524 - Component already loaded: STMicroelectronics:HAL Drivers:0.0.0:STMicroelectronics:Device:STMicro_Driver:XSPI:HAL::0.0.1:HAL_XSPI
2025-10-11 14:41:33,569 [INFO] RtosManager:558 - Registered RTOS mode: class=RTOS, group=ThreadX, mode=Core, owner=THREADX
2025-10-11 14:41:33,625 [INFO] ThirdPartyModel:298 - Start build external matchings
2025-10-11 14:41:33,893 [INFO] ThirdPartyModel:316 - End build external matchings
2025-10-11 14:41:33,908 [WARN] IP:2250 - SRAM5PowerDownInRunMode not found: check if there is a RefParameter without a condition.
2025-10-11 14:41:33,908 [WARN] IP:2250 - RAM1Page4PowerDownInStopMode not found: check if there is a RefParameter without a condition.
2025-10-11 14:41:33,908 [WARN] IP:2250 - RAM1Page5PowerDownInStopMode not found: check if there is a RefParameter without a condition.
2025-10-11 14:41:33,908 [WARN] IP:2250 - RAM1Page6PowerDownInStopMode not found: check if there is a RefParameter without a condition.
2025-10-11 14:41:33,908 [WARN] IP:2250 - RAM1Page7PowerDownInStopMode not found: check if there is a RefParameter without a condition.
2025-10-11 14:41:33,908 [WARN] IP:2250 - RAM1Page8PowerDownInStopMode not found: check if there is a RefParameter without a condition.
2025-10-11 14:41:33,908 [WARN] IP:2250 - RAM1Page9PowerDownInStopMode not found: check if there is a RefParameter without a condition.
2025-10-11 14:41:33,908 [WARN] IP:2250 - RAM1Page10PowerDownInStopMode not found: check if there is a RefParameter without a condition.
2025-10-11 14:41:33,908 [WARN] IP:2250 - RAM1Page11PowerDownInStopMode not found: check if there is a RefParameter without a condition.
2025-10-11 14:41:33,908 [WARN] IP:2250 - RAM1Page12PowerDownInStopMode not found: check if there is a RefParameter without a condition.
2025-10-11 14:41:33,908 [WARN] IP:2250 - RAM3Page9PowerDownInStopMode not found: check if there is a RefParameter without a condition.
2025-10-11 14:41:33,908 [WARN] IP:2250 - RAM3Page10PowerDownInStopMode not found: check if there is a RefParameter without a condition.
2025-10-11 14:41:33,908 [WARN] IP:2250 - RAM3Page11PowerDownInStopMode not found: check if there is a RefParameter without a condition.
2025-10-11 14:41:33,908 [WARN] IP:2250 - RAM3Page12PowerDownInStopMode not found: check if there is a RefParameter without a condition.
2025-10-11 14:41:33,908 [WARN] IP:2250 - RAM3Page13PowerDownInStopMode not found: check if there is a RefParameter without a condition.
2025-10-11 14:41:33,908 [WARN] IP:2250 - RAM5Page1PowerDownInStopMode not found: check if there is a RefParameter without a condition.
2025-10-11 14:41:33,908 [WARN] IP:2250 - RAM5Page2PowerDownInStopMode not found: check if there is a RefParameter without a condition.
2025-10-11 14:41:33,908 [WARN] IP:2250 - RAM5Page3PowerDownInStopMode not found: check if there is a RefParameter without a condition.
2025-10-11 14:41:33,908 [WARN] IP:2250 - RAM5Page4PowerDownInStopMode not found: check if there is a RefParameter without a condition.
2025-10-11 14:41:33,908 [WARN] IP:2250 - RAM5Page5PowerDownInStopMode not found: check if there is a RefParameter without a condition.
2025-10-11 14:41:33,908 [WARN] IP:2250 - RAM5Page6PowerDownInStopMode not found: check if there is a RefParameter without a condition.
2025-10-11 14:41:33,908 [WARN] IP:2250 - RAM5Page7PowerDownInStopMode not found: check if there is a RefParameter without a condition.
2025-10-11 14:41:33,908 [WARN] IP:2250 - RAM5Page8PowerDownInStopMode not found: check if there is a RefParameter without a condition.
2025-10-11 14:41:33,908 [WARN] IP:2250 - RAM5Page9PowerDownInStopMode not found: check if there is a RefParameter without a condition.
2025-10-11 14:41:33,908 [WARN] IP:2250 - RAM5Page10PowerDownInStopMode not found: check if there is a RefParameter without a condition.
2025-10-11 14:41:33,908 [WARN] IP:2250 - RAM5Page11PowerDownInStopMode not found: check if there is a RefParameter without a condition.
2025-10-11 14:41:33,908 [WARN] IP:2250 - RAM5Page12PowerDownInStopMode not found: check if there is a RefParameter without a condition.
2025-10-11 14:41:33,908 [WARN] IP:2250 - RAM5Page13PowerDownInStopMode not found: check if there is a RefParameter without a condition.
2025-10-11 14:41:33,908 [WARN] IP:2250 - Dcache2PowerDownInStopMode not found: check if there is a RefParameter without a condition.
2025-10-11 14:41:33,909 [WARN] IP:2250 - GRAPHICPRAMPowerDownInStopMode not found: check if there is a RefParameter without a condition.
2025-10-11 14:41:33,909 [WARN] IP:2250 - DSIRAMPowerDownInStopMode not found: check if there is a RefParameter without a condition.
2025-10-11 14:41:34,200 [INFO] UtilMem:75 - End LoadConfig() Used Memory: 981791952 Bytes (1073741824)
2025-10-11 14:41:34,289 [WARN] ThirdParty:833 - waiting for thirdparty lock release [change project]
2025-10-11 14:41:34,290 [INFO] ThirdParty:835 - entering critical section [change project]
2025-10-11 14:41:34,290 [INFO] ThirdParty:1030 - CMSIS Pack Vendor :STMicroelectronics X-CUBE-PM33A1 1.0.0
2025-10-11 14:41:34,290 [INFO] ThirdParty:1030 - CMSIS Pack Vendor :STMicroelectronics USBPD 4.1
2025-10-11 14:41:34,290 [INFO] ThirdParty:1030 - CMSIS Pack Vendor :STMicroelectronics X-CUBE-NFC9 1.0.0
2025-10-11 14:41:34,290 [INFO] ThirdParty:1030 - CMSIS Pack Vendor :STMicroelectronics USB_HOST 2.0.0
2025-10-11 14:41:34,290 [INFO] ThirdParty:1030 - CMSIS Pack Vendor :STMicroelectronics FP-SNS-MOTENVWB1 1.4.0
2025-10-11 14:41:34,290 [INFO] ThirdParty:1030 - CMSIS Pack Vendor :STMicroelectronics X-CUBE-AZRTOS-F4 1.1.0
2025-10-11 14:41:34,290 [INFO] ThirdParty:1030 - CMSIS Pack Vendor :STMicroelectronics LIBJPEG 8.0.0
2025-10-11 14:41:34,290 [INFO] ThirdParty:1030 - CMSIS Pack Vendor :STMicroelectronics FP-ATR-ASTRA1 2.0.2
2025-10-11 14:41:34,290 [INFO] ThirdParty:1030 - CMSIS Pack Vendor :wolfSSL I-CUBE-wolfSSL 5.8.2
2025-10-11 14:41:34,290 [INFO] ThirdParty:1030 - CMSIS Pack Vendor :STMicroelectronics X-CUBE-BLE1 7.1.0
2025-10-11 14:41:34,290 [INFO] ThirdParty:1030 - CMSIS Pack Vendor :STMicroelectronics X-CUBE-SMBUS 2.1.0
2025-10-11 14:41:34,290 [INFO] ThirdParty:1030 - CMSIS Pack Vendor :wolfSSL I-CUBE-wolfMQTT 1.19.2
2025-10-11 14:41:34,290 [INFO] ThirdParty:1030 - CMSIS Pack Vendor :STMicroelectronics USB_DEVICE 3.0.0
2025-10-11 14:41:34,290 [INFO] ThirdParty:1030 - CMSIS Pack Vendor :STMicroelectronics X-CUBE-ISPU 2.1.0
2025-10-11 14:41:34,290 [INFO] ThirdParty:1030 - CMSIS Pack Vendor :STMicroelectronics X-CUBE-EEPRMA1 5.2.0
2025-10-11 14:41:34,290 [INFO] ThirdParty:1030 - CMSIS Pack Vendor :STMicroelectronics X-CUBE-BLEMGR 4.1.0
2025-10-11 14:41:34,290 [INFO] ThirdParty:1030 - CMSIS Pack Vendor :STMicroelectronics X-CUBE-AZRTOS-WB 2.0.0
2025-10-11 14:41:34,290 [INFO] ThirdParty:1030 - CMSIS Pack Vendor :STMicroelectronics X-CUBE-ST60 1.0.0
2025-10-11 14:41:34,290 [INFO] ThirdParty:1030 - CMSIS Pack Vendor :STMicroelectronics X-CUBE-GNSS1 7.0.1
2025-10-11 14:41:34,290 [INFO] ThirdParty:1030 - CMSIS Pack Vendor :STMicroelectronics X-CUBE-NFC12 1.0.0
2025-10-11 14:41:34,290 [INFO] ThirdParty:1030 - CMSIS Pack Vendor :STMicroelectronics X-CUBE-AZRTOS-F7 1.1.0
2025-10-11 14:41:34,290 [INFO] ThirdParty:1030 - CMSIS Pack Vendor :STMicroelectronics X-CUBE-AZRTOS-L5 2.0.0
2025-10-11 14:41:34,290 [INFO] ThirdParty:1030 - CMSIS Pack Vendor :STMicroelectronics USB_DEVICE 2.0.0
2025-10-11 14:41:34,290 [INFO] ThirdParty:1030 - CMSIS Pack Vendor :STMicroelectronics X-CUBE-NFC6 3.1.0
2025-10-11 14:41:34,290 [INFO] ThirdParty:1030 - CMSIS Pack Vendor :Cesanta I-CUBE-Mongoose 7.19.0
2025-10-11 14:41:34,290 [INFO] ThirdParty:1030 - CMSIS Pack Vendor :quantropi X-CUBE-qispace-sdk-base 2.1.0
2025-10-11 14:41:34,290 [INFO] ThirdParty:1030 - CMSIS Pack Vendor :STMicroelectronics FreeRTOS 0.0.1
2025-10-11 14:41:34,290 [INFO] ThirdParty:1030 - CMSIS Pack Vendor :STMicroelectronics X-CUBE-AZRTOS-G0 1.1.0
2025-10-11 14:41:34,290 [INFO] ThirdParty:1030 - CMSIS Pack Vendor :STMicroelectronics X-CUBE-SAFEA1 1.2.2
2025-10-11 14:41:34,290 [INFO] ThirdParty:1030 - CMSIS Pack Vendor :STMicroelectronics X-CUBE-NFC4 3.0.0
2025-10-11 14:41:34,290 [INFO] ThirdParty:1030 - CMSIS Pack Vendor :STMicroelectronics X-CUBE-SUBG2 5.0.0
2025-10-11 14:41:34,290 [INFO] ThirdParty:1030 - CMSIS Pack Vendor :STMicroelectronics X-CUBE-AZRTOS-H7RS 1.1.0
2025-10-11 14:41:34,290 [INFO] ThirdParty:1030 - CMSIS Pack Vendor :STMicroelectronics STM32_WPAN 1.0.0
2025-10-11 14:41:34,290 [INFO] ThirdParty:1030 - CMSIS Pack Vendor :EmbeddedOffice I-CUBE-FS-RTOS 1.0.1
2025-10-11 14:41:34,290 [INFO] ThirdParty:1030 - CMSIS Pack Vendor :STMicroelectronics lwIP 2.0.3
2025-10-11 14:41:34,290 [INFO] ThirdParty:1030 - CMSIS Pack Vendor :WES I-CUBE-Cesium 1.4.0
2025-10-11 14:41:34,290 [INFO] ThirdParty:1030 - CMSIS Pack Vendor :STMicroelectronics USB_HOST 1.0.0
2025-10-11 14:41:34,290 [INFO] ThirdParty:1030 - CMSIS Pack Vendor :Infineon AIROC-Wi-Fi-Bluetooth-STM32 1.7.1
2025-10-11 14:41:34,290 [INFO] ThirdParty:1030 - CMSIS Pack Vendor :STMicroelectronics X-CUBE-AZRTOS-G4 2.0.0
2025-10-11 14:41:34,290 [INFO] ThirdParty:1030 - CMSIS Pack Vendor :STMicroelectronics X-CUBE-WB05N 2.0.0
2025-10-11 14:41:34,290 [INFO] ThirdParty:1030 - CMSIS Pack Vendor :STMicroelectronics PDM2PCM 3.1.0
2025-10-11 14:41:34,290 [INFO] ThirdParty:1030 - CMSIS Pack Vendor :STMicroelectronics PDM2PCM 3.3.0
2025-10-11 14:41:34,290 [INFO] ThirdParty:1030 - CMSIS Pack Vendor :wolfSSL I-CUBE-wolfTPM 3.8.0
2025-10-11 14:41:34,290 [INFO] ThirdParty:1030 - CMSIS Pack Vendor :STMicroelectronics X-CUBE-AZRTOS-H7 3.4.0
2025-10-11 14:41:34,290 [INFO] ThirdParty:1030 - CMSIS Pack Vendor :STMicroelectronics X-CUBE-DISPLAY 3.0.0
2025-10-11 14:41:34,290 [INFO] ThirdParty:1030 - CMSIS Pack Vendor :wolfSSL I-CUBE-wolfSSH 1.4.20
2025-10-11 14:41:34,290 [INFO] ThirdParty:1030 - CMSIS Pack Vendor :STMicroelectronics X-CUBE-NFC7 2.0.0
2025-10-11 14:41:34,290 [INFO] ThirdParty:1030 - CMSIS Pack Vendor :STMicroelectronics X-CUBE-TCPP 4.2.0
2025-10-11 14:41:34,291 [INFO] ThirdParty:1030 - CMSIS Pack Vendor :RealThread X-CUBE-RT-Thread_Nano 4.1.1
2025-10-11 14:41:34,291 [INFO] ThirdParty:1030 - CMSIS Pack Vendor :STMicroelectronics FP-ATR-SIGFOX1 3.2.0
2025-10-11 14:41:34,291 [INFO] ThirdParty:1030 - CMSIS Pack Vendor :STMicroelectronics X-CUBE-NFC10 1.0.0
2025-10-11 14:41:34,291 [INFO] ThirdParty:1030 - CMSIS Pack Vendor :STMicroelectronics X-CUBE-FREERTOS 1.3.1
2025-10-11 14:41:34,291 [INFO] ThirdParty:1030 - CMSIS Pack Vendor :STMicroelectronics HAL Drivers 0.0.0
2025-10-11 14:41:34,291 [INFO] ThirdParty:1030 - CMSIS Pack Vendor :STMicroelectronics MBEDTLS 2.16.2
2025-10-11 14:41:34,291 [INFO] ThirdParty:1030 - CMSIS Pack Vendor :STMicroelectronics X-CUBE-IPS 3.1.0
2025-10-11 14:41:34,291 [INFO] ThirdParty:1030 - CMSIS Pack Vendor :STMicroelectronics X-CUBE-ALS 1.0.2
2025-10-11 14:41:34,291 [INFO] ThirdParty:1030 - CMSIS Pack Vendor :emotas I-CUBE-CANOPEN 1.3.0
2025-10-11 14:41:34,291 [INFO] ThirdParty:1030 - CMSIS Pack Vendor :STMicroelectronics MBEDTLS 2.14.1
2025-10-11 14:41:34,291 [INFO] ThirdParty:1030 - CMSIS Pack Vendor :ITTIA_DB I-CUBE-ITTIADB 8.9.0
2025-10-11 14:41:34,291 [INFO] ThirdParty:1030 - CMSIS Pack Vendor :STMicroelectronics X-CUBE-TOUCHGFX 4.26.0
2025-10-11 14:41:34,291 [INFO] ThirdParty:1030 - CMSIS Pack Vendor :STMicroelectronics X-CUBE-STSE01 1.0.0
2025-10-11 14:41:34,291 [INFO] ThirdParty:1030 - CMSIS Pack Vendor :STMicroelectronics X-CUBE-ST67W61 1.0.0
2025-10-11 14:41:34,291 [INFO] ThirdParty:1030 - CMSIS Pack Vendor :STMicroelectronics FP-SNS-STBOX1 2.1.0
2025-10-11 14:41:34,291 [INFO] ThirdParty:1030 - CMSIS Pack Vendor :STMicroelectronics X-CUBE-AI 10.2.0
2025-10-11 14:41:34,291 [INFO] ThirdParty:1030 - CMSIS Pack Vendor :STMicroelectronics FP-SNS-STAIOTCFT 1.0.0
2025-10-11 14:41:34,291 [INFO] ThirdParty:1030 - CMSIS Pack Vendor :STMicroelectronics ThreadX 1.0.0
2025-10-11 14:41:34,291 [INFO] ThirdParty:1030 - CMSIS Pack Vendor :STMicroelectronics FP-SNS-SMARTAG2 1.2.0
2025-10-11 14:41:34,291 [INFO] ThirdParty:1030 - CMSIS Pack Vendor :STMicroelectronics FP-SNS-FLIGHT1 5.1.0
2025-10-11 14:41:34,291 [INFO] ThirdParty:1030 - CMSIS Pack Vendor :STMicroelectronics X-CUBE-AZRTOS-WL 2.0.0
2025-10-11 14:41:34,291 [INFO] ThirdParty:1030 - CMSIS Pack Vendor :SEGGER I-CUBE-embOS 1.3.1
2025-10-11 14:41:34,291 [INFO] ThirdParty:1030 - CMSIS Pack Vendor :STMicroelectronics X-CUBE-ALGOBUILD 1.4.0
2025-10-11 14:41:34,291 [INFO] ThirdParty:1030 - CMSIS Pack Vendor :STMicroelectronics X-CUBE-DPower 1.3.0
2025-10-11 14:41:34,291 [INFO] ThirdParty:1030 - CMSIS Pack Vendor :STMicroelectronics X-CUBE-MEMS1 11.3.0
2025-10-11 14:41:34,291 [INFO] ThirdParty:1030 - CMSIS Pack Vendor :STMicroelectronics FP-SNS-MOTENV1 5.0.0
2025-10-11 14:41:34,291 [INFO] ThirdParty:1030 - CMSIS Pack Vendor :STMicroelectronics USB_DEVICE 1.0.0
2025-10-11 14:41:34,291 [INFO] ThirdParty:1030 - CMSIS Pack Vendor :STMicroelectronics X-CUBE-AZRTOS-L4 2.0.0
2025-10-11 14:41:34,291 [INFO] ThirdParty:1030 - CMSIS Pack Vendor :STMicroelectronics ThreadX 0.0.2
2025-10-11 14:41:34,291 [INFO] ThirdParty:1030 - CMSIS Pack Vendor :STMicroelectronics lwIP 2.1.2
2025-10-11 14:41:34,291 [INFO] ThirdParty:1030 - CMSIS Pack Vendor :STMicroelectronics X-CUBE-SFXS2LP1 4.0.0
2025-10-11 14:41:34,291 [INFO] ThirdParty:1030 - CMSIS Pack Vendor :STMicroelectronics X-CUBE-BLE2 3.3.0
2025-10-11 14:41:34,291 [INFO] ThirdParty:1030 - CMSIS Pack Vendor :STMicroelectronics X-CUBE-TOF1 3.4.3
2025-10-11 14:41:34,292 [INFO] ThirdParty:1030 - CMSIS Pack Vendor :STMicroelectronics PDM2PCM 3.2.0
2025-10-11 14:41:34,292 [INFO] ThirdParty:841 - exiting critical section [change project]
2025-10-11 14:41:34,632 [INFO] PinOutPanel:1589 - setPackage(No Configuration,No Configuration)
2025-10-11 14:41:34,633 [INFO] PinOutPanel:1589 - setPackage(STM32U575ZITxQ,LQFP144)
2025-10-11 14:41:35,099 [INFO] UtilMem:75 - Before build in PCC Used Memory: 909950792 Bytes (1073741824)
2025-10-11 14:41:35,549 [INFO] UtilMem:75 - After build in PCC Used Memory: 961942328 Bytes (1073741824)
2025-10-11 14:41:35,574 [INFO] IPUIPlugin:80 - create IPUIPlugin
2025-10-11 14:41:35,574 [INFO] IPUIPlugin:80 - create IPUIPlugin
2025-10-11 14:41:35,574 [INFO] IPUIPlugin:80 - create IPUIPlugin
2025-10-11 14:41:35,574 [INFO] IPUIPlugin:80 - create IPUIPlugin
2025-10-11 14:41:35,575 [INFO] IPUIPlugin:80 - create IPUIPlugin
2025-10-11 14:41:35,575 [INFO] IPUIPlugin:80 - create IPUIPlugin
2025-10-11 14:41:35,575 [INFO] IPUIPlugin:80 - create IPUIPlugin
2025-10-11 14:41:35,575 [INFO] IPUIPlugin:80 - create IPUIPlugin
2025-10-11 14:41:35,575 [INFO] IPUIPlugin:80 - create IPUIPlugin
2025-10-11 14:41:35,575 [INFO] IPUIPlugin:80 - create IPUIPlugin
2025-10-11 14:41:35,575 [INFO] IPUIPlugin:80 - create IPUIPlugin
2025-10-11 14:41:35,575 [INFO] IPUIPlugin:80 - create IPUIPlugin
2025-10-11 14:41:35,575 [INFO] IPUIPlugin:80 - create IPUIPlugin
2025-10-11 14:41:35,575 [INFO] IPUIPlugin:80 - create IPUIPlugin
2025-10-11 14:41:35,575 [INFO] IPUIPlugin:80 - create IPUIPlugin
2025-10-11 14:41:35,575 [INFO] IPUIPlugin:80 - create IPUIPlugin
2025-10-11 14:41:35,575 [INFO] IPUIPlugin:80 - create IPUIPlugin
2025-10-11 14:41:35,575 [INFO] IPUIPlugin:80 - create IPUIPlugin
2025-10-11 14:41:35,575 [INFO] IPUIPlugin:80 - create IPUIPlugin
2025-10-11 14:41:35,575 [INFO] IPUIPlugin:80 - create IPUIPlugin
2025-10-11 14:41:35,576 [INFO] IPUIPlugin:80 - create IPUIPlugin
2025-10-11 14:41:35,576 [INFO] IPUIPlugin:80 - create IPUIPlugin
2025-10-11 14:41:35,576 [INFO] IPUIPlugin:80 - create IPUIPlugin
2025-10-11 14:41:35,576 [INFO] IPUIPlugin:80 - create IPUIPlugin
2025-10-11 14:41:35,576 [INFO] IPUIPlugin:80 - create IPUIPlugin
2025-10-11 14:41:35,576 [INFO] IPUIPlugin:80 - create IPUIPlugin
2025-10-11 14:41:35,576 [INFO] IPUIPlugin:80 - create IPUIPlugin
2025-10-11 14:41:35,576 [INFO] IPUIPlugin:80 - create IPUIPlugin
2025-10-11 14:41:35,576 [INFO] IPUIPlugin:80 - create IPUIPlugin
2025-10-11 14:41:35,576 [INFO] IPUIPlugin:80 - create IPUIPlugin
2025-10-11 14:41:35,576 [INFO] IPUIPlugin:80 - create IPUIPlugin
2025-10-11 14:41:35,576 [INFO] IPUIPlugin:80 - create IPUIPlugin
2025-10-11 14:41:35,576 [INFO] IPUIPlugin:80 - create IPUIPlugin
2025-10-11 14:41:35,576 [INFO] IPUIPlugin:80 - create IPUIPlugin
2025-10-11 14:41:35,576 [INFO] IPUIPlugin:80 - create IPUIPlugin
2025-10-11 14:41:35,577 [INFO] IPUIPlugin:80 - create IPUIPlugin
2025-10-11 14:41:35,577 [INFO] IPUIPlugin:80 - create IPUIPlugin
2025-10-11 14:41:35,577 [INFO] IPUIPlugin:80 - create IPUIPlugin
2025-10-11 14:41:35,577 [INFO] IPUIPlugin:80 - create IPUIPlugin
2025-10-11 14:41:35,577 [INFO] IPUIPlugin:80 - create IPUIPlugin
2025-10-11 14:41:35,577 [INFO] IPUIPlugin:80 - create IPUIPlugin
2025-10-11 14:41:35,577 [INFO] IPUIPlugin:80 - create IPUIPlugin
2025-10-11 14:41:35,577 [INFO] IPUIPlugin:80 - create IPUIPlugin
2025-10-11 14:41:35,577 [INFO] IPUIPlugin:80 - create IPUIPlugin
2025-10-11 14:41:35,578 [INFO] IPUIPlugin:80 - create IPUIPlugin
2025-10-11 14:41:35,578 [INFO] IPUIPlugin:80 - create IPUIPlugin
2025-10-11 14:41:35,578 [INFO] IPUIPlugin:80 - create IPUIPlugin
2025-10-11 14:41:35,578 [INFO] IPUIPlugin:80 - create IPUIPlugin
2025-10-11 14:41:35,578 [INFO] IPUIPlugin:80 - create IPUIPlugin
2025-10-11 14:41:35,578 [INFO] IPUIPlugin:80 - create IPUIPlugin
2025-10-11 14:41:35,578 [INFO] IPUIPlugin:80 - create IPUIPlugin
2025-10-11 14:41:35,579 [INFO] IPUIPlugin:80 - create IPUIPlugin
2025-10-11 14:41:35,579 [INFO] IPUIPlugin:80 - create IPUIPlugin
2025-10-11 14:41:35,579 [INFO] IPUIPlugin:80 - create IPUIPlugin
2025-10-11 14:41:35,579 [INFO] IPUIPlugin:80 - create IPUIPlugin
2025-10-11 14:41:35,579 [INFO] IPUIPlugin:80 - create IPUIPlugin
2025-10-11 14:41:35,579 [INFO] IPUIPlugin:80 - create IPUIPlugin
2025-10-11 14:41:35,579 [INFO] IPUIPlugin:80 - create IPUIPlugin
2025-10-11 14:41:35,579 [INFO] IPUIPlugin:80 - create IPUIPlugin
2025-10-11 14:41:35,580 [INFO] IPUIPlugin:80 - create IPUIPlugin
2025-10-11 14:41:35,580 [INFO] IPUIPlugin:80 - create IPUIPlugin
2025-10-11 14:41:35,580 [INFO] IPUIPlugin:80 - create IPUIPlugin
2025-10-11 14:41:35,580 [INFO] IPUIPlugin:80 - create IPUIPlugin
2025-10-11 14:41:35,580 [INFO] IPUIPlugin:80 - create IPUIPlugin
2025-10-11 14:41:35,580 [INFO] IPUIPlugin:80 - create IPUIPlugin
2025-10-11 14:41:35,580 [INFO] IPUIPlugin:80 - create IPUIPlugin
2025-10-11 14:41:35,581 [INFO] IPUIPlugin:80 - create IPUIPlugin
2025-10-11 14:41:35,581 [INFO] IPUIPlugin:80 - create IPUIPlugin
2025-10-11 14:41:35,581 [INFO] IPUIPlugin:80 - create IPUIPlugin
2025-10-11 14:41:35,581 [INFO] IPUIPlugin:80 - create IPUIPlugin
2025-10-11 14:41:35,581 [INFO] IPUIPlugin:80 - create IPUIPlugin
2025-10-11 14:41:35,581 [INFO] IPUIPlugin:80 - create IPUIPlugin
2025-10-11 14:41:35,581 [INFO] IPUIPlugin:80 - create IPUIPlugin
2025-10-11 14:41:35,582 [INFO] IPUIPlugin:80 - create IPUIPlugin
2025-10-11 14:41:35,582 [INFO] IPUIPlugin:80 - create IPUIPlugin
2025-10-11 14:41:35,582 [INFO] IPUIPlugin:80 - create IPUIPlugin
2025-10-11 14:41:35,582 [INFO] IPUIPlugin:80 - create IPUIPlugin
2025-10-11 14:41:35,582 [INFO] IPUIPlugin:80 - create IPUIPlugin
2025-10-11 14:41:35,582 [INFO] IPUIPlugin:80 - create IPUIPlugin
2025-10-11 14:41:35,583 [INFO] IPUIPlugin:80 - create IPUIPlugin
2025-10-11 14:41:35,585 [INFO] IPUIPlugin:80 - create IPUIPlugin
2025-10-11 14:41:35,586 [INFO] IPUIPlugin:80 - create IPUIPlugin
2025-10-11 14:41:35,586 [INFO] IPUIPlugin:80 - create IPUIPlugin
2025-10-11 14:41:35,586 [INFO] IPUIPlugin:80 - create IPUIPlugin
2025-10-11 14:41:35,586 [INFO] IPUIPlugin:80 - create IPUIPlugin
2025-10-11 14:41:35,586 [INFO] IPUIPlugin:80 - create IPUIPlugin
2025-10-11 14:41:35,586 [INFO] IPUIPlugin:80 - create IPUIPlugin
2025-10-11 14:41:35,587 [INFO] IPUIPlugin:80 - create IPUIPlugin
2025-10-11 14:41:35,587 [INFO] IPUIPlugin:80 - create IPUIPlugin
2025-10-11 14:41:35,587 [INFO] IPUIPlugin:80 - create IPUIPlugin
2025-10-11 14:41:35,587 [INFO] IPUIPlugin:80 - create IPUIPlugin
2025-10-11 14:41:35,587 [INFO] IPUIPlugin:80 - create IPUIPlugin
2025-10-11 14:41:35,587 [INFO] IPUIPlugin:80 - create IPUIPlugin
2025-10-11 14:41:35,588 [INFO] IPUIPlugin:80 - create IPUIPlugin
2025-10-11 14:41:35,588 [INFO] IPUIPlugin:80 - create IPUIPlugin
2025-10-11 14:41:35,589 [INFO] IPUIPlugin:80 - create IPUIPlugin
2025-10-11 14:41:35,589 [INFO] IPUIPlugin:80 - create IPUIPlugin
2025-10-11 14:41:35,590 [INFO] IPUIPlugin:80 - create IPUIPlugin
2025-10-11 14:41:35,590 [INFO] IPUIPlugin:80 - create IPUIPlugin
2025-10-11 14:41:35,590 [INFO] IPUIPlugin:80 - create IPUIPlugin
2025-10-11 14:41:35,591 [INFO] IPUIPlugin:80 - create IPUIPlugin
2025-10-11 14:41:35,591 [INFO] IPUIPlugin:80 - create IPUIPlugin
2025-10-11 14:41:35,592 [INFO] IPUIPlugin:80 - create IPUIPlugin
2025-10-11 14:41:35,592 [INFO] IPUIPlugin:80 - create IPUIPlugin
2025-10-11 14:41:35,593 [INFO] IPUIPlugin:80 - create IPUIPlugin
2025-10-11 14:41:35,681 [INFO] CADModel:165 - CPN selected for project levelSTM32U575ZIT6Q
2025-10-11 14:41:35,681 [INFO] CADModel:114 - Register for checkConnection events
2025-10-11 14:41:35,717 [INFO] OpenFileManager:386 - Restore cursor
2025-10-11 14:41:35,849 [WARN] IP:2250 - SRAM5PowerDownInRunMode not found: check if there is a RefParameter without a condition.
2025-10-11 14:41:35,850 [WARN] IP:2250 - RAM1Page4PowerDownInStopMode not found: check if there is a RefParameter without a condition.
2025-10-11 14:41:35,850 [WARN] IP:2250 - RAM1Page5PowerDownInStopMode not found: check if there is a RefParameter without a condition.
2025-10-11 14:41:35,850 [WARN] IP:2250 - RAM1Page6PowerDownInStopMode not found: check if there is a RefParameter without a condition.
2025-10-11 14:41:35,850 [WARN] IP:2250 - RAM1Page7PowerDownInStopMode not found: check if there is a RefParameter without a condition.
2025-10-11 14:41:35,850 [WARN] IP:2250 - RAM1Page8PowerDownInStopMode not found: check if there is a RefParameter without a condition.
2025-10-11 14:41:35,850 [WARN] IP:2250 - RAM1Page9PowerDownInStopMode not found: check if there is a RefParameter without a condition.
2025-10-11 14:41:35,850 [WARN] IP:2250 - RAM1Page10PowerDownInStopMode not found: check if there is a RefParameter without a condition.
2025-10-11 14:41:35,850 [WARN] IP:2250 - RAM1Page11PowerDownInStopMode not found: check if there is a RefParameter without a condition.
2025-10-11 14:41:35,850 [WARN] IP:2250 - RAM1Page12PowerDownInStopMode not found: check if there is a RefParameter without a condition.
2025-10-11 14:41:35,850 [WARN] IP:2250 - RAM3Page9PowerDownInStopMode not found: check if there is a RefParameter without a condition.
2025-10-11 14:41:35,850 [WARN] IP:2250 - RAM3Page10PowerDownInStopMode not found: check if there is a RefParameter without a condition.
2025-10-11 14:41:35,850 [WARN] IP:2250 - RAM3Page11PowerDownInStopMode not found: check if there is a RefParameter without a condition.
2025-10-11 14:41:35,850 [WARN] IP:2250 - RAM3Page12PowerDownInStopMode not found: check if there is a RefParameter without a condition.
2025-10-11 14:41:35,850 [WARN] IP:2250 - RAM3Page13PowerDownInStopMode not found: check if there is a RefParameter without a condition.
2025-10-11 14:41:35,850 [WARN] IP:2250 - RAM5Page1PowerDownInStopMode not found: check if there is a RefParameter without a condition.
2025-10-11 14:41:35,850 [WARN] IP:2250 - RAM5Page2PowerDownInStopMode not found: check if there is a RefParameter without a condition.
2025-10-11 14:41:35,850 [WARN] IP:2250 - RAM5Page3PowerDownInStopMode not found: check if there is a RefParameter without a condition.
2025-10-11 14:41:35,850 [WARN] IP:2250 - RAM5Page4PowerDownInStopMode not found: check if there is a RefParameter without a condition.
2025-10-11 14:41:35,850 [WARN] IP:2250 - RAM5Page5PowerDownInStopMode not found: check if there is a RefParameter without a condition.
2025-10-11 14:41:35,850 [WARN] IP:2250 - RAM5Page6PowerDownInStopMode not found: check if there is a RefParameter without a condition.
2025-10-11 14:41:35,850 [WARN] IP:2250 - RAM5Page7PowerDownInStopMode not found: check if there is a RefParameter without a condition.
2025-10-11 14:41:35,850 [WARN] IP:2250 - RAM5Page8PowerDownInStopMode not found: check if there is a RefParameter without a condition.
2025-10-11 14:41:35,850 [WARN] IP:2250 - RAM5Page9PowerDownInStopMode not found: check if there is a RefParameter without a condition.
2025-10-11 14:41:35,850 [WARN] IP:2250 - RAM5Page10PowerDownInStopMode not found: check if there is a RefParameter without a condition.
2025-10-11 14:41:35,850 [WARN] IP:2250 - RAM5Page11PowerDownInStopMode not found: check if there is a RefParameter without a condition.
2025-10-11 14:41:35,850 [WARN] IP:2250 - RAM5Page12PowerDownInStopMode not found: check if there is a RefParameter without a condition.
2025-10-11 14:41:35,850 [WARN] IP:2250 - RAM5Page13PowerDownInStopMode not found: check if there is a RefParameter without a condition.
2025-10-11 14:41:35,850 [WARN] IP:2250 - Dcache2PowerDownInStopMode not found: check if there is a RefParameter without a condition.
2025-10-11 14:41:35,850 [WARN] IP:2250 - GRAPHICPRAMPowerDownInStopMode not found: check if there is a RefParameter without a condition.
2025-10-11 14:41:35,850 [WARN] IP:2250 - DSIRAMPowerDownInStopMode not found: check if there is a RefParameter without a condition.
2025-10-11 14:41:35,851 [WARN] IP:2250 - SRAM5PowerDownInRunMode not found: check if there is a RefParameter without a condition.
2025-10-11 14:41:35,851 [WARN] IP:2250 - RAM1Page4PowerDownInStopMode not found: check if there is a RefParameter without a condition.
2025-10-11 14:41:35,851 [WARN] IP:2250 - RAM1Page5PowerDownInStopMode not found: check if there is a RefParameter without a condition.
2025-10-11 14:41:35,851 [WARN] IP:2250 - RAM1Page6PowerDownInStopMode not found: check if there is a RefParameter without a condition.
2025-10-11 14:41:35,851 [WARN] IP:2250 - RAM1Page7PowerDownInStopMode not found: check if there is a RefParameter without a condition.
2025-10-11 14:41:35,851 [WARN] IP:2250 - RAM1Page8PowerDownInStopMode not found: check if there is a RefParameter without a condition.
2025-10-11 14:41:35,851 [WARN] IP:2250 - RAM1Page9PowerDownInStopMode not found: check if there is a RefParameter without a condition.
2025-10-11 14:41:35,851 [WARN] IP:2250 - RAM1Page10PowerDownInStopMode not found: check if there is a RefParameter without a condition.
2025-10-11 14:41:35,851 [WARN] IP:2250 - RAM1Page11PowerDownInStopMode not found: check if there is a RefParameter without a condition.
2025-10-11 14:41:35,851 [WARN] IP:2250 - RAM1Page12PowerDownInStopMode not found: check if there is a RefParameter without a condition.
2025-10-11 14:41:35,852 [WARN] IP:2250 - RAM3Page9PowerDownInStopMode not found: check if there is a RefParameter without a condition.
2025-10-11 14:41:35,852 [WARN] IP:2250 - RAM3Page10PowerDownInStopMode not found: check if there is a RefParameter without a condition.
2025-10-11 14:41:35,852 [WARN] IP:2250 - RAM3Page11PowerDownInStopMode not found: check if there is a RefParameter without a condition.
2025-10-11 14:41:35,852 [WARN] IP:2250 - RAM3Page12PowerDownInStopMode not found: check if there is a RefParameter without a condition.
2025-10-11 14:41:35,852 [WARN] IP:2250 - RAM3Page13PowerDownInStopMode not found: check if there is a RefParameter without a condition.
2025-10-11 14:41:35,852 [WARN] IP:2250 - RAM5Page1PowerDownInStopMode not found: check if there is a RefParameter without a condition.
2025-10-11 14:41:35,852 [WARN] IP:2250 - RAM5Page2PowerDownInStopMode not found: check if there is a RefParameter without a condition.
2025-10-11 14:41:35,852 [WARN] IP:2250 - RAM5Page3PowerDownInStopMode not found: check if there is a RefParameter without a condition.
2025-10-11 14:41:35,852 [WARN] IP:2250 - RAM5Page4PowerDownInStopMode not found: check if there is a RefParameter without a condition.
2025-10-11 14:41:35,852 [WARN] IP:2250 - RAM5Page5PowerDownInStopMode not found: check if there is a RefParameter without a condition.
2025-10-11 14:41:35,852 [WARN] IP:2250 - RAM5Page6PowerDownInStopMode not found: check if there is a RefParameter without a condition.
2025-10-11 14:41:35,852 [WARN] IP:2250 - RAM5Page7PowerDownInStopMode not found: check if there is a RefParameter without a condition.
2025-10-11 14:41:35,852 [WARN] IP:2250 - RAM5Page8PowerDownInStopMode not found: check if there is a RefParameter without a condition.
2025-10-11 14:41:35,852 [WARN] IP:2250 - RAM5Page9PowerDownInStopMode not found: check if there is a RefParameter without a condition.
2025-10-11 14:41:35,852 [WARN] IP:2250 - RAM5Page10PowerDownInStopMode not found: check if there is a RefParameter without a condition.
2025-10-11 14:41:35,852 [WARN] IP:2250 - RAM5Page11PowerDownInStopMode not found: check if there is a RefParameter without a condition.
2025-10-11 14:41:35,852 [WARN] IP:2250 - RAM5Page12PowerDownInStopMode not found: check if there is a RefParameter without a condition.
2025-10-11 14:41:35,852 [WARN] IP:2250 - RAM5Page13PowerDownInStopMode not found: check if there is a RefParameter without a condition.
2025-10-11 14:41:35,852 [WARN] IP:2250 - Dcache2PowerDownInStopMode not found: check if there is a RefParameter without a condition.
2025-10-11 14:41:35,852 [WARN] IP:2250 - GRAPHICPRAMPowerDownInStopMode not found: check if there is a RefParameter without a condition.
2025-10-11 14:41:35,852 [WARN] IP:2250 - DSIRAMPowerDownInStopMode not found: check if there is a RefParameter without a condition.
2025-10-11 14:41:36,241 [INFO] UtilMem:75 - End SaveConfig() Used Memory: 921079352 Bytes (1073741824)
2025-10-11 14:41:36,281 [WARN] Context:862 - Trying to set MEMORYMAP twice on same context CortexM33
2025-10-11 14:41:36,746 [ERROR] IocParser:95 - Exception caught: Cannot invoke "java.lang.CharSequence.length()" because "this.text" is null
2025-10-11 14:42:24,237 [INFO] McuFinderGlobals:76 - Set McuFinderConnectedMode to true
2025-10-11 14:42:24,238 [INFO] ApiDb:448 - Save user favorites file /home/traian/.stm32cubeide/favorites.mcus.txt: 0 item(s)
2025-10-11 14:42:24,238 [INFO] ApiDb:452 - User favorites MCUs=[]
2025-10-11 14:42:24,239 [INFO] ApiDb:448 - Save user favorites file /home/traian/.stm32cubeide/favorites.boards.txt: 1 item(s)
2025-10-11 14:42:24,239 [INFO] ApiDb:452 - User favorites Boards=[STM32F407G-DISC1]
2025-10-11 14:43:43,597 [INFO] MainUpdater:2872 - connection check result : 10
2025-10-11 14:43:43,725 [INFO] McuFinderGlobals:76 - Set McuFinderConnectedMode to true
2025-10-11 14:43:43,726 [INFO] MultiScanPanel:200 - Auto-refresh data requested => check proxy status ongoing
2025-10-11 14:43:43,726 [INFO] FinderPluginLoader:96 - Searching for filters in installed packs
2025-10-11 14:43:44,422 [INFO] LoadUrlFilesThread:185 - End of LoadServerUrlFiles without Thread
2025-10-11 14:43:44,422 [INFO] DetailPanel:341 - Set advertising image to /home/traian/STM32Cube/Repository//en.mcu-finder-stm32n6dk.jpg
2025-10-11 14:43:47,638 [INFO] MultiScanPanel:200 - Auto-refresh data requested => check proxy status ongoing
2025-10-11 14:43:47,667 [INFO] LoadUrlFilesThread:185 - End of LoadServerUrlFiles without Thread
2025-10-11 14:43:47,667 [INFO] DetailPanel:341 - Set advertising image to /home/traian/STM32Cube/Repository//en.mcu-finder-stm32n6dk.jpg
2025-10-11 14:44:02,457 [INFO] BoardResultTable:719 - Mark Board NUCLEO-U575ZI-Q as favorite
2025-10-11 14:44:18,323 [INFO] MainUpdater:2872 - connection check result : 10
2025-10-11 14:44:18,323 [INFO] MainUpdater:2872 - connection check result : 10
2025-10-11 14:44:18,325 [ERROR] IocParser:95 - Exception caught: Cannot invoke "java.lang.CharSequence.length()" because "this.text" is null
2025-10-11 14:44:18,514 [INFO] MicroXplorer:468 - Change Database Path : 
2025-10-11 14:44:18,514 [INFO] MicroXplorer:498 - Change Database Version : DB.6.0.150
2025-10-11 14:44:18,527 [ERROR] ProjectManagerView:395 - 
java.lang.NullPointerException: Cannot invoke "javax.swing.JTextField.getText()" because the return value of "java.util.List.get(int)" is null
	at com.st.microxplorer.plugins.projectmanager.gui.ProjectChoiceTab$9.caretUpdate(ProjectChoiceTab.java:2706) ~[filemanager.jar:?]
	at javax.swing.text.JTextComponent.fireCaretUpdate(JTextComponent.java:408) ~[?:?]
	at javax.swing.text.JTextComponent$MutableCaretEvent.fire(JTextComponent.java:4484) ~[?:?]
	at javax.swing.text.JTextComponent$MutableCaretEvent.stateChanged(JTextComponent.java:4506) ~[?:?]
	at javax.swing.text.DefaultCaret.fireStateChanged(DefaultCaret.java:857) ~[?:?]
	at javax.swing.text.DefaultCaret.changeCaretPosition(DefaultCaret.java:1343) ~[?:?]
	at javax.swing.text.DefaultCaret.handleSetDot(DefaultCaret.java:1242) ~[?:?]
	at javax.swing.text.DefaultCaret.setDot(DefaultCaret.java:1223) ~[?:?]
	at javax.swing.text.DefaultCaret$Handler.insertUpdate(DefaultCaret.java:1819) ~[?:?]
	at javax.swing.text.AbstractDocument.fireInsertUpdate(AbstractDocument.java:227) ~[?:?]
	at javax.swing.text.AbstractDocument.handleInsertString(AbstractDocument.java:781) ~[?:?]
	at javax.swing.text.AbstractDocument.insertString(AbstractDocument.java:740) ~[?:?]
	at javax.swing.text.PlainDocument.insertString(PlainDocument.java:131) ~[?:?]
	at javax.swing.text.AbstractDocument.replace(AbstractDocument.java:699) ~[?:?]
	at javax.swing.text.JTextComponent.setText(JTextComponent.java:1725) ~[?:?]
	at com.st.microxplorer.plugins.projectmanager.gui.ProjectChoiceTab.createHeapStackFields(ProjectChoiceTab.java:993) ~[filemanager.jar:?]
	at com.st.microxplorer.plugins.projectmanager.gui.ProjectChoiceTab.buildLinkSettingsPanel(ProjectChoiceTab.java:3813) ~[filemanager.jar:?]
	at com.st.microxplorer.plugins.projectmanager.gui.ProjectChoiceTab.defineWindowsFields(ProjectChoiceTab.java:1987) ~[filemanager.jar:?]
	at com.st.microxplorer.plugins.projectmanager.gui.ProjectChoiceTab.updateSettings(ProjectChoiceTab.java:558) ~[filemanager.jar:?]
	at com.st.microxplorer.plugins.projectmanager.gui.ProjectSettingsPanel.UpdateDialog(ProjectSettingsPanel.java:247) ~[filemanager.jar:?]
	at com.st.microxplorer.plugins.projectmanager.ProjectManagerView.propertyChange(ProjectManagerView.java:392) ~[filemanager.jar:?]
	at java.beans.PropertyChangeSupport.fire(PropertyChangeSupport.java:343) ~[?:?]
	at java.beans.PropertyChangeSupport.firePropertyChange(PropertyChangeSupport.java:335) ~[?:?]
	at java.beans.PropertyChangeSupport.firePropertyChange(PropertyChangeSupport.java:268) ~[?:?]
	at com.st.microxplorer.util.MXPropertyChangeSupport.firePropertyChange(MXPropertyChangeSupport.java:54) ~[STM32CubeMX.jar:?]
	at com.st.microxplorer.mxsystem.MxSystem.closeConfig(MxSystem.java:899) ~[STM32CubeMX.jar:?]
	at com.st.microxplorer.maingui.MainPanel.closeConfig(MainPanel.java:792) ~[STM32CubeMX.jar:?]
	at com.st.microxplorer.plugins.filemanager.engine.OpenFileManager.loadConfigurationFile(OpenFileManager.java:288) ~[filemanager.jar:?]
	at com.st.microxplorer.plugins.filemanager.engine.MainFileManager.userLoadConfig(MainFileManager.java:364) ~[filemanager.jar:?]
	at com.st.microxplorer.plugins.filemanager.engine.MainFileManager.userLoadConfig(MainFileManager.java:342) ~[filemanager.jar:?]
	at com.st.microxplorer.plugins.filemanager.FileManagerView.getSpecificTask(FileManagerView.java:264) ~[filemanager.jar:?]
	at com.st.stm32cube.common.mx.editor.CubeMxEditor.getMxTabbedPaneInstance(CubeMxEditor.java:1198) ~[com.st.stm32cube.common.mx_6.15.0.202507011659/:?]
	at com.st.stm32cube.common.mx.editor.CubeMxEditor$12$1.createSwingComponent(CubeMxEditor.java:1068) ~[com.st.stm32cube.common.mx_6.15.0.202507011659/:?]
	at com.st.stm32cube.common.mx.oss.core.awtswtbridge.EmbeddedSwingComposite.doComponentCreation(EmbeddedSwingComposite.java:492) ~[com.st.stm32cube.common.mx.oss_6.15.0.202507011659/:?]
	at com.st.stm32cube.common.mx.oss.core.awtswtbridge.EmbeddedSwingComposite$4.run(EmbeddedSwingComposite.java:291) ~[com.st.stm32cube.common.mx.oss_6.15.0.202507011659/:?]
	at com.st.stm32cube.common.mx.oss.core.awtswtbridge.AwtEnvironment$2.run(AwtEnvironment.java:166) ~[com.st.stm32cube.common.mx.oss_6.15.0.202507011659/:?]
	at java.awt.event.InvocationEvent.dispatch(InvocationEvent.java:318) ~[?:?]
	at java.awt.EventQueue.dispatchEventImpl(EventQueue.java:773) ~[?:?]
	at java.awt.EventQueue$4.run(EventQueue.java:720) ~[?:?]
	at java.awt.EventQueue$4.run(EventQueue.java:714) ~[?:?]
	at java.security.AccessController.doPrivileged(AccessController.java:400) ~[?:?]
	at java.security.ProtectionDomain$JavaSecurityAccessImpl.doIntersectionPrivilege(ProtectionDomain.java:87) ~[?:?]
	at java.awt.EventQueue.dispatchEvent(EventQueue.java:742) ~[?:?]
	at java.awt.EventDispatchThread.pumpOneEventForFilters(EventDispatchThread.java:203) ~[?:?]
	at java.awt.EventDispatchThread.pumpEventsForFilter(EventDispatchThread.java:124) ~[?:?]
	at java.awt.EventDispatchThread.pumpEventsForHierarchy(EventDispatchThread.java:113) ~[?:?]
	at java.awt.EventDispatchThread.pumpEvents(EventDispatchThread.java:109) ~[?:?]
	at java.awt.EventDispatchThread.pumpEvents(EventDispatchThread.java:101) ~[?:?]
	at java.awt.EventDispatchThread.run(EventDispatchThread.java:90) ~[?:?]
2025-10-11 14:44:18,534 [WARN] ThirdParty:871 - waiting for thirdparty lock release [close project]
2025-10-11 14:44:18,534 [INFO] ThirdParty:873 - entering critical section [close project]
2025-10-11 14:44:18,534 [INFO] ThirdParty:883 - exiting critical section [close project]
2025-10-11 14:44:18,536 [INFO] PinOutPanel:1589 - setPackage(No Configuration,No Configuration)
2025-10-11 14:44:18,546 [INFO] UtilMem:75 - Begin LoadConfig() Used Memory: 1009535128 Bytes (1073741824)
2025-10-11 14:44:18,546 [INFO] MicroXplorer:468 - Change Database Path : 
2025-10-11 14:44:18,546 [INFO] MicroXplorer:498 - Change Database Version : DB.6.0.150
2025-10-11 14:44:18,546 [INFO] OpenFileManager:355 - Change cursor
2025-10-11 14:44:18,579 [INFO] RulesReader:64 - Compatibility file has been processed (317 Rules)
2025-10-11 14:44:18,590 [INFO] Mcu:2029 - Initializing MCU STM32U575ZITxQ STM32U575ZITxQ STM32U575ZIT6Q
2025-10-11 14:44:20,451 [INFO] Context:786 - Trying to add GPIOservice into a context  which must be forbidden
2025-10-11 14:44:20,451 [INFO] Context:786 - Trying to add GPIOservice into a context  which must be forbidden
2025-10-11 14:44:21,798 [INFO] ApiDbMcu:532 - Load IP Config File for NUCLEO-U575ZI-Q
2025-10-11 14:44:21,873 [INFO] ImportTextPane:234 - (OptionalMessage_ERROR) Pin21 (VP_RIF_VS_RIF1) cannot be retrieved for this MCU
2025-10-11 14:44:21,881 [INFO] ImportTextPane:234 - (OptionalMessage_ERROR) Unable to find key (Mcu.IP9) in loaded IOC file
2025-10-11 14:44:21,881 [INFO] ImportTextPane:234 - (OptionalMessage_ERROR) Unknown IP (dummy)
2025-10-11 14:44:21,954 [WARN] ModelIntegratedComponent:63 - No mode defined for component null
2025-10-11 14:44:21,955 [WARN] ModelIntegratedComponent:63 - No mode defined for component null
2025-10-11 14:44:21,955 [WARN] ModelIntegratedComponent:63 - No mode defined for component null
2025-10-11 14:44:21,955 [WARN] ModelIntegratedComponent:63 - No mode defined for component null
2025-10-11 14:44:21,955 [WARN] ModelIntegratedComponent:63 - No mode defined for component null
2025-10-11 14:44:21,955 [WARN] ModelIntegratedComponent:63 - No mode defined for component null
2025-10-11 14:44:21,955 [WARN] ModelIntegratedComponent:63 - No mode defined for component null
2025-10-11 14:44:21,955 [WARN] ModelIntegratedComponent:63 - No mode defined for component null
2025-10-11 14:44:21,955 [WARN] ModelIntegratedComponent:63 - No mode defined for component null
2025-10-11 14:44:21,955 [WARN] ModelIntegratedComponent:63 - No mode defined for component null
2025-10-11 14:44:21,955 [WARN] ModelIntegratedComponent:63 - No mode defined for component null
2025-10-11 14:44:21,955 [WARN] ModelIntegratedComponent:63 - No mode defined for component null
2025-10-11 14:44:21,955 [WARN] ModelIntegratedComponent:63 - No mode defined for component null
2025-10-11 14:44:21,955 [WARN] ModelIntegratedComponent:63 - No mode defined for component null
2025-10-11 14:44:21,955 [WARN] ModelIntegratedComponent:63 - No mode defined for component null
2025-10-11 14:44:21,955 [WARN] ModelIntegratedComponent:63 - No mode defined for component null
2025-10-11 14:44:21,955 [WARN] ModelIntegratedComponent:63 - No mode defined for component null
2025-10-11 14:44:21,955 [WARN] ModelIntegratedComponent:63 - No mode defined for component null
2025-10-11 14:44:21,955 [WARN] ModelIntegratedComponent:63 - No mode defined for component null
2025-10-11 14:44:21,955 [WARN] ModelIntegratedComponent:63 - No mode defined for component null
2025-10-11 14:44:21,955 [WARN] ModelIntegratedComponent:63 - No mode defined for component null
2025-10-11 14:44:21,955 [WARN] ModelIntegratedComponent:63 - No mode defined for component null
2025-10-11 14:44:21,955 [WARN] ModelIntegratedComponent:63 - No mode defined for component null
2025-10-11 14:44:21,955 [WARN] ModelIntegratedComponent:63 - No mode defined for component null
2025-10-11 14:44:21,955 [WARN] ModelIntegratedComponent:63 - No mode defined for component null
2025-10-11 14:44:21,955 [WARN] ModelIntegratedComponent:63 - No mode defined for component null
2025-10-11 14:44:21,955 [WARN] ModelIntegratedComponent:63 - No mode defined for component null
2025-10-11 14:44:21,955 [WARN] ModelIntegratedComponent:63 - No mode defined for component null
2025-10-11 14:44:21,955 [WARN] ModelIntegratedComponent:63 - No mode defined for component null
2025-10-11 14:44:21,955 [WARN] ModelIntegratedComponent:63 - No mode defined for component null
2025-10-11 14:44:21,955 [WARN] ModelIntegratedComponent:63 - No mode defined for component null
2025-10-11 14:44:21,955 [WARN] ModelIntegratedComponent:63 - No mode defined for component null
2025-10-11 14:44:21,955 [WARN] ModelIntegratedComponent:63 - No mode defined for component null
2025-10-11 14:44:21,955 [WARN] ModelIntegratedComponent:63 - No mode defined for component null
2025-10-11 14:44:21,955 [WARN] ModelIntegratedComponent:63 - No mode defined for component null
2025-10-11 14:44:21,955 [WARN] ModelPack:524 - Component already loaded: STMicroelectronics:HAL Drivers:0.0.0:STMicroelectronics:Device:STMicro_Driver:XSPI:HAL::0.0.1:HAL_XSPI
2025-10-11 14:44:21,963 [INFO] RtosManager:558 - Registered RTOS mode: class=RTOS, group=ThreadX, mode=Core, owner=THREADX
2025-10-11 14:44:22,055 [INFO] ThirdPartyModel:298 - Start build external matchings
2025-10-11 14:44:22,324 [INFO] ThirdPartyModel:316 - End build external matchings
2025-10-11 14:44:22,348 [WARN] IP:2250 - SRAM5PowerDownInRunMode not found: check if there is a RefParameter without a condition.
2025-10-11 14:44:22,348 [WARN] IP:2250 - RAM1Page4PowerDownInStopMode not found: check if there is a RefParameter without a condition.
2025-10-11 14:44:22,348 [WARN] IP:2250 - RAM1Page5PowerDownInStopMode not found: check if there is a RefParameter without a condition.
2025-10-11 14:44:22,348 [WARN] IP:2250 - RAM1Page6PowerDownInStopMode not found: check if there is a RefParameter without a condition.
2025-10-11 14:44:22,348 [WARN] IP:2250 - RAM1Page7PowerDownInStopMode not found: check if there is a RefParameter without a condition.
2025-10-11 14:44:22,348 [WARN] IP:2250 - RAM1Page8PowerDownInStopMode not found: check if there is a RefParameter without a condition.
2025-10-11 14:44:22,348 [WARN] IP:2250 - RAM1Page9PowerDownInStopMode not found: check if there is a RefParameter without a condition.
2025-10-11 14:44:22,348 [WARN] IP:2250 - RAM1Page10PowerDownInStopMode not found: check if there is a RefParameter without a condition.
2025-10-11 14:44:22,348 [WARN] IP:2250 - RAM1Page11PowerDownInStopMode not found: check if there is a RefParameter without a condition.
2025-10-11 14:44:22,348 [WARN] IP:2250 - RAM1Page12PowerDownInStopMode not found: check if there is a RefParameter without a condition.
2025-10-11 14:44:22,348 [WARN] IP:2250 - RAM3Page9PowerDownInStopMode not found: check if there is a RefParameter without a condition.
2025-10-11 14:44:22,348 [WARN] IP:2250 - RAM3Page10PowerDownInStopMode not found: check if there is a RefParameter without a condition.
2025-10-11 14:44:22,348 [WARN] IP:2250 - RAM3Page11PowerDownInStopMode not found: check if there is a RefParameter without a condition.
2025-10-11 14:44:22,348 [WARN] IP:2250 - RAM3Page12PowerDownInStopMode not found: check if there is a RefParameter without a condition.
2025-10-11 14:44:22,349 [WARN] IP:2250 - RAM3Page13PowerDownInStopMode not found: check if there is a RefParameter without a condition.
2025-10-11 14:44:22,349 [WARN] IP:2250 - RAM5Page1PowerDownInStopMode not found: check if there is a RefParameter without a condition.
2025-10-11 14:44:22,349 [WARN] IP:2250 - RAM5Page2PowerDownInStopMode not found: check if there is a RefParameter without a condition.
2025-10-11 14:44:22,349 [WARN] IP:2250 - RAM5Page3PowerDownInStopMode not found: check if there is a RefParameter without a condition.
2025-10-11 14:44:22,349 [WARN] IP:2250 - RAM5Page4PowerDownInStopMode not found: check if there is a RefParameter without a condition.
2025-10-11 14:44:22,349 [WARN] IP:2250 - RAM5Page5PowerDownInStopMode not found: check if there is a RefParameter without a condition.
2025-10-11 14:44:22,349 [WARN] IP:2250 - RAM5Page6PowerDownInStopMode not found: check if there is a RefParameter without a condition.
2025-10-11 14:44:22,349 [WARN] IP:2250 - RAM5Page7PowerDownInStopMode not found: check if there is a RefParameter without a condition.
2025-10-11 14:44:22,349 [WARN] IP:2250 - RAM5Page8PowerDownInStopMode not found: check if there is a RefParameter without a condition.
2025-10-11 14:44:22,349 [WARN] IP:2250 - RAM5Page9PowerDownInStopMode not found: check if there is a RefParameter without a condition.
2025-10-11 14:44:22,349 [WARN] IP:2250 - RAM5Page10PowerDownInStopMode not found: check if there is a RefParameter without a condition.
2025-10-11 14:44:22,349 [WARN] IP:2250 - RAM5Page11PowerDownInStopMode not found: check if there is a RefParameter without a condition.
2025-10-11 14:44:22,349 [WARN] IP:2250 - RAM5Page12PowerDownInStopMode not found: check if there is a RefParameter without a condition.
2025-10-11 14:44:22,349 [WARN] IP:2250 - RAM5Page13PowerDownInStopMode not found: check if there is a RefParameter without a condition.
2025-10-11 14:44:22,349 [WARN] IP:2250 - Dcache2PowerDownInStopMode not found: check if there is a RefParameter without a condition.
2025-10-11 14:44:22,349 [WARN] IP:2250 - GRAPHICPRAMPowerDownInStopMode not found: check if there is a RefParameter without a condition.
2025-10-11 14:44:22,349 [WARN] IP:2250 - DSIRAMPowerDownInStopMode not found: check if there is a RefParameter without a condition.
2025-10-11 14:44:22,576 [INFO] UtilMem:75 - End LoadConfig() Used Memory: 765050880 Bytes (1073741824)
2025-10-11 14:44:22,596 [WARN] ThirdParty:833 - waiting for thirdparty lock release [change project]
2025-10-11 14:44:22,597 [INFO] ThirdParty:835 - entering critical section [change project]
2025-10-11 14:44:22,597 [INFO] ThirdParty:1030 - CMSIS Pack Vendor :STMicroelectronics X-CUBE-PM33A1 1.0.0
2025-10-11 14:44:22,597 [INFO] ThirdParty:1030 - CMSIS Pack Vendor :STMicroelectronics USBPD 4.1
2025-10-11 14:44:22,597 [INFO] ThirdParty:1030 - CMSIS Pack Vendor :STMicroelectronics X-CUBE-NFC9 1.0.0
2025-10-11 14:44:22,597 [INFO] ThirdParty:1030 - CMSIS Pack Vendor :STMicroelectronics USB_HOST 2.0.0
2025-10-11 14:44:22,597 [INFO] ThirdParty:1030 - CMSIS Pack Vendor :STMicroelectronics FP-SNS-MOTENVWB1 1.4.0
2025-10-11 14:44:22,597 [INFO] ThirdParty:1030 - CMSIS Pack Vendor :STMicroelectronics X-CUBE-AZRTOS-F4 1.1.0
2025-10-11 14:44:22,597 [INFO] ThirdParty:1030 - CMSIS Pack Vendor :STMicroelectronics LIBJPEG 8.0.0
2025-10-11 14:44:22,597 [INFO] ThirdParty:1030 - CMSIS Pack Vendor :STMicroelectronics FP-ATR-ASTRA1 2.0.2
2025-10-11 14:44:22,597 [INFO] ThirdParty:1030 - CMSIS Pack Vendor :wolfSSL I-CUBE-wolfSSL 5.8.2
2025-10-11 14:44:22,597 [INFO] ThirdParty:1030 - CMSIS Pack Vendor :STMicroelectronics X-CUBE-BLE1 7.1.0
2025-10-11 14:44:22,597 [INFO] ThirdParty:1030 - CMSIS Pack Vendor :STMicroelectronics X-CUBE-SMBUS 2.1.0
2025-10-11 14:44:22,597 [INFO] ThirdParty:1030 - CMSIS Pack Vendor :wolfSSL I-CUBE-wolfMQTT 1.19.2
2025-10-11 14:44:22,597 [INFO] ThirdParty:1030 - CMSIS Pack Vendor :STMicroelectronics USB_DEVICE 3.0.0
2025-10-11 14:44:22,597 [INFO] ThirdParty:1030 - CMSIS Pack Vendor :STMicroelectronics X-CUBE-ISPU 2.1.0
2025-10-11 14:44:22,597 [INFO] ThirdParty:1030 - CMSIS Pack Vendor :STMicroelectronics X-CUBE-EEPRMA1 5.2.0
2025-10-11 14:44:22,597 [INFO] ThirdParty:1030 - CMSIS Pack Vendor :STMicroelectronics X-CUBE-BLEMGR 4.1.0
2025-10-11 14:44:22,597 [INFO] ThirdParty:1030 - CMSIS Pack Vendor :STMicroelectronics X-CUBE-AZRTOS-WB 2.0.0
2025-10-11 14:44:22,597 [INFO] ThirdParty:1030 - CMSIS Pack Vendor :STMicroelectronics X-CUBE-ST60 1.0.0
2025-10-11 14:44:22,597 [INFO] ThirdParty:1030 - CMSIS Pack Vendor :STMicroelectronics X-CUBE-GNSS1 7.0.1
2025-10-11 14:44:22,597 [INFO] ThirdParty:1030 - CMSIS Pack Vendor :STMicroelectronics X-CUBE-NFC12 1.0.0
2025-10-11 14:44:22,597 [INFO] ThirdParty:1030 - CMSIS Pack Vendor :STMicroelectronics X-CUBE-AZRTOS-F7 1.1.0
2025-10-11 14:44:22,597 [INFO] ThirdParty:1030 - CMSIS Pack Vendor :STMicroelectronics X-CUBE-AZRTOS-L5 2.0.0
2025-10-11 14:44:22,597 [INFO] ThirdParty:1030 - CMSIS Pack Vendor :STMicroelectronics USB_DEVICE 2.0.0
2025-10-11 14:44:22,597 [INFO] ThirdParty:1030 - CMSIS Pack Vendor :STMicroelectronics X-CUBE-NFC6 3.1.0
2025-10-11 14:44:22,598 [INFO] ThirdParty:1030 - CMSIS Pack Vendor :Cesanta I-CUBE-Mongoose 7.19.0
2025-10-11 14:44:22,598 [INFO] ThirdParty:1030 - CMSIS Pack Vendor :quantropi X-CUBE-qispace-sdk-base 2.1.0
2025-10-11 14:44:22,598 [INFO] ThirdParty:1030 - CMSIS Pack Vendor :STMicroelectronics FreeRTOS 0.0.1
2025-10-11 14:44:22,598 [INFO] ThirdParty:1030 - CMSIS Pack Vendor :STMicroelectronics X-CUBE-AZRTOS-G0 1.1.0
2025-10-11 14:44:22,598 [INFO] ThirdParty:1030 - CMSIS Pack Vendor :STMicroelectronics X-CUBE-SAFEA1 1.2.2
2025-10-11 14:44:22,598 [INFO] ThirdParty:1030 - CMSIS Pack Vendor :STMicroelectronics X-CUBE-NFC4 3.0.0
2025-10-11 14:44:22,598 [INFO] ThirdParty:1030 - CMSIS Pack Vendor :STMicroelectronics X-CUBE-SUBG2 5.0.0
2025-10-11 14:44:22,598 [INFO] ThirdParty:1030 - CMSIS Pack Vendor :STMicroelectronics X-CUBE-AZRTOS-H7RS 1.1.0
2025-10-11 14:44:22,598 [INFO] ThirdParty:1030 - CMSIS Pack Vendor :STMicroelectronics STM32_WPAN 1.0.0
2025-10-11 14:44:22,598 [INFO] ThirdParty:1030 - CMSIS Pack Vendor :EmbeddedOffice I-CUBE-FS-RTOS 1.0.1
2025-10-11 14:44:22,598 [INFO] ThirdParty:1030 - CMSIS Pack Vendor :STMicroelectronics lwIP 2.0.3
2025-10-11 14:44:22,598 [INFO] ThirdParty:1030 - CMSIS Pack Vendor :WES I-CUBE-Cesium 1.4.0
2025-10-11 14:44:22,598 [INFO] ThirdParty:1030 - CMSIS Pack Vendor :STMicroelectronics USB_HOST 1.0.0
2025-10-11 14:44:22,598 [INFO] ThirdParty:1030 - CMSIS Pack Vendor :Infineon AIROC-Wi-Fi-Bluetooth-STM32 1.7.1
2025-10-11 14:44:22,598 [INFO] ThirdParty:1030 - CMSIS Pack Vendor :STMicroelectronics X-CUBE-AZRTOS-G4 2.0.0
2025-10-11 14:44:22,598 [INFO] ThirdParty:1030 - CMSIS Pack Vendor :STMicroelectronics X-CUBE-WB05N 2.0.0
2025-10-11 14:44:22,598 [INFO] ThirdParty:1030 - CMSIS Pack Vendor :STMicroelectronics PDM2PCM 3.1.0
2025-10-11 14:44:22,598 [INFO] ThirdParty:1030 - CMSIS Pack Vendor :STMicroelectronics PDM2PCM 3.3.0
2025-10-11 14:44:22,598 [INFO] ThirdParty:1030 - CMSIS Pack Vendor :wolfSSL I-CUBE-wolfTPM 3.8.0
2025-10-11 14:44:22,598 [INFO] ThirdParty:1030 - CMSIS Pack Vendor :STMicroelectronics X-CUBE-AZRTOS-H7 3.4.0
2025-10-11 14:44:22,598 [INFO] ThirdParty:1030 - CMSIS Pack Vendor :STMicroelectronics X-CUBE-DISPLAY 3.0.0
2025-10-11 14:44:22,598 [INFO] ThirdParty:1030 - CMSIS Pack Vendor :wolfSSL I-CUBE-wolfSSH 1.4.20
2025-10-11 14:44:22,598 [INFO] ThirdParty:1030 - CMSIS Pack Vendor :STMicroelectronics X-CUBE-NFC7 2.0.0
2025-10-11 14:44:22,598 [INFO] ThirdParty:1030 - CMSIS Pack Vendor :STMicroelectronics X-CUBE-TCPP 4.2.0
2025-10-11 14:44:22,598 [INFO] ThirdParty:1030 - CMSIS Pack Vendor :RealThread X-CUBE-RT-Thread_Nano 4.1.1
2025-10-11 14:44:22,598 [INFO] ThirdParty:1030 - CMSIS Pack Vendor :STMicroelectronics FP-ATR-SIGFOX1 3.2.0
2025-10-11 14:44:22,598 [INFO] ThirdParty:1030 - CMSIS Pack Vendor :STMicroelectronics X-CUBE-NFC10 1.0.0
2025-10-11 14:44:22,598 [INFO] ThirdParty:1030 - CMSIS Pack Vendor :STMicroelectronics X-CUBE-FREERTOS 1.3.1
2025-10-11 14:44:22,598 [INFO] ThirdParty:1030 - CMSIS Pack Vendor :STMicroelectronics HAL Drivers 0.0.0
2025-10-11 14:44:22,598 [INFO] ThirdParty:1030 - CMSIS Pack Vendor :STMicroelectronics MBEDTLS 2.16.2
2025-10-11 14:44:22,598 [INFO] ThirdParty:1030 - CMSIS Pack Vendor :STMicroelectronics X-CUBE-IPS 3.1.0
2025-10-11 14:44:22,598 [INFO] ThirdParty:1030 - CMSIS Pack Vendor :STMicroelectronics X-CUBE-ALS 1.0.2
2025-10-11 14:44:22,598 [INFO] ThirdParty:1030 - CMSIS Pack Vendor :emotas I-CUBE-CANOPEN 1.3.0
2025-10-11 14:44:22,598 [INFO] ThirdParty:1030 - CMSIS Pack Vendor :STMicroelectronics MBEDTLS 2.14.1
2025-10-11 14:44:22,598 [INFO] ThirdParty:1030 - CMSIS Pack Vendor :ITTIA_DB I-CUBE-ITTIADB 8.9.0
2025-10-11 14:44:22,598 [INFO] ThirdParty:1030 - CMSIS Pack Vendor :STMicroelectronics X-CUBE-TOUCHGFX 4.26.0
2025-10-11 14:44:22,598 [INFO] ThirdParty:1030 - CMSIS Pack Vendor :STMicroelectronics X-CUBE-STSE01 1.0.0
2025-10-11 14:44:22,598 [INFO] ThirdParty:1030 - CMSIS Pack Vendor :STMicroelectronics X-CUBE-ST67W61 1.0.0
2025-10-11 14:44:22,598 [INFO] ThirdParty:1030 - CMSIS Pack Vendor :STMicroelectronics FP-SNS-STBOX1 2.1.0
2025-10-11 14:44:22,599 [INFO] ThirdParty:1030 - CMSIS Pack Vendor :STMicroelectronics X-CUBE-AI 10.2.0
2025-10-11 14:44:22,599 [INFO] ThirdParty:1030 - CMSIS Pack Vendor :STMicroelectronics FP-SNS-STAIOTCFT 1.0.0
2025-10-11 14:44:22,599 [INFO] ThirdParty:1030 - CMSIS Pack Vendor :STMicroelectronics ThreadX 1.0.0
2025-10-11 14:44:22,599 [INFO] ThirdParty:1030 - CMSIS Pack Vendor :STMicroelectronics FP-SNS-SMARTAG2 1.2.0
2025-10-11 14:44:22,599 [INFO] ThirdParty:1030 - CMSIS Pack Vendor :STMicroelectronics FP-SNS-FLIGHT1 5.1.0
2025-10-11 14:44:22,599 [INFO] ThirdParty:1030 - CMSIS Pack Vendor :STMicroelectronics X-CUBE-AZRTOS-WL 2.0.0
2025-10-11 14:44:22,599 [INFO] ThirdParty:1030 - CMSIS Pack Vendor :SEGGER I-CUBE-embOS 1.3.1
2025-10-11 14:44:22,599 [INFO] ThirdParty:1030 - CMSIS Pack Vendor :STMicroelectronics X-CUBE-ALGOBUILD 1.4.0
2025-10-11 14:44:22,599 [INFO] ThirdParty:1030 - CMSIS Pack Vendor :STMicroelectronics X-CUBE-DPower 1.3.0
2025-10-11 14:44:22,599 [INFO] ThirdParty:1030 - CMSIS Pack Vendor :STMicroelectronics X-CUBE-MEMS1 11.3.0
2025-10-11 14:44:22,599 [INFO] ThirdParty:1030 - CMSIS Pack Vendor :STMicroelectronics FP-SNS-MOTENV1 5.0.0
2025-10-11 14:44:22,599 [INFO] ThirdParty:1030 - CMSIS Pack Vendor :STMicroelectronics USB_DEVICE 1.0.0
2025-10-11 14:44:22,599 [INFO] ThirdParty:1030 - CMSIS Pack Vendor :STMicroelectronics X-CUBE-AZRTOS-L4 2.0.0
2025-10-11 14:44:22,599 [INFO] ThirdParty:1030 - CMSIS Pack Vendor :STMicroelectronics ThreadX 0.0.2
2025-10-11 14:44:22,599 [INFO] ThirdParty:1030 - CMSIS Pack Vendor :STMicroelectronics lwIP 2.1.2
2025-10-11 14:44:22,599 [INFO] ThirdParty:1030 - CMSIS Pack Vendor :STMicroelectronics X-CUBE-SFXS2LP1 4.0.0
2025-10-11 14:44:22,599 [INFO] ThirdParty:1030 - CMSIS Pack Vendor :STMicroelectronics X-CUBE-BLE2 3.3.0
2025-10-11 14:44:22,599 [INFO] ThirdParty:1030 - CMSIS Pack Vendor :STMicroelectronics X-CUBE-TOF1 3.4.3
2025-10-11 14:44:22,599 [INFO] ThirdParty:1030 - CMSIS Pack Vendor :STMicroelectronics PDM2PCM 3.2.0
2025-10-11 14:44:22,599 [INFO] ThirdParty:841 - exiting critical section [change project]
2025-10-11 14:44:23,105 [INFO] PinOutPanel:1589 - setPackage(No Configuration,No Configuration)
2025-10-11 14:44:23,106 [INFO] PinOutPanel:1589 - setPackage(STM32U575ZITxQ,LQFP144)
2025-10-11 14:44:23,423 [INFO] UtilMem:75 - Before build in PCC Used Memory: 980238160 Bytes (1073741824)
2025-10-11 14:44:23,712 [INFO] UtilMem:75 - After build in PCC Used Memory: 868244456 Bytes (1073741824)
2025-10-11 14:44:23,729 [INFO] IPUIPlugin:80 - create IPUIPlugin
2025-10-11 14:44:23,729 [INFO] IPUIPlugin:80 - create IPUIPlugin
2025-10-11 14:44:23,729 [INFO] IPUIPlugin:80 - create IPUIPlugin
2025-10-11 14:44:23,729 [INFO] IPUIPlugin:80 - create IPUIPlugin
2025-10-11 14:44:23,729 [INFO] IPUIPlugin:80 - create IPUIPlugin
2025-10-11 14:44:23,729 [INFO] IPUIPlugin:80 - create IPUIPlugin
2025-10-11 14:44:23,729 [INFO] IPUIPlugin:80 - create IPUIPlugin
2025-10-11 14:44:23,729 [INFO] IPUIPlugin:80 - create IPUIPlugin
2025-10-11 14:44:23,729 [INFO] IPUIPlugin:80 - create IPUIPlugin
2025-10-11 14:44:23,729 [INFO] IPUIPlugin:80 - create IPUIPlugin
2025-10-11 14:44:23,730 [INFO] IPUIPlugin:80 - create IPUIPlugin
2025-10-11 14:44:23,730 [INFO] IPUIPlugin:80 - create IPUIPlugin
2025-10-11 14:44:23,730 [INFO] IPUIPlugin:80 - create IPUIPlugin
2025-10-11 14:44:23,730 [INFO] IPUIPlugin:80 - create IPUIPlugin
2025-10-11 14:44:23,730 [INFO] IPUIPlugin:80 - create IPUIPlugin
2025-10-11 14:44:23,730 [INFO] IPUIPlugin:80 - create IPUIPlugin
2025-10-11 14:44:23,730 [INFO] IPUIPlugin:80 - create IPUIPlugin
2025-10-11 14:44:23,730 [INFO] IPUIPlugin:80 - create IPUIPlugin
2025-10-11 14:44:23,730 [INFO] IPUIPlugin:80 - create IPUIPlugin
2025-10-11 14:44:23,730 [INFO] IPUIPlugin:80 - create IPUIPlugin
2025-10-11 14:44:23,731 [INFO] IPUIPlugin:80 - create IPUIPlugin
2025-10-11 14:44:23,731 [INFO] IPUIPlugin:80 - create IPUIPlugin
2025-10-11 14:44:23,731 [INFO] IPUIPlugin:80 - create IPUIPlugin
2025-10-11 14:44:23,731 [INFO] IPUIPlugin:80 - create IPUIPlugin
2025-10-11 14:44:23,731 [INFO] IPUIPlugin:80 - create IPUIPlugin
2025-10-11 14:44:23,731 [INFO] IPUIPlugin:80 - create IPUIPlugin
2025-10-11 14:44:23,731 [INFO] IPUIPlugin:80 - create IPUIPlugin
2025-10-11 14:44:23,731 [INFO] IPUIPlugin:80 - create IPUIPlugin
2025-10-11 14:44:23,731 [INFO] IPUIPlugin:80 - create IPUIPlugin
2025-10-11 14:44:23,731 [INFO] IPUIPlugin:80 - create IPUIPlugin
2025-10-11 14:44:23,731 [INFO] IPUIPlugin:80 - create IPUIPlugin
2025-10-11 14:44:23,731 [INFO] IPUIPlugin:80 - create IPUIPlugin
2025-10-11 14:44:23,732 [INFO] IPUIPlugin:80 - create IPUIPlugin
2025-10-11 14:44:23,732 [INFO] IPUIPlugin:80 - create IPUIPlugin
2025-10-11 14:44:23,732 [INFO] IPUIPlugin:80 - create IPUIPlugin
2025-10-11 14:44:23,732 [INFO] IPUIPlugin:80 - create IPUIPlugin
2025-10-11 14:44:23,732 [INFO] IPUIPlugin:80 - create IPUIPlugin
2025-10-11 14:44:23,732 [INFO] IPUIPlugin:80 - create IPUIPlugin
2025-10-11 14:44:23,732 [INFO] IPUIPlugin:80 - create IPUIPlugin
2025-10-11 14:44:23,732 [INFO] IPUIPlugin:80 - create IPUIPlugin
2025-10-11 14:44:23,732 [INFO] IPUIPlugin:80 - create IPUIPlugin
2025-10-11 14:44:23,732 [INFO] IPUIPlugin:80 - create IPUIPlugin
2025-10-11 14:44:23,733 [INFO] IPUIPlugin:80 - create IPUIPlugin
2025-10-11 14:44:23,733 [INFO] IPUIPlugin:80 - create IPUIPlugin
2025-10-11 14:44:23,733 [INFO] IPUIPlugin:80 - create IPUIPlugin
2025-10-11 14:44:23,733 [INFO] IPUIPlugin:80 - create IPUIPlugin
2025-10-11 14:44:23,733 [INFO] IPUIPlugin:80 - create IPUIPlugin
2025-10-11 14:44:23,733 [INFO] IPUIPlugin:80 - create IPUIPlugin
2025-10-11 14:44:23,733 [INFO] IPUIPlugin:80 - create IPUIPlugin
2025-10-11 14:44:23,733 [INFO] IPUIPlugin:80 - create IPUIPlugin
2025-10-11 14:44:23,734 [INFO] IPUIPlugin:80 - create IPUIPlugin
2025-10-11 14:44:23,734 [INFO] IPUIPlugin:80 - create IPUIPlugin
2025-10-11 14:44:23,734 [INFO] IPUIPlugin:80 - create IPUIPlugin
2025-10-11 14:44:23,734 [INFO] IPUIPlugin:80 - create IPUIPlugin
2025-10-11 14:44:23,734 [INFO] IPUIPlugin:80 - create IPUIPlugin
2025-10-11 14:44:23,734 [INFO] IPUIPlugin:80 - create IPUIPlugin
2025-10-11 14:44:23,734 [INFO] IPUIPlugin:80 - create IPUIPlugin
2025-10-11 14:44:23,735 [INFO] IPUIPlugin:80 - create IPUIPlugin
2025-10-11 14:44:23,735 [INFO] IPUIPlugin:80 - create IPUIPlugin
2025-10-11 14:44:23,735 [INFO] IPUIPlugin:80 - create IPUIPlugin
2025-10-11 14:44:23,735 [INFO] IPUIPlugin:80 - create IPUIPlugin
2025-10-11 14:44:23,735 [INFO] IPUIPlugin:80 - create IPUIPlugin
2025-10-11 14:44:23,735 [INFO] IPUIPlugin:80 - create IPUIPlugin
2025-10-11 14:44:23,735 [INFO] IPUIPlugin:80 - create IPUIPlugin
2025-10-11 14:44:23,735 [INFO] IPUIPlugin:80 - create IPUIPlugin
2025-10-11 14:44:23,736 [INFO] IPUIPlugin:80 - create IPUIPlugin
2025-10-11 14:44:23,736 [INFO] IPUIPlugin:80 - create IPUIPlugin
2025-10-11 14:44:23,736 [INFO] IPUIPlugin:80 - create IPUIPlugin
2025-10-11 14:44:23,736 [INFO] IPUIPlugin:80 - create IPUIPlugin
2025-10-11 14:44:23,736 [INFO] IPUIPlugin:80 - create IPUIPlugin
2025-10-11 14:44:23,737 [INFO] IPUIPlugin:80 - create IPUIPlugin
2025-10-11 14:44:23,737 [INFO] IPUIPlugin:80 - create IPUIPlugin
2025-10-11 14:44:23,737 [INFO] IPUIPlugin:80 - create IPUIPlugin
2025-10-11 14:44:23,737 [INFO] IPUIPlugin:80 - create IPUIPlugin
2025-10-11 14:44:23,737 [INFO] IPUIPlugin:80 - create IPUIPlugin
2025-10-11 14:44:23,737 [INFO] IPUIPlugin:80 - create IPUIPlugin
2025-10-11 14:44:23,738 [INFO] IPUIPlugin:80 - create IPUIPlugin
2025-10-11 14:44:23,738 [INFO] IPUIPlugin:80 - create IPUIPlugin
2025-10-11 14:44:23,738 [INFO] IPUIPlugin:80 - create IPUIPlugin
2025-10-11 14:44:23,738 [INFO] IPUIPlugin:80 - create IPUIPlugin
2025-10-11 14:44:23,738 [INFO] IPUIPlugin:80 - create IPUIPlugin
2025-10-11 14:44:23,738 [INFO] IPUIPlugin:80 - create IPUIPlugin
2025-10-11 14:44:23,738 [INFO] IPUIPlugin:80 - create IPUIPlugin
2025-10-11 14:44:23,738 [INFO] IPUIPlugin:80 - create IPUIPlugin
2025-10-11 14:44:23,738 [INFO] IPUIPlugin:80 - create IPUIPlugin
2025-10-11 14:44:23,738 [INFO] IPUIPlugin:80 - create IPUIPlugin
2025-10-11 14:44:23,738 [INFO] IPUIPlugin:80 - create IPUIPlugin
2025-10-11 14:44:23,739 [INFO] IPUIPlugin:80 - create IPUIPlugin
2025-10-11 14:44:23,739 [INFO] IPUIPlugin:80 - create IPUIPlugin
2025-10-11 14:44:23,739 [INFO] IPUIPlugin:80 - create IPUIPlugin
2025-10-11 14:44:23,739 [INFO] IPUIPlugin:80 - create IPUIPlugin
2025-10-11 14:44:23,739 [INFO] IPUIPlugin:80 - create IPUIPlugin
2025-10-11 14:44:23,739 [INFO] IPUIPlugin:80 - create IPUIPlugin
2025-10-11 14:44:23,739 [INFO] IPUIPlugin:80 - create IPUIPlugin
2025-10-11 14:44:23,739 [INFO] IPUIPlugin:80 - create IPUIPlugin
2025-10-11 14:44:23,740 [INFO] IPUIPlugin:80 - create IPUIPlugin
2025-10-11 14:44:23,740 [INFO] IPUIPlugin:80 - create IPUIPlugin
2025-10-11 14:44:23,740 [INFO] IPUIPlugin:80 - create IPUIPlugin
2025-10-11 14:44:23,740 [INFO] IPUIPlugin:80 - create IPUIPlugin
2025-10-11 14:44:23,741 [INFO] IPUIPlugin:80 - create IPUIPlugin
2025-10-11 14:44:23,741 [INFO] IPUIPlugin:80 - create IPUIPlugin
2025-10-11 14:44:23,741 [INFO] IPUIPlugin:80 - create IPUIPlugin
2025-10-11 14:44:23,741 [INFO] IPUIPlugin:80 - create IPUIPlugin
2025-10-11 14:44:23,741 [INFO] IPUIPlugin:80 - create IPUIPlugin
2025-10-11 14:44:23,742 [INFO] IPUIPlugin:80 - create IPUIPlugin
2025-10-11 14:44:23,759 [INFO] CADModel:165 - CPN selected for project levelSTM32U575ZIT6Q
2025-10-11 14:44:23,759 [INFO] CADModel:114 - Register for checkConnection events
2025-10-11 14:44:23,796 [INFO] OpenFileManager:386 - Restore cursor
2025-10-11 14:44:23,914 [WARN] IP:2250 - SRAM5PowerDownInRunMode not found: check if there is a RefParameter without a condition.
2025-10-11 14:44:23,914 [WARN] IP:2250 - RAM1Page4PowerDownInStopMode not found: check if there is a RefParameter without a condition.
2025-10-11 14:44:23,914 [WARN] IP:2250 - RAM1Page5PowerDownInStopMode not found: check if there is a RefParameter without a condition.
2025-10-11 14:44:23,914 [WARN] IP:2250 - RAM1Page6PowerDownInStopMode not found: check if there is a RefParameter without a condition.
2025-10-11 14:44:23,914 [WARN] IP:2250 - RAM1Page7PowerDownInStopMode not found: check if there is a RefParameter without a condition.
2025-10-11 14:44:23,914 [WARN] IP:2250 - RAM1Page8PowerDownInStopMode not found: check if there is a RefParameter without a condition.
2025-10-11 14:44:23,914 [WARN] IP:2250 - RAM1Page9PowerDownInStopMode not found: check if there is a RefParameter without a condition.
2025-10-11 14:44:23,914 [WARN] IP:2250 - RAM1Page10PowerDownInStopMode not found: check if there is a RefParameter without a condition.
2025-10-11 14:44:23,914 [WARN] IP:2250 - RAM1Page11PowerDownInStopMode not found: check if there is a RefParameter without a condition.
2025-10-11 14:44:23,914 [WARN] IP:2250 - RAM1Page12PowerDownInStopMode not found: check if there is a RefParameter without a condition.
2025-10-11 14:44:23,914 [WARN] IP:2250 - RAM3Page9PowerDownInStopMode not found: check if there is a RefParameter without a condition.
2025-10-11 14:44:23,914 [WARN] IP:2250 - RAM3Page10PowerDownInStopMode not found: check if there is a RefParameter without a condition.
2025-10-11 14:44:23,914 [WARN] IP:2250 - RAM3Page11PowerDownInStopMode not found: check if there is a RefParameter without a condition.
2025-10-11 14:44:23,914 [WARN] IP:2250 - RAM3Page12PowerDownInStopMode not found: check if there is a RefParameter without a condition.
2025-10-11 14:44:23,914 [WARN] IP:2250 - RAM3Page13PowerDownInStopMode not found: check if there is a RefParameter without a condition.
2025-10-11 14:44:23,914 [WARN] IP:2250 - RAM5Page1PowerDownInStopMode not found: check if there is a RefParameter without a condition.
2025-10-11 14:44:23,914 [WARN] IP:2250 - RAM5Page2PowerDownInStopMode not found: check if there is a RefParameter without a condition.
2025-10-11 14:44:23,914 [WARN] IP:2250 - RAM5Page3PowerDownInStopMode not found: check if there is a RefParameter without a condition.
2025-10-11 14:44:23,914 [WARN] IP:2250 - RAM5Page4PowerDownInStopMode not found: check if there is a RefParameter without a condition.
2025-10-11 14:44:23,914 [WARN] IP:2250 - RAM5Page5PowerDownInStopMode not found: check if there is a RefParameter without a condition.
2025-10-11 14:44:23,914 [WARN] IP:2250 - RAM5Page6PowerDownInStopMode not found: check if there is a RefParameter without a condition.
2025-10-11 14:44:23,914 [WARN] IP:2250 - RAM5Page7PowerDownInStopMode not found: check if there is a RefParameter without a condition.
2025-10-11 14:44:23,914 [WARN] IP:2250 - RAM5Page8PowerDownInStopMode not found: check if there is a RefParameter without a condition.
2025-10-11 14:44:23,914 [WARN] IP:2250 - RAM5Page9PowerDownInStopMode not found: check if there is a RefParameter without a condition.
2025-10-11 14:44:23,914 [WARN] IP:2250 - RAM5Page10PowerDownInStopMode not found: check if there is a RefParameter without a condition.
2025-10-11 14:44:23,914 [WARN] IP:2250 - RAM5Page11PowerDownInStopMode not found: check if there is a RefParameter without a condition.
2025-10-11 14:44:23,914 [WARN] IP:2250 - RAM5Page12PowerDownInStopMode not found: check if there is a RefParameter without a condition.
2025-10-11 14:44:23,914 [WARN] IP:2250 - RAM5Page13PowerDownInStopMode not found: check if there is a RefParameter without a condition.
2025-10-11 14:44:23,914 [WARN] IP:2250 - Dcache2PowerDownInStopMode not found: check if there is a RefParameter without a condition.
2025-10-11 14:44:23,914 [WARN] IP:2250 - GRAPHICPRAMPowerDownInStopMode not found: check if there is a RefParameter without a condition.
2025-10-11 14:44:23,914 [WARN] IP:2250 - DSIRAMPowerDownInStopMode not found: check if there is a RefParameter without a condition.
2025-10-11 14:44:23,915 [WARN] IP:2250 - SRAM5PowerDownInRunMode not found: check if there is a RefParameter without a condition.
2025-10-11 14:44:23,915 [WARN] IP:2250 - RAM1Page4PowerDownInStopMode not found: check if there is a RefParameter without a condition.
2025-10-11 14:44:23,915 [WARN] IP:2250 - RAM1Page5PowerDownInStopMode not found: check if there is a RefParameter without a condition.
2025-10-11 14:44:23,915 [WARN] IP:2250 - RAM1Page6PowerDownInStopMode not found: check if there is a RefParameter without a condition.
2025-10-11 14:44:23,915 [WARN] IP:2250 - RAM1Page7PowerDownInStopMode not found: check if there is a RefParameter without a condition.
2025-10-11 14:44:23,915 [WARN] IP:2250 - RAM1Page8PowerDownInStopMode not found: check if there is a RefParameter without a condition.
2025-10-11 14:44:23,915 [WARN] IP:2250 - RAM1Page9PowerDownInStopMode not found: check if there is a RefParameter without a condition.
2025-10-11 14:44:23,915 [WARN] IP:2250 - RAM1Page10PowerDownInStopMode not found: check if there is a RefParameter without a condition.
2025-10-11 14:44:23,915 [WARN] IP:2250 - RAM1Page11PowerDownInStopMode not found: check if there is a RefParameter without a condition.
2025-10-11 14:44:23,915 [WARN] IP:2250 - RAM1Page12PowerDownInStopMode not found: check if there is a RefParameter without a condition.
2025-10-11 14:44:23,915 [WARN] IP:2250 - RAM3Page9PowerDownInStopMode not found: check if there is a RefParameter without a condition.
2025-10-11 14:44:23,915 [WARN] IP:2250 - RAM3Page10PowerDownInStopMode not found: check if there is a RefParameter without a condition.
2025-10-11 14:44:23,915 [WARN] IP:2250 - RAM3Page11PowerDownInStopMode not found: check if there is a RefParameter without a condition.
2025-10-11 14:44:23,915 [WARN] IP:2250 - RAM3Page12PowerDownInStopMode not found: check if there is a RefParameter without a condition.
2025-10-11 14:44:23,915 [WARN] IP:2250 - RAM3Page13PowerDownInStopMode not found: check if there is a RefParameter without a condition.
2025-10-11 14:44:23,915 [WARN] IP:2250 - RAM5Page1PowerDownInStopMode not found: check if there is a RefParameter without a condition.
2025-10-11 14:44:23,915 [WARN] IP:2250 - RAM5Page2PowerDownInStopMode not found: check if there is a RefParameter without a condition.
2025-10-11 14:44:23,915 [WARN] IP:2250 - RAM5Page3PowerDownInStopMode not found: check if there is a RefParameter without a condition.
2025-10-11 14:44:23,915 [WARN] IP:2250 - RAM5Page4PowerDownInStopMode not found: check if there is a RefParameter without a condition.
2025-10-11 14:44:23,915 [WARN] IP:2250 - RAM5Page5PowerDownInStopMode not found: check if there is a RefParameter without a condition.
2025-10-11 14:44:23,915 [WARN] IP:2250 - RAM5Page6PowerDownInStopMode not found: check if there is a RefParameter without a condition.
2025-10-11 14:44:23,915 [WARN] IP:2250 - RAM5Page7PowerDownInStopMode not found: check if there is a RefParameter without a condition.
2025-10-11 14:44:23,915 [WARN] IP:2250 - RAM5Page8PowerDownInStopMode not found: check if there is a RefParameter without a condition.
2025-10-11 14:44:23,915 [WARN] IP:2250 - RAM5Page9PowerDownInStopMode not found: check if there is a RefParameter without a condition.
2025-10-11 14:44:23,915 [WARN] IP:2250 - RAM5Page10PowerDownInStopMode not found: check if there is a RefParameter without a condition.
2025-10-11 14:44:23,915 [WARN] IP:2250 - RAM5Page11PowerDownInStopMode not found: check if there is a RefParameter without a condition.
2025-10-11 14:44:23,916 [WARN] IP:2250 - RAM5Page12PowerDownInStopMode not found: check if there is a RefParameter without a condition.
2025-10-11 14:44:23,916 [WARN] IP:2250 - RAM5Page13PowerDownInStopMode not found: check if there is a RefParameter without a condition.
2025-10-11 14:44:23,916 [WARN] IP:2250 - Dcache2PowerDownInStopMode not found: check if there is a RefParameter without a condition.
2025-10-11 14:44:23,916 [WARN] IP:2250 - GRAPHICPRAMPowerDownInStopMode not found: check if there is a RefParameter without a condition.
2025-10-11 14:44:23,916 [WARN] IP:2250 - DSIRAMPowerDownInStopMode not found: check if there is a RefParameter without a condition.
2025-10-11 14:44:24,324 [INFO] UtilMem:75 - End SaveConfig() Used Memory: 860675464 Bytes (1073741824)
2025-10-11 14:44:24,350 [WARN] Context:862 - Trying to set MEMORYMAP twice on same context CortexM33
2025-10-11 14:44:24,641 [ERROR] IocParser:95 - Exception caught: Cannot invoke "java.lang.CharSequence.length()" because "this.text" is null
2025-10-11 14:44:35,133 [INFO] McuFinderGlobals:76 - Set McuFinderConnectedMode to true
2025-10-11 14:44:35,134 [INFO] ApiDb:448 - Save user favorites file /home/traian/.stm32cubeide/favorites.mcus.txt: 0 item(s)
2025-10-11 14:44:35,134 [INFO] ApiDb:452 - User favorites MCUs=[]
2025-10-11 14:44:35,135 [INFO] ApiDb:448 - Save user favorites file /home/traian/.stm32cubeide/favorites.boards.txt: 2 item(s)
2025-10-11 14:44:35,135 [INFO] ApiDb:452 - User favorites Boards=[NUCLEO-U575ZI-Q, STM32F407G-DISC1]
2025-10-11 14:44:40,192 [INFO] McuFinderGlobals:63 - Set McuFinder mode to 2 (CubeIDE integrated)
2025-10-11 14:44:40,192 [INFO] UserAuth:171 - activating auth plugin
2025-10-11 14:44:40,195 [INFO] UserAuth:487 - Internet connection configuration mode: 1
2025-10-11 14:45:21,780 [INFO] WebApp:650 - userauth.ini created with success
2025-10-11 14:45:46,809 [INFO] MainUpdater:2872 - connection check result : 10
2025-10-11 14:45:46,941 [INFO] McuFinderGlobals:76 - Set McuFinderConnectedMode to true
2025-10-11 14:45:46,941 [INFO] MultiScanPanel:200 - Auto-refresh data requested => check proxy status ongoing
2025-10-11 14:45:46,942 [INFO] FinderPluginLoader:96 - Searching for filters in installed packs
2025-10-11 14:45:47,446 [INFO] LoadUrlFilesThread:185 - End of LoadServerUrlFiles without Thread
2025-10-11 14:45:47,446 [INFO] DetailPanel:341 - Set advertising image to /home/traian/STM32Cube/Repository//en.mcu-finder-stm32n6dk.jpg
2025-10-11 14:45:50,462 [INFO] MultiScanPanel:200 - Auto-refresh data requested => check proxy status ongoing
2025-10-11 14:45:50,493 [INFO] LoadUrlFilesThread:185 - End of LoadServerUrlFiles without Thread
2025-10-11 14:45:50,494 [INFO] DetailPanel:341 - Set advertising image to /home/traian/STM32Cube/Repository//en.mcu-finder-stm32n6dk.jpg
2025-10-11 14:45:59,448 [INFO] MainUpdater:2872 - connection check result : 10
2025-10-11 14:45:59,448 [INFO] MainUpdater:2872 - connection check result : 10
2025-10-11 14:45:59,677 [INFO] MicroXplorer:468 - Change Database Path : 
2025-10-11 14:45:59,677 [INFO] MicroXplorer:498 - Change Database Version : DB.6.0.150
2025-10-11 14:45:59,685 [ERROR] ProjectManagerView:395 - 
java.lang.NullPointerException: Cannot invoke "javax.swing.JTextField.getText()" because the return value of "java.util.List.get(int)" is null
	at com.st.microxplorer.plugins.projectmanager.gui.ProjectChoiceTab$9.caretUpdate(ProjectChoiceTab.java:2706) ~[filemanager.jar:?]
	at javax.swing.text.JTextComponent.fireCaretUpdate(JTextComponent.java:408) ~[?:?]
	at javax.swing.text.JTextComponent$MutableCaretEvent.fire(JTextComponent.java:4484) ~[?:?]
	at javax.swing.text.JTextComponent$MutableCaretEvent.stateChanged(JTextComponent.java:4506) ~[?:?]
	at javax.swing.text.DefaultCaret.fireStateChanged(DefaultCaret.java:857) ~[?:?]
	at javax.swing.text.DefaultCaret.changeCaretPosition(DefaultCaret.java:1343) ~[?:?]
	at javax.swing.text.DefaultCaret.handleSetDot(DefaultCaret.java:1242) ~[?:?]
	at javax.swing.text.DefaultCaret.setDot(DefaultCaret.java:1223) ~[?:?]
	at javax.swing.text.DefaultCaret$Handler.insertUpdate(DefaultCaret.java:1819) ~[?:?]
	at javax.swing.text.AbstractDocument.fireInsertUpdate(AbstractDocument.java:227) ~[?:?]
	at javax.swing.text.AbstractDocument.handleInsertString(AbstractDocument.java:781) ~[?:?]
	at javax.swing.text.AbstractDocument.insertString(AbstractDocument.java:740) ~[?:?]
	at javax.swing.text.PlainDocument.insertString(PlainDocument.java:131) ~[?:?]
	at javax.swing.text.AbstractDocument.replace(AbstractDocument.java:699) ~[?:?]
	at javax.swing.text.JTextComponent.setText(JTextComponent.java:1725) ~[?:?]
	at com.st.microxplorer.plugins.projectmanager.gui.ProjectChoiceTab.createHeapStackFields(ProjectChoiceTab.java:993) ~[filemanager.jar:?]
	at com.st.microxplorer.plugins.projectmanager.gui.ProjectChoiceTab.buildLinkSettingsPanel(ProjectChoiceTab.java:3813) ~[filemanager.jar:?]
	at com.st.microxplorer.plugins.projectmanager.gui.ProjectChoiceTab.defineWindowsFields(ProjectChoiceTab.java:1987) ~[filemanager.jar:?]
	at com.st.microxplorer.plugins.projectmanager.gui.ProjectChoiceTab.updateSettings(ProjectChoiceTab.java:558) ~[filemanager.jar:?]
	at com.st.microxplorer.plugins.projectmanager.gui.ProjectSettingsPanel.UpdateDialog(ProjectSettingsPanel.java:247) ~[filemanager.jar:?]
	at com.st.microxplorer.plugins.projectmanager.ProjectManagerView.propertyChange(ProjectManagerView.java:392) ~[filemanager.jar:?]
	at java.beans.PropertyChangeSupport.fire(PropertyChangeSupport.java:343) ~[?:?]
	at java.beans.PropertyChangeSupport.firePropertyChange(PropertyChangeSupport.java:335) ~[?:?]
	at java.beans.PropertyChangeSupport.firePropertyChange(PropertyChangeSupport.java:268) ~[?:?]
	at com.st.microxplorer.util.MXPropertyChangeSupport.firePropertyChange(MXPropertyChangeSupport.java:54) ~[STM32CubeMX.jar:?]
	at com.st.microxplorer.mxsystem.MxSystem.closeConfig(MxSystem.java:899) ~[STM32CubeMX.jar:?]
	at com.st.microxplorer.maingui.MainPanel.closeConfig(MainPanel.java:792) ~[STM32CubeMX.jar:?]
	at com.st.microxplorer.plugins.filemanager.engine.OpenFileManager.loadConfigurationFile(OpenFileManager.java:288) ~[filemanager.jar:?]
	at com.st.microxplorer.plugins.filemanager.engine.MainFileManager.userLoadConfig(MainFileManager.java:364) ~[filemanager.jar:?]
	at com.st.microxplorer.plugins.filemanager.FileManagerView.getSpecificTask(FileManagerView.java:268) ~[filemanager.jar:?]
	at com.st.stm32cube.common.mx.editor.CubeMxEditor.getMxTabbedPaneInstance(CubeMxEditor.java:1191) ~[com.st.stm32cube.common.mx_6.15.0.202507011659/:?]
	at com.st.stm32cube.common.mx.editor.CubeMxEditor$12$1.createSwingComponent(CubeMxEditor.java:1068) ~[com.st.stm32cube.common.mx_6.15.0.202507011659/:?]
	at com.st.stm32cube.common.mx.oss.core.awtswtbridge.EmbeddedSwingComposite.doComponentCreation(EmbeddedSwingComposite.java:492) ~[com.st.stm32cube.common.mx.oss_6.15.0.202507011659/:?]
	at com.st.stm32cube.common.mx.oss.core.awtswtbridge.EmbeddedSwingComposite$4.run(EmbeddedSwingComposite.java:291) ~[com.st.stm32cube.common.mx.oss_6.15.0.202507011659/:?]
	at com.st.stm32cube.common.mx.oss.core.awtswtbridge.AwtEnvironment$2.run(AwtEnvironment.java:166) ~[com.st.stm32cube.common.mx.oss_6.15.0.202507011659/:?]
	at java.awt.event.InvocationEvent.dispatch(InvocationEvent.java:318) ~[?:?]
	at java.awt.EventQueue.dispatchEventImpl(EventQueue.java:773) ~[?:?]
	at java.awt.EventQueue$4.run(EventQueue.java:720) ~[?:?]
	at java.awt.EventQueue$4.run(EventQueue.java:714) ~[?:?]
	at java.security.AccessController.doPrivileged(AccessController.java:400) ~[?:?]
	at java.security.ProtectionDomain$JavaSecurityAccessImpl.doIntersectionPrivilege(ProtectionDomain.java:87) ~[?:?]
	at java.awt.EventQueue.dispatchEvent(EventQueue.java:742) ~[?:?]
	at java.awt.EventDispatchThread.pumpOneEventForFilters(EventDispatchThread.java:203) ~[?:?]
	at java.awt.EventDispatchThread.pumpEventsForFilter(EventDispatchThread.java:124) ~[?:?]
	at java.awt.EventDispatchThread.pumpEventsForHierarchy(EventDispatchThread.java:113) ~[?:?]
	at java.awt.EventDispatchThread.pumpEvents(EventDispatchThread.java:109) ~[?:?]
	at java.awt.EventDispatchThread.pumpEvents(EventDispatchThread.java:101) ~[?:?]
	at java.awt.EventDispatchThread.run(EventDispatchThread.java:90) ~[?:?]
2025-10-11 14:45:59,686 [WARN] ThirdParty:871 - waiting for thirdparty lock release [close project]
2025-10-11 14:45:59,686 [INFO] ThirdParty:873 - entering critical section [close project]
2025-10-11 14:45:59,686 [INFO] ThirdParty:883 - exiting critical section [close project]
2025-10-11 14:45:59,688 [INFO] PinOutPanel:1589 - setPackage(No Configuration,No Configuration)
2025-10-11 14:45:59,692 [INFO] UtilMem:75 - Begin LoadConfig() Used Memory: 881993648 Bytes (1073741824)
2025-10-11 14:45:59,693 [INFO] OpenFileManager:355 - Change cursor
2025-10-11 14:45:59,714 [INFO] RulesReader:64 - Compatibility file has been processed (317 Rules)
2025-10-11 14:45:59,734 [INFO] Mcu:2029 - Initializing MCU STM32U575ZITxQ STM32U575ZITxQ STM32U575ZIT6Q
2025-10-11 14:46:01,541 [INFO] Context:786 - Trying to add GPIOservice into a context  which must be forbidden
2025-10-11 14:46:01,541 [INFO] Context:786 - Trying to add GPIOservice into a context  which must be forbidden
2025-10-11 14:46:02,802 [INFO] Rule:233 - rule Adapt Old IOC before rework replace old CORTEX_M33/CORTEX_M55 attributes by the new one. is applicable
2025-10-11 14:46:02,802 [INFO] Rule:233 - rule Rename parametre of RCC RCC_APBDBG_DIV2 to RCC_TIMPRES_DIV2 is applicable
2025-10-11 14:46:02,802 [INFO] Rule:233 - rule Rename DIE493 pin PA10 [PA12] -> PA10 is applicable
2025-10-11 14:46:02,802 [INFO] Rule:233 - rule Rename DIE493 pin PA9 [PA11] -> PA9 is applicable
2025-10-11 14:46:02,802 [INFO] Rule:233 - rule Rename DIE492 PartNumber CPN STM32WBA5MJGHx -> STM32WBA5MMGHx is applicable
2025-10-11 14:46:02,802 [INFO] Rule:233 - rule Rename DIE492 PartNumber  Name STM32WBA5MJGHx -> STM32WBA5MMGHx is applicable
2025-10-11 14:46:02,802 [INFO] Rule:233 - rule Rename DIE492 PartNumber UserName STM32WBA5MJGHx -> STM32WBA5MMGHx is applicable
2025-10-11 14:46:02,802 [INFO] Rule:233 - rule Rename DIE492 PartNumber DeviceId STM32WBA5MJGHx -> STM32WBA5MMGHx is applicable
2025-10-11 14:46:02,802 [INFO] Rule:233 - rule Adapt Old IOC CSI. is applicable
2025-10-11 14:46:02,802 [INFO] Rule:233 - rule Adapt Old IOC DCMIPP. is applicable
2025-10-11 14:46:02,802 [INFO] Rule:233 - rule Adapt Old IOC DCMIPP Mode Parallel. is applicable
2025-10-11 14:46:02,802 [INFO] Rule:233 - rule Adapt Old IOC LTDC. is applicable
2025-10-11 14:46:02,802 [INFO] Rule:233 - rule Rename STM32MP2 RIF Peripheral LTDC RIF.RISUP.LTDC_L0L1.Privilege -> RIF.RISUP.LTDC_L1L2.Privilege is applicable
2025-10-11 14:46:02,802 [INFO] Rule:233 - rule Rename STM32MP2 RIF Peripheral LTDC RIF.RISUP.LTDC_L0L1.Privilege -> RIF.RISUP.LTDC_L1L2.Privilege is applicable
2025-10-11 14:46:02,802 [INFO] Rule:233 - rule Rename STM32MP2 RIF Peripheral LTDC RIF.RISUP.LTDC_L0L1.Lock -> RIF.RISUP.LTDC_L1L2.Lock is applicable
2025-10-11 14:46:02,802 [INFO] Rule:233 - rule Rename STM32MP2 RIF Peripheral LTDC RIF.RISUP.LTDC_L2.Lock -> RIF.RISUP.LTDC_L3.Lock is applicable
2025-10-11 14:46:02,802 [INFO] Rule:233 - rule Adapt the old IOC example for updating the SYS when it is misconfigured. is applicable
2025-10-11 14:46:02,803 [INFO] Rule:233 - rule Rename STM32C09 Mcu.Package LQFP64 -> LQFP48 is applicable
2025-10-11 14:46:02,803 [INFO] Rule:233 - rule Adapt the old IOC example for updating the SYS when it is misconfigured. is applicable
2025-10-11 14:46:02,803 [INFO] Rule:233 - rule Adapt the old IOC example for updating the SYS when it is misconfigured. is applicable
2025-10-11 14:46:02,806 [INFO] DbConfProperties:307 - Apply Compatibility (5/20 Rules)
2025-10-11 14:46:02,816 [INFO] ApiDbMcu:532 - Load IP Config File for NUCLEO-U575ZI-Q
2025-10-11 14:46:02,915 [INFO] ImportTextPane:234 - (OptionalMessage_ERROR) Pin20 (VP_RIF_VS_RIF1) cannot be retrieved for this MCU
2025-10-11 14:46:03,000 [WARN] ModelIntegratedComponent:63 - No mode defined for component null
2025-10-11 14:46:03,000 [WARN] ModelIntegratedComponent:63 - No mode defined for component null
2025-10-11 14:46:03,000 [WARN] ModelIntegratedComponent:63 - No mode defined for component null
2025-10-11 14:46:03,000 [WARN] ModelIntegratedComponent:63 - No mode defined for component null
2025-10-11 14:46:03,000 [WARN] ModelIntegratedComponent:63 - No mode defined for component null
2025-10-11 14:46:03,000 [WARN] ModelIntegratedComponent:63 - No mode defined for component null
2025-10-11 14:46:03,000 [WARN] ModelIntegratedComponent:63 - No mode defined for component null
2025-10-11 14:46:03,000 [WARN] ModelIntegratedComponent:63 - No mode defined for component null
2025-10-11 14:46:03,000 [WARN] ModelIntegratedComponent:63 - No mode defined for component null
2025-10-11 14:46:03,000 [WARN] ModelIntegratedComponent:63 - No mode defined for component null
2025-10-11 14:46:03,000 [WARN] ModelIntegratedComponent:63 - No mode defined for component null
2025-10-11 14:46:03,000 [WARN] ModelIntegratedComponent:63 - No mode defined for component null
2025-10-11 14:46:03,000 [WARN] ModelIntegratedComponent:63 - No mode defined for component null
2025-10-11 14:46:03,000 [WARN] ModelIntegratedComponent:63 - No mode defined for component null
2025-10-11 14:46:03,000 [WARN] ModelIntegratedComponent:63 - No mode defined for component null
2025-10-11 14:46:03,000 [WARN] ModelIntegratedComponent:63 - No mode defined for component null
2025-10-11 14:46:03,000 [WARN] ModelIntegratedComponent:63 - No mode defined for component null
2025-10-11 14:46:03,000 [WARN] ModelIntegratedComponent:63 - No mode defined for component null
2025-10-11 14:46:03,000 [WARN] ModelIntegratedComponent:63 - No mode defined for component null
2025-10-11 14:46:03,000 [WARN] ModelIntegratedComponent:63 - No mode defined for component null
2025-10-11 14:46:03,000 [WARN] ModelIntegratedComponent:63 - No mode defined for component null
2025-10-11 14:46:03,000 [WARN] ModelIntegratedComponent:63 - No mode defined for component null
2025-10-11 14:46:03,000 [WARN] ModelIntegratedComponent:63 - No mode defined for component null
2025-10-11 14:46:03,000 [WARN] ModelIntegratedComponent:63 - No mode defined for component null
2025-10-11 14:46:03,000 [WARN] ModelIntegratedComponent:63 - No mode defined for component null
2025-10-11 14:46:03,000 [WARN] ModelIntegratedComponent:63 - No mode defined for component null
2025-10-11 14:46:03,000 [WARN] ModelIntegratedComponent:63 - No mode defined for component null
2025-10-11 14:46:03,000 [WARN] ModelIntegratedComponent:63 - No mode defined for component null
2025-10-11 14:46:03,000 [WARN] ModelIntegratedComponent:63 - No mode defined for component null
2025-10-11 14:46:03,000 [WARN] ModelIntegratedComponent:63 - No mode defined for component null
2025-10-11 14:46:03,000 [WARN] ModelIntegratedComponent:63 - No mode defined for component null
2025-10-11 14:46:03,000 [WARN] ModelIntegratedComponent:63 - No mode defined for component null
2025-10-11 14:46:03,000 [WARN] ModelIntegratedComponent:63 - No mode defined for component null
2025-10-11 14:46:03,000 [WARN] ModelIntegratedComponent:63 - No mode defined for component null
2025-10-11 14:46:03,000 [WARN] ModelIntegratedComponent:63 - No mode defined for component null
2025-10-11 14:46:03,000 [WARN] ModelPack:524 - Component already loaded: STMicroelectronics:HAL Drivers:0.0.0:STMicroelectronics:Device:STMicro_Driver:XSPI:HAL::0.0.1:HAL_XSPI
2025-10-11 14:46:03,007 [INFO] RtosManager:558 - Registered RTOS mode: class=RTOS, group=ThreadX, mode=Core, owner=THREADX
2025-10-11 14:46:03,098 [INFO] ThirdPartyModel:298 - Start build external matchings
2025-10-11 14:46:03,368 [INFO] ThirdPartyModel:316 - End build external matchings
2025-10-11 14:46:03,379 [WARN] IP:2250 - SRAM5PowerDownInRunMode not found: check if there is a RefParameter without a condition.
2025-10-11 14:46:03,379 [WARN] IP:2250 - RAM1Page4PowerDownInStopMode not found: check if there is a RefParameter without a condition.
2025-10-11 14:46:03,379 [WARN] IP:2250 - RAM1Page5PowerDownInStopMode not found: check if there is a RefParameter without a condition.
2025-10-11 14:46:03,379 [WARN] IP:2250 - RAM1Page6PowerDownInStopMode not found: check if there is a RefParameter without a condition.
2025-10-11 14:46:03,379 [WARN] IP:2250 - RAM1Page7PowerDownInStopMode not found: check if there is a RefParameter without a condition.
2025-10-11 14:46:03,379 [WARN] IP:2250 - RAM1Page8PowerDownInStopMode not found: check if there is a RefParameter without a condition.
2025-10-11 14:46:03,379 [WARN] IP:2250 - RAM1Page9PowerDownInStopMode not found: check if there is a RefParameter without a condition.
2025-10-11 14:46:03,379 [WARN] IP:2250 - RAM1Page10PowerDownInStopMode not found: check if there is a RefParameter without a condition.
2025-10-11 14:46:03,379 [WARN] IP:2250 - RAM1Page11PowerDownInStopMode not found: check if there is a RefParameter without a condition.
2025-10-11 14:46:03,379 [WARN] IP:2250 - RAM1Page12PowerDownInStopMode not found: check if there is a RefParameter without a condition.
2025-10-11 14:46:03,380 [WARN] IP:2250 - RAM3Page9PowerDownInStopMode not found: check if there is a RefParameter without a condition.
2025-10-11 14:46:03,380 [WARN] IP:2250 - RAM3Page10PowerDownInStopMode not found: check if there is a RefParameter without a condition.
2025-10-11 14:46:03,380 [WARN] IP:2250 - RAM3Page11PowerDownInStopMode not found: check if there is a RefParameter without a condition.
2025-10-11 14:46:03,380 [WARN] IP:2250 - RAM3Page12PowerDownInStopMode not found: check if there is a RefParameter without a condition.
2025-10-11 14:46:03,380 [WARN] IP:2250 - RAM3Page13PowerDownInStopMode not found: check if there is a RefParameter without a condition.
2025-10-11 14:46:03,380 [WARN] IP:2250 - RAM5Page1PowerDownInStopMode not found: check if there is a RefParameter without a condition.
2025-10-11 14:46:03,380 [WARN] IP:2250 - RAM5Page2PowerDownInStopMode not found: check if there is a RefParameter without a condition.
2025-10-11 14:46:03,380 [WARN] IP:2250 - RAM5Page3PowerDownInStopMode not found: check if there is a RefParameter without a condition.
2025-10-11 14:46:03,380 [WARN] IP:2250 - RAM5Page4PowerDownInStopMode not found: check if there is a RefParameter without a condition.
2025-10-11 14:46:03,380 [WARN] IP:2250 - RAM5Page5PowerDownInStopMode not found: check if there is a RefParameter without a condition.
2025-10-11 14:46:03,380 [WARN] IP:2250 - RAM5Page6PowerDownInStopMode not found: check if there is a RefParameter without a condition.
2025-10-11 14:46:03,380 [WARN] IP:2250 - RAM5Page7PowerDownInStopMode not found: check if there is a RefParameter without a condition.
2025-10-11 14:46:03,380 [WARN] IP:2250 - RAM5Page8PowerDownInStopMode not found: check if there is a RefParameter without a condition.
2025-10-11 14:46:03,380 [WARN] IP:2250 - RAM5Page9PowerDownInStopMode not found: check if there is a RefParameter without a condition.
2025-10-11 14:46:03,380 [WARN] IP:2250 - RAM5Page10PowerDownInStopMode not found: check if there is a RefParameter without a condition.
2025-10-11 14:46:03,380 [WARN] IP:2250 - RAM5Page11PowerDownInStopMode not found: check if there is a RefParameter without a condition.
2025-10-11 14:46:03,380 [WARN] IP:2250 - RAM5Page12PowerDownInStopMode not found: check if there is a RefParameter without a condition.
2025-10-11 14:46:03,380 [WARN] IP:2250 - RAM5Page13PowerDownInStopMode not found: check if there is a RefParameter without a condition.
2025-10-11 14:46:03,380 [WARN] IP:2250 - Dcache2PowerDownInStopMode not found: check if there is a RefParameter without a condition.
2025-10-11 14:46:03,380 [WARN] IP:2250 - GRAPHICPRAMPowerDownInStopMode not found: check if there is a RefParameter without a condition.
2025-10-11 14:46:03,381 [WARN] IP:2250 - DSIRAMPowerDownInStopMode not found: check if there is a RefParameter without a condition.
2025-10-11 14:46:03,609 [INFO] UtilMem:75 - End LoadConfig() Used Memory: 902048720 Bytes (1073741824)
2025-10-11 14:46:18,981 [INFO] BspBoardWizard:580 - Analytics plugin initialized with success
2025-10-11 14:46:19,140 [INFO] BspBoardWizard:580 - Analytics plugin initialized with success
2025-10-11 14:46:19,199 [INFO] BspBoardWizard:580 - Analytics plugin initialized with success
2025-10-11 14:46:19,255 [WARN] ThirdParty:833 - waiting for thirdparty lock release [change project]
2025-10-11 14:46:19,256 [INFO] ThirdParty:835 - entering critical section [change project]
2025-10-11 14:46:19,256 [INFO] ThirdParty:1030 - CMSIS Pack Vendor :STMicroelectronics X-CUBE-PM33A1 1.0.0
2025-10-11 14:46:19,256 [INFO] ThirdParty:1030 - CMSIS Pack Vendor :STMicroelectronics USBPD 4.1
2025-10-11 14:46:19,256 [INFO] ThirdParty:1030 - CMSIS Pack Vendor :STMicroelectronics X-CUBE-NFC9 1.0.0
2025-10-11 14:46:19,257 [INFO] ThirdParty:1030 - CMSIS Pack Vendor :STMicroelectronics USB_HOST 2.0.0
2025-10-11 14:46:19,257 [INFO] ThirdParty:1030 - CMSIS Pack Vendor :STMicroelectronics FP-SNS-MOTENVWB1 1.4.0
2025-10-11 14:46:19,257 [INFO] ThirdParty:1030 - CMSIS Pack Vendor :STMicroelectronics X-CUBE-AZRTOS-F4 1.1.0
2025-10-11 14:46:19,257 [INFO] ThirdParty:1030 - CMSIS Pack Vendor :STMicroelectronics LIBJPEG 8.0.0
2025-10-11 14:46:19,257 [INFO] ThirdParty:1030 - CMSIS Pack Vendor :STMicroelectronics FP-ATR-ASTRA1 2.0.2
2025-10-11 14:46:19,258 [INFO] ThirdParty:1030 - CMSIS Pack Vendor :wolfSSL I-CUBE-wolfSSL 5.8.2
2025-10-11 14:46:19,258 [INFO] ThirdParty:1030 - CMSIS Pack Vendor :STMicroelectronics X-CUBE-BLE1 7.1.0
2025-10-11 14:46:19,258 [INFO] ThirdParty:1030 - CMSIS Pack Vendor :STMicroelectronics X-CUBE-SMBUS 2.1.0
2025-10-11 14:46:19,258 [INFO] ThirdParty:1030 - CMSIS Pack Vendor :wolfSSL I-CUBE-wolfMQTT 1.19.2
2025-10-11 14:46:19,258 [INFO] ThirdParty:1030 - CMSIS Pack Vendor :STMicroelectronics USB_DEVICE 3.0.0
2025-10-11 14:46:19,258 [INFO] ThirdParty:1030 - CMSIS Pack Vendor :STMicroelectronics X-CUBE-ISPU 2.1.0
2025-10-11 14:46:19,258 [INFO] ThirdParty:1030 - CMSIS Pack Vendor :STMicroelectronics X-CUBE-EEPRMA1 5.2.0
2025-10-11 14:46:19,259 [INFO] ThirdParty:1030 - CMSIS Pack Vendor :STMicroelectronics X-CUBE-BLEMGR 4.1.0
2025-10-11 14:46:19,259 [INFO] ThirdParty:1030 - CMSIS Pack Vendor :STMicroelectronics X-CUBE-AZRTOS-WB 2.0.0
2025-10-11 14:46:19,259 [INFO] ThirdParty:1030 - CMSIS Pack Vendor :STMicroelectronics X-CUBE-ST60 1.0.0
2025-10-11 14:46:19,260 [INFO] ThirdParty:1030 - CMSIS Pack Vendor :STMicroelectronics X-CUBE-GNSS1 7.0.1
2025-10-11 14:46:19,260 [INFO] ThirdParty:1030 - CMSIS Pack Vendor :STMicroelectronics X-CUBE-NFC12 1.0.0
2025-10-11 14:46:19,260 [INFO] ThirdParty:1030 - CMSIS Pack Vendor :STMicroelectronics X-CUBE-AZRTOS-F7 1.1.0
2025-10-11 14:46:19,260 [INFO] ThirdParty:1030 - CMSIS Pack Vendor :STMicroelectronics X-CUBE-AZRTOS-L5 2.0.0
2025-10-11 14:46:19,260 [INFO] ThirdParty:1030 - CMSIS Pack Vendor :STMicroelectronics USB_DEVICE 2.0.0
2025-10-11 14:46:19,261 [INFO] ThirdParty:1030 - CMSIS Pack Vendor :STMicroelectronics X-CUBE-NFC6 3.1.0
2025-10-11 14:46:19,261 [INFO] ThirdParty:1030 - CMSIS Pack Vendor :Cesanta I-CUBE-Mongoose 7.19.0
2025-10-11 14:46:19,261 [INFO] ThirdParty:1030 - CMSIS Pack Vendor :quantropi X-CUBE-qispace-sdk-base 2.1.0
2025-10-11 14:46:19,261 [INFO] ThirdParty:1030 - CMSIS Pack Vendor :STMicroelectronics FreeRTOS 0.0.1
2025-10-11 14:46:19,261 [INFO] ThirdParty:1030 - CMSIS Pack Vendor :STMicroelectronics X-CUBE-AZRTOS-G0 1.1.0
2025-10-11 14:46:19,261 [INFO] ThirdParty:1030 - CMSIS Pack Vendor :STMicroelectronics X-CUBE-SAFEA1 1.2.2
2025-10-11 14:46:19,261 [INFO] ThirdParty:1030 - CMSIS Pack Vendor :STMicroelectronics X-CUBE-NFC4 3.0.0
2025-10-11 14:46:19,261 [INFO] ThirdParty:1030 - CMSIS Pack Vendor :STMicroelectronics X-CUBE-SUBG2 5.0.0
2025-10-11 14:46:19,261 [INFO] ThirdParty:1030 - CMSIS Pack Vendor :STMicroelectronics X-CUBE-AZRTOS-H7RS 1.1.0
2025-10-11 14:46:19,262 [INFO] ThirdParty:1030 - CMSIS Pack Vendor :STMicroelectronics STM32_WPAN 1.0.0
2025-10-11 14:46:19,262 [INFO] ThirdParty:1030 - CMSIS Pack Vendor :EmbeddedOffice I-CUBE-FS-RTOS 1.0.1
2025-10-11 14:46:19,262 [INFO] ThirdParty:1030 - CMSIS Pack Vendor :STMicroelectronics lwIP 2.0.3
2025-10-11 14:46:19,262 [INFO] ThirdParty:1030 - CMSIS Pack Vendor :WES I-CUBE-Cesium 1.4.0
2025-10-11 14:46:19,262 [INFO] ThirdParty:1030 - CMSIS Pack Vendor :STMicroelectronics USB_HOST 1.0.0
2025-10-11 14:46:19,262 [INFO] ThirdParty:1030 - CMSIS Pack Vendor :Infineon AIROC-Wi-Fi-Bluetooth-STM32 1.7.1
2025-10-11 14:46:19,262 [INFO] ThirdParty:1030 - CMSIS Pack Vendor :STMicroelectronics X-CUBE-AZRTOS-G4 2.0.0
2025-10-11 14:46:19,262 [INFO] ThirdParty:1030 - CMSIS Pack Vendor :STMicroelectronics X-CUBE-WB05N 2.0.0
2025-10-11 14:46:19,262 [INFO] ThirdParty:1030 - CMSIS Pack Vendor :STMicroelectronics PDM2PCM 3.1.0
2025-10-11 14:46:19,262 [INFO] ThirdParty:1030 - CMSIS Pack Vendor :STMicroelectronics PDM2PCM 3.3.0
2025-10-11 14:46:19,262 [INFO] ThirdParty:1030 - CMSIS Pack Vendor :wolfSSL I-CUBE-wolfTPM 3.8.0
2025-10-11 14:46:19,262 [INFO] ThirdParty:1030 - CMSIS Pack Vendor :STMicroelectronics X-CUBE-AZRTOS-H7 3.4.0
2025-10-11 14:46:19,262 [INFO] ThirdParty:1030 - CMSIS Pack Vendor :STMicroelectronics X-CUBE-DISPLAY 3.0.0
2025-10-11 14:46:19,262 [INFO] ThirdParty:1030 - CMSIS Pack Vendor :wolfSSL I-CUBE-wolfSSH 1.4.20
2025-10-11 14:46:19,262 [INFO] ThirdParty:1030 - CMSIS Pack Vendor :STMicroelectronics X-CUBE-NFC7 2.0.0
2025-10-11 14:46:19,262 [INFO] ThirdParty:1030 - CMSIS Pack Vendor :STMicroelectronics X-CUBE-TCPP 4.2.0
2025-10-11 14:46:19,263 [INFO] ThirdParty:1030 - CMSIS Pack Vendor :RealThread X-CUBE-RT-Thread_Nano 4.1.1
2025-10-11 14:46:19,263 [INFO] ThirdParty:1030 - CMSIS Pack Vendor :STMicroelectronics FP-ATR-SIGFOX1 3.2.0
2025-10-11 14:46:19,263 [INFO] ThirdParty:1030 - CMSIS Pack Vendor :STMicroelectronics X-CUBE-NFC10 1.0.0
2025-10-11 14:46:19,263 [INFO] ThirdParty:1030 - CMSIS Pack Vendor :STMicroelectronics X-CUBE-FREERTOS 1.3.1
2025-10-11 14:46:19,263 [INFO] ThirdParty:1030 - CMSIS Pack Vendor :STMicroelectronics HAL Drivers 0.0.0
2025-10-11 14:46:19,263 [INFO] ThirdParty:1030 - CMSIS Pack Vendor :STMicroelectronics MBEDTLS 2.16.2
2025-10-11 14:46:19,263 [INFO] ThirdParty:1030 - CMSIS Pack Vendor :STMicroelectronics X-CUBE-IPS 3.1.0
2025-10-11 14:46:19,263 [INFO] ThirdParty:1030 - CMSIS Pack Vendor :STMicroelectronics X-CUBE-ALS 1.0.2
2025-10-11 14:46:19,263 [INFO] ThirdParty:1030 - CMSIS Pack Vendor :emotas I-CUBE-CANOPEN 1.3.0
2025-10-11 14:46:19,263 [INFO] ThirdParty:1030 - CMSIS Pack Vendor :STMicroelectronics MBEDTLS 2.14.1
2025-10-11 14:46:19,263 [INFO] ThirdParty:1030 - CMSIS Pack Vendor :ITTIA_DB I-CUBE-ITTIADB 8.9.0
2025-10-11 14:46:19,263 [INFO] ThirdParty:1030 - CMSIS Pack Vendor :STMicroelectronics X-CUBE-TOUCHGFX 4.26.0
2025-10-11 14:46:19,263 [INFO] ThirdParty:1030 - CMSIS Pack Vendor :STMicroelectronics X-CUBE-STSE01 1.0.0
2025-10-11 14:46:19,263 [INFO] ThirdParty:1030 - CMSIS Pack Vendor :STMicroelectronics X-CUBE-ST67W61 1.0.0
2025-10-11 14:46:19,263 [INFO] ThirdParty:1030 - CMSIS Pack Vendor :STMicroelectronics FP-SNS-STBOX1 2.1.0
2025-10-11 14:46:19,263 [INFO] ThirdParty:1030 - CMSIS Pack Vendor :STMicroelectronics X-CUBE-AI 10.2.0
2025-10-11 14:46:19,263 [INFO] ThirdParty:1030 - CMSIS Pack Vendor :STMicroelectronics FP-SNS-STAIOTCFT 1.0.0
2025-10-11 14:46:19,264 [INFO] ThirdParty:1030 - CMSIS Pack Vendor :STMicroelectronics ThreadX 1.0.0
2025-10-11 14:46:19,264 [INFO] ThirdParty:1030 - CMSIS Pack Vendor :STMicroelectronics FP-SNS-SMARTAG2 1.2.0
2025-10-11 14:46:19,264 [INFO] ThirdParty:1030 - CMSIS Pack Vendor :STMicroelectronics FP-SNS-FLIGHT1 5.1.0
2025-10-11 14:46:19,264 [INFO] ThirdParty:1030 - CMSIS Pack Vendor :STMicroelectronics X-CUBE-AZRTOS-WL 2.0.0
2025-10-11 14:46:19,264 [INFO] ThirdParty:1030 - CMSIS Pack Vendor :SEGGER I-CUBE-embOS 1.3.1
2025-10-11 14:46:19,264 [INFO] ThirdParty:1030 - CMSIS Pack Vendor :STMicroelectronics X-CUBE-ALGOBUILD 1.4.0
2025-10-11 14:46:19,264 [INFO] ThirdParty:1030 - CMSIS Pack Vendor :STMicroelectronics X-CUBE-DPower 1.3.0
2025-10-11 14:46:19,264 [INFO] ThirdParty:1030 - CMSIS Pack Vendor :STMicroelectronics X-CUBE-MEMS1 11.3.0
2025-10-11 14:46:19,264 [INFO] ThirdParty:1030 - CMSIS Pack Vendor :STMicroelectronics FP-SNS-MOTENV1 5.0.0
2025-10-11 14:46:19,264 [INFO] ThirdParty:1030 - CMSIS Pack Vendor :STMicroelectronics USB_DEVICE 1.0.0
2025-10-11 14:46:19,264 [INFO] ThirdParty:1030 - CMSIS Pack Vendor :STMicroelectronics X-CUBE-AZRTOS-L4 2.0.0
2025-10-11 14:46:19,264 [INFO] ThirdParty:1030 - CMSIS Pack Vendor :STMicroelectronics ThreadX 0.0.2
2025-10-11 14:46:19,264 [INFO] ThirdParty:1030 - CMSIS Pack Vendor :STMicroelectronics lwIP 2.1.2
2025-10-11 14:46:19,264 [INFO] ThirdParty:1030 - CMSIS Pack Vendor :STMicroelectronics X-CUBE-SFXS2LP1 4.0.0
2025-10-11 14:46:19,264 [INFO] ThirdParty:1030 - CMSIS Pack Vendor :STMicroelectronics X-CUBE-BLE2 3.3.0
2025-10-11 14:46:19,264 [INFO] ThirdParty:1030 - CMSIS Pack Vendor :STMicroelectronics X-CUBE-TOF1 3.4.3
2025-10-11 14:46:19,264 [INFO] ThirdParty:1030 - CMSIS Pack Vendor :STMicroelectronics PDM2PCM 3.2.0
2025-10-11 14:46:19,265 [INFO] ThirdParty:841 - exiting critical section [change project]
2025-10-11 14:46:19,664 [INFO] PinOutPanel:1589 - setPackage(No Configuration,No Configuration)
2025-10-11 14:46:19,665 [INFO] PinOutPanel:1589 - setPackage(STM32U575ZITxQ,LQFP144)
2025-10-11 14:46:20,135 [INFO] UtilMem:75 - Before build in PCC Used Memory: 797181792 Bytes (1073741824)
2025-10-11 14:46:20,441 [INFO] UtilMem:75 - After build in PCC Used Memory: 950273888 Bytes (1073741824)
2025-10-11 14:46:20,485 [INFO] IPUIPlugin:80 - create IPUIPlugin
2025-10-11 14:46:20,486 [INFO] IPUIPlugin:80 - create IPUIPlugin
2025-10-11 14:46:20,486 [INFO] IPUIPlugin:80 - create IPUIPlugin
2025-10-11 14:46:20,486 [INFO] IPUIPlugin:80 - create IPUIPlugin
2025-10-11 14:46:20,486 [INFO] IPUIPlugin:80 - create IPUIPlugin
2025-10-11 14:46:20,486 [INFO] IPUIPlugin:80 - create IPUIPlugin
2025-10-11 14:46:20,487 [INFO] IPUIPlugin:80 - create IPUIPlugin
2025-10-11 14:46:20,487 [INFO] IPUIPlugin:80 - create IPUIPlugin
2025-10-11 14:46:20,487 [INFO] IPUIPlugin:80 - create IPUIPlugin
2025-10-11 14:46:20,487 [INFO] IPUIPlugin:80 - create IPUIPlugin
2025-10-11 14:46:20,488 [INFO] IPUIPlugin:80 - create IPUIPlugin
2025-10-11 14:46:20,488 [INFO] IPUIPlugin:80 - create IPUIPlugin
2025-10-11 14:46:20,488 [INFO] IPUIPlugin:80 - create IPUIPlugin
2025-10-11 14:46:20,488 [INFO] IPUIPlugin:80 - create IPUIPlugin
2025-10-11 14:46:20,489 [INFO] IPUIPlugin:80 - create IPUIPlugin
2025-10-11 14:46:20,490 [INFO] IPUIPlugin:80 - create IPUIPlugin
2025-10-11 14:46:20,490 [INFO] IPUIPlugin:80 - create IPUIPlugin
2025-10-11 14:46:20,490 [INFO] IPUIPlugin:80 - create IPUIPlugin
2025-10-11 14:46:20,490 [INFO] IPUIPlugin:80 - create IPUIPlugin
2025-10-11 14:46:20,490 [INFO] IPUIPlugin:80 - create IPUIPlugin
2025-10-11 14:46:20,490 [INFO] IPUIPlugin:80 - create IPUIPlugin
2025-10-11 14:46:20,491 [INFO] IPUIPlugin:80 - create IPUIPlugin
2025-10-11 14:46:20,491 [INFO] IPUIPlugin:80 - create IPUIPlugin
2025-10-11 14:46:20,491 [INFO] IPUIPlugin:80 - create IPUIPlugin
2025-10-11 14:46:20,491 [INFO] IPUIPlugin:80 - create IPUIPlugin
2025-10-11 14:46:20,491 [INFO] IPUIPlugin:80 - create IPUIPlugin
2025-10-11 14:46:20,491 [INFO] IPUIPlugin:80 - create IPUIPlugin
2025-10-11 14:46:20,491 [INFO] IPUIPlugin:80 - create IPUIPlugin
2025-10-11 14:46:20,491 [INFO] IPUIPlugin:80 - create IPUIPlugin
2025-10-11 14:46:20,491 [INFO] IPUIPlugin:80 - create IPUIPlugin
2025-10-11 14:46:20,492 [INFO] IPUIPlugin:80 - create IPUIPlugin
2025-10-11 14:46:20,492 [INFO] IPUIPlugin:80 - create IPUIPlugin
2025-10-11 14:46:20,492 [INFO] IPUIPlugin:80 - create IPUIPlugin
2025-10-11 14:46:20,492 [INFO] IPUIPlugin:80 - create IPUIPlugin
2025-10-11 14:46:20,493 [INFO] IPUIPlugin:80 - create IPUIPlugin
2025-10-11 14:46:20,493 [INFO] IPUIPlugin:80 - create IPUIPlugin
2025-10-11 14:46:20,493 [INFO] IPUIPlugin:80 - create IPUIPlugin
2025-10-11 14:46:20,493 [INFO] IPUIPlugin:80 - create IPUIPlugin
2025-10-11 14:46:20,493 [INFO] IPUIPlugin:80 - create IPUIPlugin
2025-10-11 14:46:20,494 [INFO] IPUIPlugin:80 - create IPUIPlugin
2025-10-11 14:46:20,494 [INFO] IPUIPlugin:80 - create IPUIPlugin
2025-10-11 14:46:20,494 [INFO] IPUIPlugin:80 - create IPUIPlugin
2025-10-11 14:46:20,495 [INFO] IPUIPlugin:80 - create IPUIPlugin
2025-10-11 14:46:20,495 [INFO] IPUIPlugin:80 - create IPUIPlugin
2025-10-11 14:46:20,495 [INFO] IPUIPlugin:80 - create IPUIPlugin
2025-10-11 14:46:20,496 [INFO] IPUIPlugin:80 - create IPUIPlugin
2025-10-11 14:46:20,496 [INFO] IPUIPlugin:80 - create IPUIPlugin
2025-10-11 14:46:20,496 [INFO] IPUIPlugin:80 - create IPUIPlugin
2025-10-11 14:46:20,496 [INFO] IPUIPlugin:80 - create IPUIPlugin
2025-10-11 14:46:20,497 [INFO] IPUIPlugin:80 - create IPUIPlugin
2025-10-11 14:46:20,497 [INFO] IPUIPlugin:80 - create IPUIPlugin
2025-10-11 14:46:20,497 [INFO] IPUIPlugin:80 - create IPUIPlugin
2025-10-11 14:46:20,497 [INFO] IPUIPlugin:80 - create IPUIPlugin
2025-10-11 14:46:20,498 [INFO] IPUIPlugin:80 - create IPUIPlugin
2025-10-11 14:46:20,498 [INFO] IPUIPlugin:80 - create IPUIPlugin
2025-10-11 14:46:20,498 [INFO] IPUIPlugin:80 - create IPUIPlugin
2025-10-11 14:46:20,499 [INFO] IPUIPlugin:80 - create IPUIPlugin
2025-10-11 14:46:20,499 [INFO] IPUIPlugin:80 - create IPUIPlugin
2025-10-11 14:46:20,499 [INFO] IPUIPlugin:80 - create IPUIPlugin
2025-10-11 14:46:20,500 [INFO] IPUIPlugin:80 - create IPUIPlugin
2025-10-11 14:46:20,500 [INFO] IPUIPlugin:80 - create IPUIPlugin
2025-10-11 14:46:20,500 [INFO] IPUIPlugin:80 - create IPUIPlugin
2025-10-11 14:46:20,500 [INFO] IPUIPlugin:80 - create IPUIPlugin
2025-10-11 14:46:20,500 [INFO] IPUIPlugin:80 - create IPUIPlugin
2025-10-11 14:46:20,501 [INFO] IPUIPlugin:80 - create IPUIPlugin
2025-10-11 14:46:20,501 [INFO] IPUIPlugin:80 - create IPUIPlugin
2025-10-11 14:46:20,501 [INFO] IPUIPlugin:80 - create IPUIPlugin
2025-10-11 14:46:20,501 [INFO] IPUIPlugin:80 - create IPUIPlugin
2025-10-11 14:46:20,501 [INFO] IPUIPlugin:80 - create IPUIPlugin
2025-10-11 14:46:20,502 [INFO] IPUIPlugin:80 - create IPUIPlugin
2025-10-11 14:46:20,502 [INFO] IPUIPlugin:80 - create IPUIPlugin
2025-10-11 14:46:20,502 [INFO] IPUIPlugin:80 - create IPUIPlugin
2025-10-11 14:46:20,502 [INFO] IPUIPlugin:80 - create IPUIPlugin
2025-10-11 14:46:20,502 [INFO] IPUIPlugin:80 - create IPUIPlugin
2025-10-11 14:46:20,503 [INFO] IPUIPlugin:80 - create IPUIPlugin
2025-10-11 14:46:20,503 [INFO] IPUIPlugin:80 - create IPUIPlugin
2025-10-11 14:46:20,503 [INFO] IPUIPlugin:80 - create IPUIPlugin
2025-10-11 14:46:20,503 [INFO] IPUIPlugin:80 - create IPUIPlugin
2025-10-11 14:46:20,503 [INFO] IPUIPlugin:80 - create IPUIPlugin
2025-10-11 14:46:20,503 [INFO] IPUIPlugin:80 - create IPUIPlugin
2025-10-11 14:46:20,504 [INFO] IPUIPlugin:80 - create IPUIPlugin
2025-10-11 14:46:20,504 [INFO] IPUIPlugin:80 - create IPUIPlugin
2025-10-11 14:46:20,504 [INFO] IPUIPlugin:80 - create IPUIPlugin
2025-10-11 14:46:20,504 [INFO] IPUIPlugin:80 - create IPUIPlugin
2025-10-11 14:46:20,504 [INFO] IPUIPlugin:80 - create IPUIPlugin
2025-10-11 14:46:20,504 [INFO] IPUIPlugin:80 - create IPUIPlugin
2025-10-11 14:46:20,504 [INFO] IPUIPlugin:80 - create IPUIPlugin
2025-10-11 14:46:20,504 [INFO] IPUIPlugin:80 - create IPUIPlugin
2025-10-11 14:46:20,504 [INFO] IPUIPlugin:80 - create IPUIPlugin
2025-10-11 14:46:20,505 [INFO] IPUIPlugin:80 - create IPUIPlugin
2025-10-11 14:46:20,505 [INFO] IPUIPlugin:80 - create IPUIPlugin
2025-10-11 14:46:20,505 [INFO] IPUIPlugin:80 - create IPUIPlugin
2025-10-11 14:46:20,505 [INFO] IPUIPlugin:80 - create IPUIPlugin
2025-10-11 14:46:20,506 [INFO] IPUIPlugin:80 - create IPUIPlugin
2025-10-11 14:46:20,506 [INFO] IPUIPlugin:80 - create IPUIPlugin
2025-10-11 14:46:20,506 [INFO] IPUIPlugin:80 - create IPUIPlugin
2025-10-11 14:46:20,507 [INFO] IPUIPlugin:80 - create IPUIPlugin
2025-10-11 14:46:20,507 [INFO] IPUIPlugin:80 - create IPUIPlugin
2025-10-11 14:46:20,508 [INFO] IPUIPlugin:80 - create IPUIPlugin
2025-10-11 14:46:20,508 [INFO] IPUIPlugin:80 - create IPUIPlugin
2025-10-11 14:46:20,508 [INFO] IPUIPlugin:80 - create IPUIPlugin
2025-10-11 14:46:20,508 [INFO] IPUIPlugin:80 - create IPUIPlugin
2025-10-11 14:46:20,508 [INFO] IPUIPlugin:80 - create IPUIPlugin
2025-10-11 14:46:20,509 [INFO] IPUIPlugin:80 - create IPUIPlugin
2025-10-11 14:46:20,509 [INFO] IPUIPlugin:80 - create IPUIPlugin
2025-10-11 14:46:20,537 [INFO] CADModel:165 - CPN selected for project levelSTM32U575ZIT6Q
2025-10-11 14:46:20,537 [INFO] CADModel:114 - Register for checkConnection events
2025-10-11 14:46:20,576 [INFO] OpenFileManager:386 - Restore cursor
2025-10-11 14:46:20,704 [WARN] IP:2250 - SRAM5PowerDownInRunMode not found: check if there is a RefParameter without a condition.
2025-10-11 14:46:20,704 [WARN] IP:2250 - RAM1Page4PowerDownInStopMode not found: check if there is a RefParameter without a condition.
2025-10-11 14:46:20,704 [WARN] IP:2250 - RAM1Page5PowerDownInStopMode not found: check if there is a RefParameter without a condition.
2025-10-11 14:46:20,704 [WARN] IP:2250 - RAM1Page6PowerDownInStopMode not found: check if there is a RefParameter without a condition.
2025-10-11 14:46:20,704 [WARN] IP:2250 - RAM1Page7PowerDownInStopMode not found: check if there is a RefParameter without a condition.
2025-10-11 14:46:20,704 [WARN] IP:2250 - RAM1Page8PowerDownInStopMode not found: check if there is a RefParameter without a condition.
2025-10-11 14:46:20,704 [WARN] IP:2250 - RAM1Page9PowerDownInStopMode not found: check if there is a RefParameter without a condition.
2025-10-11 14:46:20,704 [WARN] IP:2250 - RAM1Page10PowerDownInStopMode not found: check if there is a RefParameter without a condition.
2025-10-11 14:46:20,704 [WARN] IP:2250 - RAM1Page11PowerDownInStopMode not found: check if there is a RefParameter without a condition.
2025-10-11 14:46:20,704 [WARN] IP:2250 - RAM1Page12PowerDownInStopMode not found: check if there is a RefParameter without a condition.
2025-10-11 14:46:20,704 [WARN] IP:2250 - RAM3Page9PowerDownInStopMode not found: check if there is a RefParameter without a condition.
2025-10-11 14:46:20,704 [WARN] IP:2250 - RAM3Page10PowerDownInStopMode not found: check if there is a RefParameter without a condition.
2025-10-11 14:46:20,704 [WARN] IP:2250 - RAM3Page11PowerDownInStopMode not found: check if there is a RefParameter without a condition.
2025-10-11 14:46:20,704 [WARN] IP:2250 - RAM3Page12PowerDownInStopMode not found: check if there is a RefParameter without a condition.
2025-10-11 14:46:20,705 [WARN] IP:2250 - RAM3Page13PowerDownInStopMode not found: check if there is a RefParameter without a condition.
2025-10-11 14:46:20,705 [WARN] IP:2250 - RAM5Page1PowerDownInStopMode not found: check if there is a RefParameter without a condition.
2025-10-11 14:46:20,705 [WARN] IP:2250 - RAM5Page2PowerDownInStopMode not found: check if there is a RefParameter without a condition.
2025-10-11 14:46:20,705 [WARN] IP:2250 - RAM5Page3PowerDownInStopMode not found: check if there is a RefParameter without a condition.
2025-10-11 14:46:20,705 [WARN] IP:2250 - RAM5Page4PowerDownInStopMode not found: check if there is a RefParameter without a condition.
2025-10-11 14:46:20,705 [WARN] IP:2250 - RAM5Page5PowerDownInStopMode not found: check if there is a RefParameter without a condition.
2025-10-11 14:46:20,705 [WARN] IP:2250 - RAM5Page6PowerDownInStopMode not found: check if there is a RefParameter without a condition.
2025-10-11 14:46:20,705 [WARN] IP:2250 - RAM5Page7PowerDownInStopMode not found: check if there is a RefParameter without a condition.
2025-10-11 14:46:20,705 [WARN] IP:2250 - RAM5Page8PowerDownInStopMode not found: check if there is a RefParameter without a condition.
2025-10-11 14:46:20,705 [WARN] IP:2250 - RAM5Page9PowerDownInStopMode not found: check if there is a RefParameter without a condition.
2025-10-11 14:46:20,705 [WARN] IP:2250 - RAM5Page10PowerDownInStopMode not found: check if there is a RefParameter without a condition.
2025-10-11 14:46:20,705 [WARN] IP:2250 - RAM5Page11PowerDownInStopMode not found: check if there is a RefParameter without a condition.
2025-10-11 14:46:20,705 [WARN] IP:2250 - RAM5Page12PowerDownInStopMode not found: check if there is a RefParameter without a condition.
2025-10-11 14:46:20,705 [WARN] IP:2250 - RAM5Page13PowerDownInStopMode not found: check if there is a RefParameter without a condition.
2025-10-11 14:46:20,705 [WARN] IP:2250 - Dcache2PowerDownInStopMode not found: check if there is a RefParameter without a condition.
2025-10-11 14:46:20,705 [WARN] IP:2250 - GRAPHICPRAMPowerDownInStopMode not found: check if there is a RefParameter without a condition.
2025-10-11 14:46:20,705 [WARN] IP:2250 - DSIRAMPowerDownInStopMode not found: check if there is a RefParameter without a condition.
2025-10-11 14:46:20,708 [WARN] IP:2250 - SRAM5PowerDownInRunMode not found: check if there is a RefParameter without a condition.
2025-10-11 14:46:20,708 [WARN] IP:2250 - RAM1Page4PowerDownInStopMode not found: check if there is a RefParameter without a condition.
2025-10-11 14:46:20,708 [WARN] IP:2250 - RAM1Page5PowerDownInStopMode not found: check if there is a RefParameter without a condition.
2025-10-11 14:46:20,708 [WARN] IP:2250 - RAM1Page6PowerDownInStopMode not found: check if there is a RefParameter without a condition.
2025-10-11 14:46:20,708 [WARN] IP:2250 - RAM1Page7PowerDownInStopMode not found: check if there is a RefParameter without a condition.
2025-10-11 14:46:20,708 [WARN] IP:2250 - RAM1Page8PowerDownInStopMode not found: check if there is a RefParameter without a condition.
2025-10-11 14:46:20,708 [WARN] IP:2250 - RAM1Page9PowerDownInStopMode not found: check if there is a RefParameter without a condition.
2025-10-11 14:46:20,708 [WARN] IP:2250 - RAM1Page10PowerDownInStopMode not found: check if there is a RefParameter without a condition.
2025-10-11 14:46:20,708 [WARN] IP:2250 - RAM1Page11PowerDownInStopMode not found: check if there is a RefParameter without a condition.
2025-10-11 14:46:20,708 [WARN] IP:2250 - RAM1Page12PowerDownInStopMode not found: check if there is a RefParameter without a condition.
2025-10-11 14:46:20,708 [WARN] IP:2250 - RAM3Page9PowerDownInStopMode not found: check if there is a RefParameter without a condition.
2025-10-11 14:46:20,708 [WARN] IP:2250 - RAM3Page10PowerDownInStopMode not found: check if there is a RefParameter without a condition.
2025-10-11 14:46:20,708 [WARN] IP:2250 - RAM3Page11PowerDownInStopMode not found: check if there is a RefParameter without a condition.
2025-10-11 14:46:20,708 [WARN] IP:2250 - RAM3Page12PowerDownInStopMode not found: check if there is a RefParameter without a condition.
2025-10-11 14:46:20,708 [WARN] IP:2250 - RAM3Page13PowerDownInStopMode not found: check if there is a RefParameter without a condition.
2025-10-11 14:46:20,708 [WARN] IP:2250 - RAM5Page1PowerDownInStopMode not found: check if there is a RefParameter without a condition.
2025-10-11 14:46:20,708 [WARN] IP:2250 - RAM5Page2PowerDownInStopMode not found: check if there is a RefParameter without a condition.
2025-10-11 14:46:20,708 [WARN] IP:2250 - RAM5Page3PowerDownInStopMode not found: check if there is a RefParameter without a condition.
2025-10-11 14:46:20,709 [WARN] IP:2250 - RAM5Page4PowerDownInStopMode not found: check if there is a RefParameter without a condition.
2025-10-11 14:46:20,709 [WARN] IP:2250 - RAM5Page5PowerDownInStopMode not found: check if there is a RefParameter without a condition.
2025-10-11 14:46:20,709 [WARN] IP:2250 - RAM5Page6PowerDownInStopMode not found: check if there is a RefParameter without a condition.
2025-10-11 14:46:20,709 [WARN] IP:2250 - RAM5Page7PowerDownInStopMode not found: check if there is a RefParameter without a condition.
2025-10-11 14:46:20,709 [WARN] IP:2250 - RAM5Page8PowerDownInStopMode not found: check if there is a RefParameter without a condition.
2025-10-11 14:46:20,709 [WARN] IP:2250 - RAM5Page9PowerDownInStopMode not found: check if there is a RefParameter without a condition.
2025-10-11 14:46:20,709 [WARN] IP:2250 - RAM5Page10PowerDownInStopMode not found: check if there is a RefParameter without a condition.
2025-10-11 14:46:20,709 [WARN] IP:2250 - RAM5Page11PowerDownInStopMode not found: check if there is a RefParameter without a condition.
2025-10-11 14:46:20,709 [WARN] IP:2250 - RAM5Page12PowerDownInStopMode not found: check if there is a RefParameter without a condition.
2025-10-11 14:46:20,709 [WARN] IP:2250 - RAM5Page13PowerDownInStopMode not found: check if there is a RefParameter without a condition.
2025-10-11 14:46:20,709 [WARN] IP:2250 - Dcache2PowerDownInStopMode not found: check if there is a RefParameter without a condition.
2025-10-11 14:46:20,709 [WARN] IP:2250 - GRAPHICPRAMPowerDownInStopMode not found: check if there is a RefParameter without a condition.
2025-10-11 14:46:20,709 [WARN] IP:2250 - DSIRAMPowerDownInStopMode not found: check if there is a RefParameter without a condition.
2025-10-11 14:46:21,059 [INFO] UtilMem:75 - End SaveConfig() Used Memory: 886177376 Bytes (1073741824)
2025-10-11 14:46:21,092 [WARN] Context:862 - Trying to set MEMORYMAP twice on same context CortexM33
2025-10-11 14:46:21,387 [INFO] ServerAccessManage:452 - Complete download http(s) 200
2025-10-11 14:46:21,388 [INFO] ServerAccessManage:509 - Download File stm32cube_fw_u5_v180.zip
2025-10-11 14:46:21,465 [ERROR] IocParser:95 - Exception caught: Cannot invoke "java.lang.CharSequence.length()" because "this.text" is null
2025-10-11 14:47:17,110 [INFO] AnalyticsPlugin:368 - Accepted License(s): [FW.U5.1.8.0]
2025-10-11 14:47:17,110 [INFO] FileExtend:248 - Unzip File : stm32cube_fw_u5_v180.zip
2025-10-11 14:47:17,111 [INFO] FileExtend:263 - Standard Zip Deflate
2025-10-11 14:47:20,592 [INFO] LoadServerPackagesThread:196 - End of LoadServerPackages Thread
2025-10-11 14:47:20,810 [INFO] ThirdPartyModel:298 - Start build external matchings
2025-10-11 14:47:20,859 [INFO] UtilMem:75 - End SaveConfig() Used Memory: 1044567808 Bytes (1073741824)
2025-10-11 14:47:21,169 [WARN] IP:2250 - SRAM5PowerDownInRunMode not found: check if there is a RefParameter without a condition.
2025-10-11 14:47:21,169 [WARN] IP:2250 - RAM1Page4PowerDownInStopMode not found: check if there is a RefParameter without a condition.
2025-10-11 14:47:21,169 [WARN] IP:2250 - RAM1Page5PowerDownInStopMode not found: check if there is a RefParameter without a condition.
2025-10-11 14:47:21,169 [WARN] IP:2250 - RAM1Page6PowerDownInStopMode not found: check if there is a RefParameter without a condition.
2025-10-11 14:47:21,169 [WARN] IP:2250 - RAM1Page7PowerDownInStopMode not found: check if there is a RefParameter without a condition.
2025-10-11 14:47:21,169 [WARN] IP:2250 - RAM1Page8PowerDownInStopMode not found: check if there is a RefParameter without a condition.
2025-10-11 14:47:21,170 [WARN] IP:2250 - RAM1Page9PowerDownInStopMode not found: check if there is a RefParameter without a condition.
2025-10-11 14:47:21,170 [WARN] IP:2250 - RAM1Page10PowerDownInStopMode not found: check if there is a RefParameter without a condition.
2025-10-11 14:47:21,170 [WARN] IP:2250 - RAM1Page11PowerDownInStopMode not found: check if there is a RefParameter without a condition.
2025-10-11 14:47:21,170 [WARN] IP:2250 - RAM1Page12PowerDownInStopMode not found: check if there is a RefParameter without a condition.
2025-10-11 14:47:21,171 [WARN] IP:2250 - RAM3Page9PowerDownInStopMode not found: check if there is a RefParameter without a condition.
2025-10-11 14:47:21,171 [WARN] IP:2250 - RAM3Page10PowerDownInStopMode not found: check if there is a RefParameter without a condition.
2025-10-11 14:47:21,171 [WARN] IP:2250 - RAM3Page11PowerDownInStopMode not found: check if there is a RefParameter without a condition.
2025-10-11 14:47:21,171 [WARN] IP:2250 - RAM3Page12PowerDownInStopMode not found: check if there is a RefParameter without a condition.
2025-10-11 14:47:21,171 [WARN] IP:2250 - RAM3Page13PowerDownInStopMode not found: check if there is a RefParameter without a condition.
2025-10-11 14:47:21,172 [WARN] IP:2250 - RAM5Page1PowerDownInStopMode not found: check if there is a RefParameter without a condition.
2025-10-11 14:47:21,172 [WARN] IP:2250 - RAM5Page2PowerDownInStopMode not found: check if there is a RefParameter without a condition.
2025-10-11 14:47:21,172 [WARN] IP:2250 - RAM5Page3PowerDownInStopMode not found: check if there is a RefParameter without a condition.
2025-10-11 14:47:21,172 [WARN] IP:2250 - RAM5Page4PowerDownInStopMode not found: check if there is a RefParameter without a condition.
2025-10-11 14:47:21,172 [WARN] IP:2250 - RAM5Page5PowerDownInStopMode not found: check if there is a RefParameter without a condition.
2025-10-11 14:47:21,172 [WARN] IP:2250 - RAM5Page6PowerDownInStopMode not found: check if there is a RefParameter without a condition.
2025-10-11 14:47:21,172 [WARN] IP:2250 - RAM5Page7PowerDownInStopMode not found: check if there is a RefParameter without a condition.
2025-10-11 14:47:21,172 [WARN] IP:2250 - RAM5Page8PowerDownInStopMode not found: check if there is a RefParameter without a condition.
2025-10-11 14:47:21,172 [WARN] IP:2250 - RAM5Page9PowerDownInStopMode not found: check if there is a RefParameter without a condition.
2025-10-11 14:47:21,173 [WARN] IP:2250 - RAM5Page10PowerDownInStopMode not found: check if there is a RefParameter without a condition.
2025-10-11 14:47:21,173 [WARN] IP:2250 - RAM5Page11PowerDownInStopMode not found: check if there is a RefParameter without a condition.
2025-10-11 14:47:21,173 [WARN] IP:2250 - RAM5Page12PowerDownInStopMode not found: check if there is a RefParameter without a condition.
2025-10-11 14:47:21,173 [WARN] IP:2250 - RAM5Page13PowerDownInStopMode not found: check if there is a RefParameter without a condition.
2025-10-11 14:47:21,173 [WARN] IP:2250 - Dcache2PowerDownInStopMode not found: check if there is a RefParameter without a condition.
2025-10-11 14:47:21,174 [WARN] IP:2250 - GRAPHICPRAMPowerDownInStopMode not found: check if there is a RefParameter without a condition.
2025-10-11 14:47:21,174 [WARN] IP:2250 - DSIRAMPowerDownInStopMode not found: check if there is a RefParameter without a condition.
2025-10-11 14:47:21,206 [INFO] BlockDiagram:2775 - set Specific Code input for plugin: PWR
2025-10-11 14:47:21,206 [INFO] BlockDiagram:2775 - set Specific Code input for plugin: RCC
2025-10-11 14:47:21,206 [INFO] BlockDiagram:2775 - set Specific Code input for plugin: MEMORYMAP
2025-10-11 14:47:21,206 [INFO] BlockDiagram:2775 - set Specific Code input for plugin: SYS
2025-10-11 14:47:21,206 [INFO] BlockDiagram:2775 - set Specific Code input for plugin: LPBAM
2025-10-11 14:47:21,206 [INFO] BlockDiagram:2775 - set Specific Code input for plugin: NVIC
2025-10-11 14:47:21,206 [INFO] BlockDiagram:2775 - set Specific Code input for plugin: ICACHE
2025-10-11 14:47:21,206 [INFO] BlockDiagram:2775 - set Specific Code input for plugin: NUCLEO-U575ZI-Q
2025-10-11 14:47:21,207 [INFO] BlockDiagram:2775 - set Specific Code input for plugin: GPIO
2025-10-11 14:47:21,207 [INFO] BlockDiagram:2775 - set Specific Code input for plugin: LPBAMQUEUE
2025-10-11 14:47:21,208 [INFO] CodeGenerator:892 - code generatio: config db path: /home/traian/st/stm32cubeide_1.19.0/plugins/com.st.stm32cube.common.mx_6.15.0.202507011659//db/
2025-10-11 14:47:21,240 [WARN] IP:2250 - SRAM5PowerDownInRunMode not found: check if there is a RefParameter without a condition.
2025-10-11 14:47:21,240 [WARN] IP:2250 - RAM1Page4PowerDownInStopMode not found: check if there is a RefParameter without a condition.
2025-10-11 14:47:21,240 [WARN] IP:2250 - RAM1Page5PowerDownInStopMode not found: check if there is a RefParameter without a condition.
2025-10-11 14:47:21,240 [WARN] IP:2250 - RAM1Page6PowerDownInStopMode not found: check if there is a RefParameter without a condition.
2025-10-11 14:47:21,240 [WARN] IP:2250 - RAM1Page7PowerDownInStopMode not found: check if there is a RefParameter without a condition.
2025-10-11 14:47:21,240 [WARN] IP:2250 - RAM1Page8PowerDownInStopMode not found: check if there is a RefParameter without a condition.
2025-10-11 14:47:21,240 [WARN] IP:2250 - RAM1Page9PowerDownInStopMode not found: check if there is a RefParameter without a condition.
2025-10-11 14:47:21,240 [WARN] IP:2250 - RAM1Page10PowerDownInStopMode not found: check if there is a RefParameter without a condition.
2025-10-11 14:47:21,240 [WARN] IP:2250 - RAM1Page11PowerDownInStopMode not found: check if there is a RefParameter without a condition.
2025-10-11 14:47:21,240 [WARN] IP:2250 - RAM1Page12PowerDownInStopMode not found: check if there is a RefParameter without a condition.
2025-10-11 14:47:21,241 [WARN] IP:2250 - RAM3Page9PowerDownInStopMode not found: check if there is a RefParameter without a condition.
2025-10-11 14:47:21,241 [WARN] IP:2250 - RAM3Page10PowerDownInStopMode not found: check if there is a RefParameter without a condition.
2025-10-11 14:47:21,241 [WARN] IP:2250 - RAM3Page11PowerDownInStopMode not found: check if there is a RefParameter without a condition.
2025-10-11 14:47:21,241 [WARN] IP:2250 - RAM3Page12PowerDownInStopMode not found: check if there is a RefParameter without a condition.
2025-10-11 14:47:21,241 [WARN] IP:2250 - RAM3Page13PowerDownInStopMode not found: check if there is a RefParameter without a condition.
2025-10-11 14:47:21,241 [WARN] IP:2250 - RAM5Page1PowerDownInStopMode not found: check if there is a RefParameter without a condition.
2025-10-11 14:47:21,241 [WARN] IP:2250 - RAM5Page2PowerDownInStopMode not found: check if there is a RefParameter without a condition.
2025-10-11 14:47:21,241 [WARN] IP:2250 - RAM5Page3PowerDownInStopMode not found: check if there is a RefParameter without a condition.
2025-10-11 14:47:21,241 [WARN] IP:2250 - RAM5Page4PowerDownInStopMode not found: check if there is a RefParameter without a condition.
2025-10-11 14:47:21,242 [WARN] IP:2250 - RAM5Page5PowerDownInStopMode not found: check if there is a RefParameter without a condition.
2025-10-11 14:47:21,242 [WARN] IP:2250 - RAM5Page6PowerDownInStopMode not found: check if there is a RefParameter without a condition.
2025-10-11 14:47:21,242 [WARN] IP:2250 - RAM5Page7PowerDownInStopMode not found: check if there is a RefParameter without a condition.
2025-10-11 14:47:21,242 [WARN] IP:2250 - RAM5Page8PowerDownInStopMode not found: check if there is a RefParameter without a condition.
2025-10-11 14:47:21,242 [WARN] IP:2250 - RAM5Page9PowerDownInStopMode not found: check if there is a RefParameter without a condition.
2025-10-11 14:47:21,242 [WARN] IP:2250 - RAM5Page10PowerDownInStopMode not found: check if there is a RefParameter without a condition.
2025-10-11 14:47:21,242 [WARN] IP:2250 - RAM5Page11PowerDownInStopMode not found: check if there is a RefParameter without a condition.
2025-10-11 14:47:21,242 [WARN] IP:2250 - RAM5Page12PowerDownInStopMode not found: check if there is a RefParameter without a condition.
2025-10-11 14:47:21,242 [WARN] IP:2250 - RAM5Page13PowerDownInStopMode not found: check if there is a RefParameter without a condition.
2025-10-11 14:47:21,242 [WARN] IP:2250 - Dcache2PowerDownInStopMode not found: check if there is a RefParameter without a condition.
2025-10-11 14:47:21,242 [WARN] IP:2250 - GRAPHICPRAMPowerDownInStopMode not found: check if there is a RefParameter without a condition.
2025-10-11 14:47:21,242 [WARN] IP:2250 - DSIRAMPowerDownInStopMode not found: check if there is a RefParameter without a condition.
2025-10-11 14:47:21,273 [INFO] ThirdPartyModel:316 - End build external matchings
2025-10-11 14:47:21,284 [INFO] CheckServerUpdateThread:120 - End of CheckServer Thread
2025-10-11 14:47:21,391 [ERROR] IocParser:95 - Exception caught: Cannot invoke "java.lang.CharSequence.length()" because "this.text" is null
2025-10-11 14:47:21,477 [INFO] CodeEngine:265 - oldGeneratedFile, /home/traian/RTOS/GCC_STM32CubeIDE/RTOS/MXTmpFiles/license.tmp_save
2025-10-11 14:47:21,711 [INFO] CodeEngine:289 - Generated code: /home/traian/RTOS/GCC_STM32CubeIDE/RTOS/MXTmpFiles/license.tmp
2025-10-11 14:47:21,757 [INFO] CodeEngine:265 - oldGeneratedFile, /home/traian/RTOS/GCC_STM32CubeIDE/RTOS/MXTmpFiles/gpio.tmp_save
2025-10-11 14:47:21,828 [INFO] CodeEngine:289 - Generated code: /home/traian/RTOS/GCC_STM32CubeIDE/RTOS/MXTmpFiles/gpio.tmp
2025-10-11 14:47:21,857 [WARN] IPConfigManager:103 - WARNING: Missing Config File for MEMORYMAP ip!!
2025-10-11 14:47:21,858 [WARN] IP:2250 - DefaultDataRegion not found: check if there is a RefParameter without a condition.
2025-10-11 14:47:21,915 [INFO] CodeEngine:265 - oldGeneratedFile, /home/traian/RTOS/GCC_STM32CubeIDE/RTOS/MXTmpFiles/cortex.tmp_save
2025-10-11 14:47:21,983 [INFO] CodeEngine:289 - Generated code: /home/traian/RTOS/GCC_STM32CubeIDE/RTOS/MXTmpFiles/cortex.tmp
2025-10-11 14:47:21,993 [INFO] CodeEngine:265 - oldGeneratedFile, /home/traian/RTOS/GCC_STM32CubeIDE/RTOS/Core/Inc/stm32u5xx_nucleo_conf.h_save
2025-10-11 14:47:22,030 [INFO] CodeEngine:289 - Generated code: /home/traian/RTOS/GCC_STM32CubeIDE/RTOS/Core/Inc/stm32u5xx_nucleo_conf.h
2025-10-11 14:47:22,033 [INFO] CodeEngine:265 - oldGeneratedFile, /home/traian/RTOS/GCC_STM32CubeIDE/RTOS/MXTmpFiles/bsp_inc.tmp_save
2025-10-11 14:47:22,064 [INFO] CodeEngine:289 - Generated code: /home/traian/RTOS/GCC_STM32CubeIDE/RTOS/MXTmpFiles/bsp_inc.tmp
2025-10-11 14:47:22,066 [INFO] CodeEngine:265 - oldGeneratedFile, /home/traian/RTOS/GCC_STM32CubeIDE/RTOS/MXTmpFiles/bsp_common_vars.tmp_save
2025-10-11 14:47:22,097 [INFO] CodeEngine:289 - Generated code: /home/traian/RTOS/GCC_STM32CubeIDE/RTOS/MXTmpFiles/bsp_common_vars.tmp
2025-10-11 14:47:22,099 [INFO] CodeEngine:265 - oldGeneratedFile, /home/traian/RTOS/GCC_STM32CubeIDE/RTOS/MXTmpFiles/bsp_common_init.tmp_save
2025-10-11 14:47:22,130 [INFO] CodeEngine:289 - Generated code: /home/traian/RTOS/GCC_STM32CubeIDE/RTOS/MXTmpFiles/bsp_common_init.tmp
2025-10-11 14:47:22,134 [INFO] CodeEngine:265 - oldGeneratedFile, /home/traian/RTOS/GCC_STM32CubeIDE/RTOS/MXTmpFiles/bsp_common_demo_before_while.tmp_save
2025-10-11 14:47:22,163 [INFO] CodeEngine:289 - Generated code: /home/traian/RTOS/GCC_STM32CubeIDE/RTOS/MXTmpFiles/bsp_common_demo_before_while.tmp
2025-10-11 14:47:22,164 [INFO] CodeEngine:265 - oldGeneratedFile, /home/traian/RTOS/GCC_STM32CubeIDE/RTOS/MXTmpFiles/bsp_common_demo_inside_while.tmp_save
2025-10-11 14:47:22,194 [INFO] CodeEngine:289 - Generated code: /home/traian/RTOS/GCC_STM32CubeIDE/RTOS/MXTmpFiles/bsp_common_demo_inside_while.tmp
2025-10-11 14:47:22,195 [INFO] CodeEngine:265 - oldGeneratedFile, /home/traian/RTOS/GCC_STM32CubeIDE/RTOS/MXTmpFiles/bsp_common_demo_fct.tmp_save
2025-10-11 14:47:22,224 [INFO] CodeEngine:289 - Generated code: /home/traian/RTOS/GCC_STM32CubeIDE/RTOS/MXTmpFiles/bsp_common_demo_fct.tmp
2025-10-11 14:47:22,225 [INFO] CodeEngine:265 - oldGeneratedFile, /home/traian/RTOS/GCC_STM32CubeIDE/RTOS/MXTmpFiles/bsp_common_demo_gpio.tmp_save
2025-10-11 14:47:22,264 [INFO] CodeEngine:289 - Generated code: /home/traian/RTOS/GCC_STM32CubeIDE/RTOS/MXTmpFiles/bsp_common_demo_gpio.tmp
2025-10-11 14:47:22,272 [INFO] CodeEngine:265 - oldGeneratedFile, /home/traian/RTOS/GCC_STM32CubeIDE/RTOS/Core/Src/stm32u5xx_it.c_save
2025-10-11 14:47:22,330 [INFO] CodeEngine:289 - Generated code: /home/traian/RTOS/GCC_STM32CubeIDE/RTOS/Core/Src/stm32u5xx_it.c
2025-10-11 14:47:22,331 [INFO] CodeEngine:265 - oldGeneratedFile, /home/traian/RTOS/GCC_STM32CubeIDE/RTOS/Core/Inc/stm32u5xx_it.h_save
2025-10-11 14:47:22,363 [INFO] CodeEngine:289 - Generated code: /home/traian/RTOS/GCC_STM32CubeIDE/RTOS/Core/Inc/stm32u5xx_it.h
2025-10-11 14:47:22,374 [INFO] CodeEngine:265 - oldGeneratedFile, /home/traian/RTOS/GCC_STM32CubeIDE/RTOS/Core/Src/stm32u5xx_hal_msp.c_save
2025-10-11 14:47:22,427 [INFO] CodeEngine:289 - Generated code: /home/traian/RTOS/GCC_STM32CubeIDE/RTOS/Core/Src/stm32u5xx_hal_msp.c
2025-10-11 14:47:22,429 [INFO] CodeEngine:265 - oldGeneratedFile, /home/traian/RTOS/GCC_STM32CubeIDE/RTOS/MXTmpFiles/system.tmp_save
2025-10-11 14:47:22,460 [INFO] CodeEngine:289 - Generated code: /home/traian/RTOS/GCC_STM32CubeIDE/RTOS/MXTmpFiles/system.tmp
2025-10-11 14:47:22,462 [INFO] CodeEngine:265 - oldGeneratedFile, /home/traian/RTOS/GCC_STM32CubeIDE/RTOS/Core/Src/stm32u5xx_hal_timebase_tim.c_save
2025-10-11 14:47:22,495 [INFO] CodeEngine:289 - Generated code: /home/traian/RTOS/GCC_STM32CubeIDE/RTOS/Core/Src/stm32u5xx_hal_timebase_tim.c
2025-10-11 14:47:22,498 [INFO] CodeEngine:321 - oldGeneratedFile, /home/traian/RTOS/GCC_STM32CubeIDE/RTOS/Core/Inc/stm32u5xx_hal_conf.h_save
2025-10-11 14:47:22,541 [INFO] CodeEngine:345 - Generated code: /home/traian/RTOS/GCC_STM32CubeIDE/RTOS/Core/Inc/stm32u5xx_hal_conf.h
2025-10-11 14:47:22,558 [INFO] ApiDbMcu:532 - Load IP Config File for ICACHE
2025-10-11 14:47:22,561 [INFO] ApiDbMcu:532 - Load IP Config File for RCC
2025-10-11 14:47:22,566 [INFO] CodeEngine:265 - oldGeneratedFile, /home/traian/RTOS/GCC_STM32CubeIDE/RTOS/Core/Inc/main.h_save
2025-10-11 14:47:22,609 [INFO] CodeEngine:289 - Generated code: /home/traian/RTOS/GCC_STM32CubeIDE/RTOS/Core/Inc/main.h
2025-10-11 14:47:22,610 [INFO] CodeEngine:265 - oldGeneratedFile, /home/traian/RTOS/GCC_STM32CubeIDE/RTOS/Core/Src/main.c_save
2025-10-11 14:47:22,675 [INFO] CodeEngine:289 - Generated code: /home/traian/RTOS/GCC_STM32CubeIDE/RTOS/Core/Src/main.c
2025-10-11 14:47:22,815 [INFO] ProjectBuilder:3606 - Time for Copy HAL[1] : 15mS.
2025-10-11 14:47:22,819 [INFO] ProjectBuilder:5216 - Project Generator version: 4.7.0-B52
2025-10-11 14:47:22,869 [INFO] ConfigFileManager:1595 - The Die is : DIE482
2025-10-11 14:47:22,873 [INFO] ApiDbMcu:532 - Load IP Config File for FILEX
2025-10-11 14:47:22,876 [INFO] ApiDbMcu:532 - Load IP Config File for LEVELX
2025-10-11 14:47:22,881 [INFO] ApiDbMcu:532 - Load IP Config File for NETXDUO
2025-10-11 14:47:22,884 [INFO] ApiDbMcu:532 - Load IP Config File for THREADX
2025-10-11 14:47:22,890 [INFO] ApiDbMcu:532 - Load IP Config File for TOUCHSENSING
2025-10-11 14:47:22,893 [INFO] ApiDbMcu:532 - Load IP Config File for USBPD
2025-10-11 14:47:22,898 [INFO] ApiDbMcu:532 - Load IP Config File for USBX
2025-10-11 14:47:23,109 [INFO] LogOutputStream:77 - [STDOUT_REDIRECT] 
2025-10-11 14:47:24,308 [INFO] ProjectBuilder:5496 - Time for Generating toolchain IDE Files: 1490mS.
2025-10-11 14:47:24,309 [INFO] ProjectBuilder:3463 - Time for Copy CMSIS : 1mS.
2025-10-11 14:47:24,309 [INFO] ProjectBuilder:3463 - Time for Copy CMSIS : 0mS.
2025-10-11 14:47:24,971 [INFO] McuFinderGlobals:76 - Set McuFinderConnectedMode to true
2025-10-11 14:47:24,973 [INFO] ApiDb:448 - Save user favorites file /home/traian/.stm32cubeide/favorites.mcus.txt: 0 item(s)
2025-10-11 14:47:24,973 [INFO] ApiDb:452 - User favorites MCUs=[]
2025-10-11 14:47:24,974 [INFO] ApiDb:448 - Save user favorites file /home/traian/.stm32cubeide/favorites.boards.txt: 2 item(s)
2025-10-11 14:47:24,974 [INFO] ApiDb:452 - User favorites Boards=[NUCLEO-U575ZI-Q, STM32F407G-DISC1]
2025-10-11 14:50:01,029 [INFO] MainUpdater:2872 - connection check result : 10
2025-10-11 14:50:01,165 [INFO] McuFinderGlobals:76 - Set McuFinderConnectedMode to true
2025-10-11 14:50:01,166 [INFO] MultiScanPanel:200 - Auto-refresh data requested => check proxy status ongoing
2025-10-11 14:50:01,166 [INFO] FinderPluginLoader:96 - Searching for filters in installed packs
2025-10-11 14:50:02,019 [INFO] LoadUrlFilesThread:185 - End of LoadServerUrlFiles without Thread
2025-10-11 14:50:02,019 [INFO] DetailPanel:341 - Set advertising image to /home/traian/STM32Cube/Repository//en.mcu-finder-stm32n6dk.jpg
2025-10-11 14:50:04,083 [INFO] MultiScanPanel:200 - Auto-refresh data requested => check proxy status ongoing
2025-10-11 14:50:04,122 [INFO] LoadUrlFilesThread:185 - End of LoadServerUrlFiles without Thread
2025-10-11 14:50:04,123 [INFO] DetailPanel:341 - Set advertising image to /home/traian/STM32Cube/Repository//en.mcu-finder-stm32n6dk.jpg
2025-10-11 14:50:13,484 [INFO] McuFinderGlobals:76 - Set McuFinderConnectedMode to true
2025-10-11 14:50:13,773 [INFO] ApiDb:448 - Save user favorites file /home/traian/.stm32cubeide/favorites.mcus.txt: 0 item(s)
2025-10-11 14:50:13,776 [INFO] ApiDb:452 - User favorites MCUs=[]
2025-10-11 14:50:13,777 [INFO] ApiDb:448 - Save user favorites file /home/traian/.stm32cubeide/favorites.boards.txt: 2 item(s)
2025-10-11 14:50:13,777 [INFO] ApiDb:452 - User favorites Boards=[NUCLEO-U575ZI-Q, STM32F407G-DISC1]
2025-10-11 14:50:16,731 [INFO] MainUpdater:2872 - connection check result : 10
2025-10-11 14:50:16,823 [INFO] McuFinderGlobals:76 - Set McuFinderConnectedMode to true
2025-10-11 14:50:16,823 [INFO] MultiScanPanel:200 - Auto-refresh data requested => check proxy status ongoing
2025-10-11 14:50:16,823 [INFO] FinderPluginLoader:96 - Searching for filters in installed packs
2025-10-11 14:50:17,217 [INFO] LoadUrlFilesThread:185 - End of LoadServerUrlFiles without Thread
2025-10-11 14:50:17,217 [INFO] DetailPanel:341 - Set advertising image to /home/traian/STM32Cube/Repository//en.mcu-finder-stm32n6dk.jpg
2025-10-11 14:50:19,014 [INFO] MultiScanPanel:200 - Auto-refresh data requested => check proxy status ongoing
2025-10-11 14:50:19,051 [INFO] LoadUrlFilesThread:185 - End of LoadServerUrlFiles without Thread
2025-10-11 14:50:19,051 [INFO] DetailPanel:341 - Set advertising image to /home/traian/STM32Cube/Repository//en.mcu-finder-stm32n6dk.jpg
2025-10-11 14:50:29,931 [INFO] McuFinderGlobals:76 - Set McuFinderConnectedMode to true
2025-10-11 14:50:29,933 [INFO] ApiDb:448 - Save user favorites file /home/traian/.stm32cubeide/favorites.mcus.txt: 0 item(s)
2025-10-11 14:50:29,933 [INFO] ApiDb:452 - User favorites MCUs=[]
2025-10-11 14:50:29,933 [INFO] ApiDb:448 - Save user favorites file /home/traian/.stm32cubeide/favorites.boards.txt: 2 item(s)
2025-10-11 14:50:29,934 [INFO] ApiDb:452 - User favorites Boards=[NUCLEO-U575ZI-Q, STM32F407G-DISC1]
2025-10-11 14:51:16,002 [INFO] MainUpdater:2872 - connection check result : 10
2025-10-11 14:51:16,056 [INFO] McuFinderGlobals:76 - Set McuFinderConnectedMode to true
2025-10-11 14:51:16,056 [INFO] MultiScanPanel:200 - Auto-refresh data requested => check proxy status ongoing
2025-10-11 14:51:16,056 [INFO] FinderPluginLoader:96 - Searching for filters in installed packs
2025-10-11 14:51:16,402 [INFO] LoadUrlFilesThread:185 - End of LoadServerUrlFiles without Thread
2025-10-11 14:51:16,402 [INFO] DetailPanel:341 - Set advertising image to /home/traian/STM32Cube/Repository//en.mcu-finder-stm32n6dk.jpg
2025-10-11 14:51:18,378 [INFO] MultiScanPanel:200 - Auto-refresh data requested => check proxy status ongoing
2025-10-11 14:51:18,457 [INFO] LoadUrlFilesThread:185 - End of LoadServerUrlFiles without Thread
2025-10-11 14:51:18,457 [INFO] DetailPanel:341 - Set advertising image to /home/traian/STM32Cube/Repository//en.mcu-finder-stm32n6dk.jpg
2025-10-11 14:51:26,699 [INFO] McuFinderGlobals:76 - Set McuFinderConnectedMode to true
2025-10-11 14:51:26,702 [INFO] ApiDb:448 - Save user favorites file /home/traian/.stm32cubeide/favorites.mcus.txt: 0 item(s)
2025-10-11 14:51:26,702 [INFO] ApiDb:452 - User favorites MCUs=[]
2025-10-11 14:51:26,703 [INFO] ApiDb:448 - Save user favorites file /home/traian/.stm32cubeide/favorites.boards.txt: 2 item(s)
2025-10-11 14:51:26,704 [INFO] ApiDb:452 - User favorites Boards=[NUCLEO-U575ZI-Q, STM32F407G-DISC1]
2025-10-11 15:53:12,866 [ERROR] LogOutputStream:75 - [STDERR_REDIRECT] 
2025-10-11 15:54:42,337 [INFO] Activator:176 - 


2025-10-11 15:54:42,338 [INFO] Activator:177 - !SESSION log4j initialized
2025-10-11 15:54:45,093 [INFO] LogOutputStream:77 - [STDOUT_REDIRECT] 
2025-10-11 15:54:45,454 [INFO] ApplicationProperties:184 - Using Application install path: /home/traian/st/stm32cubeide_1.19.0/plugins/com.st.stm32cube.common.mx_6.15.0.202507011659
2025-10-11 15:54:45,466 [INFO] DbMcusXml:78 - Set database path to: /home/traian/st/stm32cubeide_1.19.0/plugins/com.st.stm32cube.common.mx_6.15.0.202507011659//db//mcu/
2025-10-11 15:54:45,466 [INFO] ApiDb:274 - Set plugin database path to: /home/traian/st/stm32cubeide_1.19.0/plugins/com.st.stm32cube.common.mx_6.15.0.202507011659//db//plugins/boardmanager/
2025-10-11 15:54:45,467 [WARN] ApiDb:259 - Overriding images path with different value:  => /home/traian/st/stm32cubeide_1.19.0/plugins/com.st.stm32cube.common.mx_6.15.0.202507011659//db//plugins/mcufinder/images/
2025-10-11 15:54:45,470 [INFO] ApiDb:250 - Set database path to: /home/traian/.stmcufinder/plugins/mcufinder//mcu/
2025-10-11 15:54:45,471 [INFO] DbMcusAds:125 - Set database path to: /home/traian/.stmcufinder/plugins/mcufinder//mcu/
2025-10-11 15:54:45,472 [INFO] CrossReferenceDbSqlite:203 - Set database path to: /home/traian/.stmcufinder/plugins/mcufinder//mcu/cs/
2025-10-11 15:54:45,541 [INFO] RulesReader:64 - Compatibility file has been processed (317 Rules)
2025-10-11 15:54:45,580 [INFO] DbMcusXml:78 - Set database path to: /home/traian/st/stm32cubeide_1.19.0/plugins/com.st.stm32cube.common.mx_6.15.0.202507011659//db//mcu/
2025-10-11 15:54:45,580 [INFO] ApiDb:274 - Set plugin database path to: /home/traian/st/stm32cubeide_1.19.0/plugins/com.st.stm32cube.common.mx_6.15.0.202507011659//db//plugins/boardmanager/
2025-10-11 15:54:45,580 [INFO] ApiDb:261 - Set plugin images path to: /home/traian/st/stm32cubeide_1.19.0/plugins/com.st.stm32cube.common.mx_6.15.0.202507011659//db//plugins/mcufinder/images/
2025-10-11 15:54:45,581 [WARN] DbFile:41 - Overriding database path with different value: /home/traian/.stmcufinder/plugins/mcufinder/ => /home/traian/.stmcufinder/plugins/mcufinder
2025-10-11 15:54:45,581 [INFO] ApiDb:250 - Set database path to: /home/traian/.stmcufinder/plugins/mcufinder//mcu/
2025-10-11 15:54:45,581 [WARN] DbFile:41 - Overriding database path with different value: /home/traian/.stmcufinder/plugins/mcufinder/ => /home/traian/.stmcufinder/plugins/mcufinder
2025-10-11 15:54:45,581 [INFO] DbMcusAds:125 - Set database path to: /home/traian/.stmcufinder/plugins/mcufinder//mcu/
2025-10-11 15:54:45,581 [WARN] DbFile:41 - Overriding database path with different value: /home/traian/.stmcufinder/plugins/mcufinder/ => /home/traian/.stmcufinder/plugins/mcufinder
2025-10-11 15:54:45,581 [WARN] DbFile:41 - Overriding database path with different value: /home/traian/.stmcufinder/plugins/mcufinder/ => /home/traian/.stmcufinder/plugins/mcufinder
2025-10-11 15:54:45,581 [INFO] CrossReferenceDbSqlite:203 - Set database path to: /home/traian/.stmcufinder/plugins/mcufinder//mcu/cs/
2025-10-11 15:54:45,623 [INFO] MainPanel:274 - HeapMemory: 268435456
2025-10-11 15:54:45,705 [INFO] DbMcusXml:78 - Set database path to: /home/traian/st/stm32cubeide_1.19.0/plugins/com.st.stm32cube.common.mx_6.15.0.202507011659//db//mcu/
2025-10-11 15:54:45,705 [INFO] ApiDb:274 - Set plugin database path to: /home/traian/st/stm32cubeide_1.19.0/plugins/com.st.stm32cube.common.mx_6.15.0.202507011659//db//plugins/boardmanager/
2025-10-11 15:54:45,705 [INFO] ApiDb:261 - Set plugin images path to: /home/traian/st/stm32cubeide_1.19.0/plugins/com.st.stm32cube.common.mx_6.15.0.202507011659//db//plugins/mcufinder/images/
2025-10-11 15:54:45,705 [WARN] DbFile:41 - Overriding database path with different value: /home/traian/.stmcufinder/plugins/mcufinder/ => /home/traian/.stmcufinder/plugins/mcufinder
2025-10-11 15:54:45,705 [INFO] ApiDb:250 - Set database path to: /home/traian/.stmcufinder/plugins/mcufinder//mcu/
2025-10-11 15:54:45,705 [WARN] DbFile:41 - Overriding database path with different value: /home/traian/.stmcufinder/plugins/mcufinder/ => /home/traian/.stmcufinder/plugins/mcufinder
2025-10-11 15:54:45,706 [INFO] DbMcusAds:125 - Set database path to: /home/traian/.stmcufinder/plugins/mcufinder//mcu/
2025-10-11 15:54:45,706 [WARN] DbFile:41 - Overriding database path with different value: /home/traian/.stmcufinder/plugins/mcufinder/ => /home/traian/.stmcufinder/plugins/mcufinder
2025-10-11 15:54:45,706 [WARN] DbFile:41 - Overriding database path with different value: /home/traian/.stmcufinder/plugins/mcufinder/ => /home/traian/.stmcufinder/plugins/mcufinder
2025-10-11 15:54:45,706 [INFO] CrossReferenceDbSqlite:203 - Set database path to: /home/traian/.stmcufinder/plugins/mcufinder//mcu/cs/
2025-10-11 15:54:45,716 [INFO] ApplicationProperties:184 - Using Application install path: /home/traian/st/stm32cubeide_1.19.0/plugins/com.st.stm32cube.common.mx_6.15.0.202507011659
2025-10-11 15:54:45,718 [INFO] PluginManage:196 - Search for loadable plugins [exclusion list=, ]
2025-10-11 15:54:45,718 [INFO] PluginManage:310 - Check plugin analytics
2025-10-11 15:54:45,805 [INFO] AnalyticsPlugin:253 - Accepted Software Licenses: 
2025-10-11 15:54:45,806 [INFO] AnalyticsPlugin:255 - Accepted CMSIS Pack Licenses: 
2025-10-11 15:54:45,806 [INFO] AnalyticsPlugin:257 - Accepted Firmware Licenses: FW.U5.1.8.0
2025-10-11 15:54:45,807 [INFO] PluginManage:359 - Loaded plugin analytics (category:tool,tabindex:-1)
2025-10-11 15:54:45,807 [INFO] PluginManage:310 - Check plugin cadmodel
2025-10-11 15:54:45,810 [INFO] CADModel:105 - Init CAD model plugin
2025-10-11 15:54:45,810 [INFO] PluginManage:359 - Loaded plugin cadmodel (category:power,tabindex:5)
2025-10-11 15:54:45,810 [INFO] PluginManage:310 - Check plugin clock
2025-10-11 15:54:45,815 [INFO] PluginManage:359 - Loaded plugin clock (category:base,tabindex:2)
2025-10-11 15:54:45,815 [INFO] PluginManage:310 - Check plugin ddr
2025-10-11 15:54:45,817 [INFO] PluginManage:359 - Loaded plugin ddr (category:tool,tabindex:6)
2025-10-11 15:54:45,817 [INFO] PluginManage:310 - Check plugin filemanager
2025-10-11 15:54:45,929 [INFO] PluginManage:359 - Loaded plugin filemanager (category:base,tabindex:10)
2025-10-11 15:54:45,929 [INFO] PluginManage:310 - Check plugin ipmanager
2025-10-11 15:54:45,932 [INFO] PluginManage:359 - Loaded plugin ipmanager (category:base,tabindex:5)
2025-10-11 15:54:45,933 [INFO] PluginManage:310 - Check plugin lpbam
2025-10-11 15:54:45,940 [INFO] PluginManage:359 - Loaded plugin lpbam (category:base,tabindex:0)
2025-10-11 15:54:45,940 [INFO] PluginManage:310 - Check plugin memorymap
2025-10-11 15:54:45,950 [INFO] PluginManage:359 - Loaded plugin memorymap (category:base,tabindex:4)
2025-10-11 15:54:45,950 [INFO] PluginManage:310 - Check plugin pinoutandconfiguration
2025-10-11 15:54:45,957 [INFO] PluginManage:359 - Loaded plugin pinoutandconfiguration (category:base,tabindex:1)
2025-10-11 15:54:45,957 [INFO] PluginManage:310 - Check plugin pinoutconfig
2025-10-11 15:54:46,012 [WARN] SupportedApi:132 - Cannot load RTOS API schema: s4s-elt-must-match.1: The content of 'definitions' must match (annotation?, (simpleType | complexType)?, (unique | key | keyref)*)). A problem was found starting at: attribute.
2025-10-11 15:54:46,086 [INFO] PluginManage:359 - Loaded plugin pinoutconfig (category:base,tabindex:0)
2025-10-11 15:54:46,086 [INFO] PluginManage:310 - Check plugin power
2025-10-11 15:54:46,092 [INFO] PluginManage:359 - Loaded plugin power (category:power,tabindex:4)
2025-10-11 15:54:46,092 [INFO] PluginManage:310 - Check plugin projectmanager
2025-10-11 15:54:46,101 [INFO] PluginManage:359 - Loaded plugin projectmanager (category:projectmanager,tabindex:4)
2025-10-11 15:54:46,102 [INFO] PluginManage:310 - Check plugin rif
2025-10-11 15:54:46,108 [INFO] PluginManage:359 - Loaded plugin rif (category:base,tabindex:3)
2025-10-11 15:54:46,108 [INFO] PluginManage:310 - Check plugin thirdparty
2025-10-11 15:54:46,183 [INFO] PluginManage:359 - Loaded plugin thirdparty (category:base,tabindex:-1)
2025-10-11 15:54:46,183 [WARN] IntegrityCheckThread:84 - waiting for thirdparty lock release [integrity check]
2025-10-11 15:54:46,183 [INFO] IntegrityCheckThread:86 - entering critical section [integrity check]
2025-10-11 15:54:46,183 [INFO] PluginManage:310 - Check plugin tools
2025-10-11 15:54:46,184 [INFO] ThirdPartyUpdaterWithRetryManager:70 - Updater plugin not ready yet. [1/15]
2025-10-11 15:54:46,185 [INFO] PluginManage:359 - Loaded plugin tools (category:base,tabindex:7)
2025-10-11 15:54:46,185 [INFO] PluginManage:310 - Check plugin tutovideos
2025-10-11 15:54:46,324 [INFO] PluginManage:359 - Loaded plugin tutovideos (category:base,tabindex:-1)
2025-10-11 15:54:46,324 [INFO] PluginManage:310 - Check plugin updater
2025-10-11 15:54:46,338 [INFO] PluginManage:359 - Loaded plugin updater (category:base,tabindex:12)
2025-10-11 15:54:46,338 [INFO] PluginManage:310 - Check plugin userauth
2025-10-11 15:54:46,341 [INFO] UserAuth:118 - Init User Auth plugin
2025-10-11 15:54:46,341 [INFO] PluginManage:359 - Loaded plugin userauth (category:base,tabindex:14)
2025-10-11 15:54:46,342 [INFO] PluginManage:283 - PluginManage : Loaded plugins [18]
2025-10-11 15:54:46,472 [INFO] PinOutPanel:1589 - setPackage(No Configuration,No Configuration)
2025-10-11 15:54:46,512 [INFO] CADModel:165 - CPN selected for project level
2025-10-11 15:54:46,513 [INFO] CADModel:114 - Register for checkConnection events
2025-10-11 15:54:46,521 [INFO] IPUIPlugin:80 - create IPUIPlugin
2025-10-11 15:54:46,522 [INFO] PluginManager:220 - loadIPPluginJar : add i2c
2025-10-11 15:54:46,523 [INFO] IPUIPlugin:80 - create IPUIPlugin
2025-10-11 15:54:46,523 [INFO] PluginManager:220 - loadIPPluginJar : add i2s
2025-10-11 15:54:46,527 [INFO] IPUIPlugin:80 - create IPUIPlugin
2025-10-11 15:54:46,527 [INFO] PluginManager:220 - loadIPPluginJar : add resmgrutility
2025-10-11 15:54:46,528 [INFO] IPUIPlugin:80 - create IPUIPlugin
2025-10-11 15:54:46,528 [INFO] PluginManager:220 - loadIPPluginJar : add hash
2025-10-11 15:54:46,530 [INFO] IPUIPlugin:80 - create IPUIPlugin
2025-10-11 15:54:46,530 [INFO] PluginManager:220 - loadIPPluginJar : add usbx
2025-10-11 15:54:46,534 [INFO] IPUIPlugin:80 - create IPUIPlugin
2025-10-11 15:54:46,535 [INFO] PluginManager:220 - loadIPPluginJar : add plateformsettings
2025-10-11 15:54:46,537 [INFO] IPUIPlugin:80 - create IPUIPlugin
2025-10-11 15:54:46,537 [INFO] PluginManager:220 - loadIPPluginJar : add dma3
2025-10-11 15:54:46,539 [INFO] IPUIPlugin:80 - create IPUIPlugin
2025-10-11 15:54:46,539 [INFO] PluginManager:220 - loadIPPluginJar : add ddr_ctrl_phy
2025-10-11 15:54:46,540 [INFO] IPUIPlugin:80 - create IPUIPlugin
2025-10-11 15:54:46,540 [INFO] PluginManager:220 - loadIPPluginJar : add quadspi
2025-10-11 15:54:46,540 [INFO] IPUIPlugin:80 - create IPUIPlugin
2025-10-11 15:54:46,541 [INFO] PluginManager:220 - loadIPPluginJar : add ltdc
2025-10-11 15:54:46,542 [INFO] IPUIPlugin:80 - create IPUIPlugin
2025-10-11 15:54:46,542 [INFO] PluginManager:220 - loadIPPluginJar : add opamp
2025-10-11 15:54:46,543 [INFO] IPUIPlugin:80 - create IPUIPlugin
2025-10-11 15:54:46,543 [INFO] PluginManager:220 - loadIPPluginJar : add tim
2025-10-11 15:54:46,545 [INFO] IPUIPlugin:80 - create IPUIPlugin
2025-10-11 15:54:46,545 [INFO] PluginManager:220 - loadIPPluginJar : add ipddr
2025-10-11 15:54:46,545 [INFO] IPUIPlugin:80 - create IPUIPlugin
2025-10-11 15:54:46,545 [INFO] PluginManager:220 - loadIPPluginJar : add fatfs
2025-10-11 15:54:46,549 [INFO] IPUIPlugin:80 - create IPUIPlugin
2025-10-11 15:54:46,549 [INFO] PluginManager:220 - loadIPPluginJar : add adc
2025-10-11 15:54:46,550 [INFO] IPUIPlugin:80 - create IPUIPlugin
2025-10-11 15:54:46,550 [INFO] PluginManager:220 - loadIPPluginJar : add dfsdm
2025-10-11 15:54:46,552 [INFO] IPUIPlugin:80 - create IPUIPlugin
2025-10-11 15:54:46,552 [INFO] PluginManager:220 - loadIPPluginJar : add nvic
2025-10-11 15:54:46,554 [INFO] IPUIPlugin:80 - create IPUIPlugin
2025-10-11 15:54:46,554 [INFO] PluginManager:220 - loadIPPluginJar : add sai
2025-10-11 15:54:46,556 [INFO] IPUIPlugin:80 - create IPUIPlugin
2025-10-11 15:54:46,556 [INFO] PluginManager:220 - loadIPPluginJar : add touchsensing
2025-10-11 15:54:46,557 [INFO] IPUIPlugin:80 - create IPUIPlugin
2025-10-11 15:54:46,557 [INFO] PluginManager:220 - loadIPPluginJar : add comp
2025-10-11 15:54:46,558 [INFO] IPUIPlugin:80 - create IPUIPlugin
2025-10-11 15:54:46,558 [INFO] PluginManager:220 - loadIPPluginJar : add aes
2025-10-11 15:54:46,561 [INFO] IPUIPlugin:80 - create IPUIPlugin
2025-10-11 15:54:46,561 [INFO] PluginManager:220 - loadIPPluginJar : add freertos
2025-10-11 15:54:46,562 [INFO] IPUIPlugin:80 - create IPUIPlugin
2025-10-11 15:54:46,562 [INFO] PluginManager:220 - loadIPPluginJar : add radio
2025-10-11 15:54:46,563 [INFO] IPUIPlugin:80 - create IPUIPlugin
2025-10-11 15:54:46,564 [INFO] PluginManager:220 - loadIPPluginJar : add tracer_emb
2025-10-11 15:54:46,565 [INFO] IPUIPlugin:80 - create IPUIPlugin
2025-10-11 15:54:46,565 [INFO] PluginManager:220 - loadIPPluginJar : add cryp
2025-10-11 15:54:46,566 [INFO] IPUIPlugin:80 - create IPUIPlugin
2025-10-11 15:54:46,566 [INFO] PluginManager:220 - loadIPPluginJar : add can
2025-10-11 15:54:46,570 [INFO] IPUIPlugin:80 - create IPUIPlugin
2025-10-11 15:54:46,570 [INFO] PluginManager:220 - loadIPPluginJar : add mdma
2025-10-11 15:54:46,574 [INFO] IPUIPlugin:80 - create IPUIPlugin
2025-10-11 15:54:46,574 [INFO] PluginManager:220 - loadIPPluginJar : add dma
2025-10-11 15:54:46,578 [INFO] IPUIPlugin:80 - create IPUIPlugin
2025-10-11 15:54:46,578 [INFO] PluginManager:220 - loadIPPluginJar : add linkedlist
2025-10-11 15:54:46,580 [INFO] IPUIPlugin:80 - create IPUIPlugin
2025-10-11 15:54:46,580 [INFO] PluginManager:220 - loadIPPluginJar : add pdm2pcm
2025-10-11 15:54:46,582 [INFO] IPUIPlugin:80 - create IPUIPlugin
2025-10-11 15:54:46,582 [INFO] PluginManager:220 - loadIPPluginJar : add gpio
2025-10-11 15:54:46,584 [INFO] IPUIPlugin:80 - create IPUIPlugin
2025-10-11 15:54:46,584 [INFO] PluginManager:220 - loadIPPluginJar : add extmemmanager
2025-10-11 15:54:46,586 [INFO] IPUIPlugin:80 - create IPUIPlugin
2025-10-11 15:54:46,587 [INFO] PluginManager:220 - loadIPPluginJar : add gic
2025-10-11 15:54:46,588 [INFO] IPUIPlugin:80 - create IPUIPlugin
2025-10-11 15:54:46,588 [INFO] PluginManager:220 - loadIPPluginJar : add lorawan
2025-10-11 15:54:46,589 [INFO] IPUIPlugin:80 - create IPUIPlugin
2025-10-11 15:54:46,589 [INFO] PluginManager:220 - loadIPPluginJar : add tsc
2025-10-11 15:54:46,590 [INFO] IPUIPlugin:80 - create IPUIPlugin
2025-10-11 15:54:46,590 [INFO] PluginManager:220 - loadIPPluginJar : add spi
2025-10-11 15:54:46,593 [INFO] IPUIPlugin:80 - create IPUIPlugin
2025-10-11 15:54:46,593 [INFO] PluginManager:220 - loadIPPluginJar : add stm32_wpan
2025-10-11 15:54:46,594 [INFO] IPUIPlugin:80 - create IPUIPlugin
2025-10-11 15:54:46,595 [INFO] PluginManager:220 - loadIPPluginJar : add openamp
2025-10-11 15:54:46,595 [INFO] IPUIPlugin:80 - create IPUIPlugin
2025-10-11 15:54:46,596 [INFO] PluginManager:220 - loadIPPluginJar : add ts
2025-10-11 15:54:46,597 [INFO] IPUIPlugin:80 - create IPUIPlugin
2025-10-11 15:54:46,597 [INFO] PluginManager:220 - loadIPPluginJar : add gtzc
2025-10-11 15:54:46,598 [INFO] IPUIPlugin:80 - create IPUIPlugin
2025-10-11 15:54:46,598 [INFO] PluginManager:220 - loadIPPluginJar : add i3c
2025-10-11 15:54:46,599 [INFO] IPUIPlugin:80 - create IPUIPlugin
2025-10-11 15:54:46,599 [INFO] PluginManager:220 - loadIPPluginJar : add genericplugin
2025-10-11 15:54:46,600 [INFO] IPUIPlugin:80 - create IPUIPlugin
2025-10-11 15:54:46,600 [INFO] PluginManager:220 - loadIPPluginJar : add gfxmmu
2025-10-11 15:54:46,601 [INFO] IPUIPlugin:80 - create IPUIPlugin
2025-10-11 15:54:46,601 [INFO] PluginManager:220 - loadIPPluginJar : add usart
2025-10-11 15:54:46,602 [INFO] IPUIPlugin:80 - create IPUIPlugin
2025-10-11 15:54:46,602 [INFO] PluginManager:220 - loadIPPluginJar : add ucpd
2025-10-11 15:54:46,604 [INFO] IPUIPlugin:80 - create IPUIPlugin
2025-10-11 15:54:46,604 [INFO] PluginManager:220 - loadIPPluginJar : add fmc
2025-10-11 15:54:46,692 [FATAL] Updater:351 - Updater called before beeing initialized
2025-10-11 15:54:46,713 [INFO] RulesReader:64 - Compatibility file has been processed (317 Rules)
2025-10-11 15:54:46,730 [INFO] RulesReader:64 - Compatibility file has been processed (317 Rules)
2025-10-11 15:54:46,742 [INFO] CADModel:165 - CPN selected for project level
2025-10-11 15:54:46,742 [INFO] CADModel:114 - Register for checkConnection events
2025-10-11 15:54:46,743 [FATAL] Updater:351 - Updater called before beeing initialized
2025-10-11 15:54:46,743 [ERROR] CADModel:125 - Updater not yet initialized, retry later 
2025-10-11 15:54:46,846 [FATAL] Updater:351 - Updater called before beeing initialized
2025-10-11 15:54:46,847 [INFO] CADModel:165 - CPN selected for project level
2025-10-11 15:54:46,847 [INFO] CADModel:114 - Register for checkConnection events
2025-10-11 15:54:46,847 [FATAL] Updater:351 - Updater called before beeing initialized
2025-10-11 15:54:46,847 [ERROR] CADModel:125 - Updater not yet initialized, retry later 
2025-10-11 15:54:46,849 [FATAL] Updater:351 - Updater called before beeing initialized
2025-10-11 15:54:46,896 [FATAL] Updater:351 - Updater called before beeing initialized
2025-10-11 15:54:46,898 [INFO] DbMcusAds:53 - JSON generation date=Thu Oct 02 09:36:05 GMT 2025 (1759397765645)
2025-10-11 15:54:46,898 [FATAL] Updater:351 - Updater called before beeing initialized
2025-10-11 15:54:46,918 [WARN] DetailPanel:346 - Failed to get advertising image, set to default
2025-10-11 15:54:46,963 [FATAL] Updater:351 - Updater called before beeing initialized
2025-10-11 15:54:46,965 [FATAL] Updater:351 - Updater called before beeing initialized
2025-10-11 15:54:46,965 [FATAL] Updater:351 - Updater called before beeing initialized
2025-10-11 15:54:46,965 [WARN] DetailPanel:346 - Failed to get advertising image, set to default
2025-10-11 15:54:46,965 [FATAL] Updater:351 - Updater called before beeing initialized
2025-10-11 15:54:46,984 [ERROR] Updater:1198 - MainUpdater not yet initialized. External WinMGr cannot be set.
2025-10-11 15:54:46,985 [INFO] Updater:1134 - Updater Version found : 6.15.0
2025-10-11 15:54:46,999 [INFO] ApplicationProperties:184 - Using Application install path: /home/traian/st/stm32cubeide_1.19.0/plugins/com.st.stm32cube.common.mx_6.15.0.202507011659
2025-10-11 15:54:47,254 [INFO] MainUpdater:2872 - connection check result : 10
2025-10-11 15:54:47,255 [INFO] MainUpdater:289 - Updater Check For Update Now.
2025-10-11 15:54:47,255 [INFO] MicroXplorer:498 - Change Database Version : DB.6.0.150
2025-10-11 15:54:47,258 [INFO] McuFinderGlobals:63 - Set McuFinder mode to 2 (CubeIDE integrated)
2025-10-11 15:54:47,259 [INFO] UserAuth:487 - Internet connection configuration mode: 1
2025-10-11 15:54:47,278 [INFO] JxBrowserEngine:152 - Initiate JxBrowser Engine with user profile folder
2025-10-11 15:54:47,434 [INFO] CheckServerUpdateThread:120 - End of CheckServer Thread
2025-10-11 15:54:47,804 [INFO] WebApp:169 - Instantiating new browser for Auth
2025-10-11 15:54:48,261 [INFO] WebApp:463 - Apply proxy settings
2025-10-11 15:54:48,262 [INFO] WebApp:548 - Chromium requires no authentication
2025-10-11 15:54:48,268 [INFO] WebApp:491 - Direct internet connection detected
2025-10-11 15:54:48,284 [INFO] WebApp:900 - Register for checkConnection events
2025-10-11 15:54:48,284 [INFO] WebApp:463 - Apply proxy settings
2025-10-11 15:54:48,284 [INFO] WebApp:548 - Chromium requires no authentication
2025-10-11 15:54:48,284 [INFO] WebApp:491 - Direct internet connection detected
2025-10-11 15:54:48,374 [INFO] WebApp:225 - Starting web application
2025-10-11 15:54:48,374 [INFO] WebApp:593 - Web application path used /home/traian/st/stm32cubeide_1.19.0/plugins/com.st.stm32cube.common.mx_6.15.0.202507011659/db/plugins/mcufinder/reactClient1/index.html
2025-10-11 15:54:48,459 [INFO] UserAuth:487 - Internet connection configuration mode: 1
2025-10-11 15:54:48,663 [INFO] WebApp:191 - Connection restablished
2025-10-11 15:54:49,247 [WARN] PackLoader:240 - Cannot read IP mode file for STMicroelectronics.FP-SNS-MOTENVWB1.1.4.0
2025-10-11 15:54:49,251 [WARN] PackLoader:240 - Cannot read IP mode file for STMicroelectronics.FP-ATR-ASTRA1.2.0.2
2025-10-11 15:54:49,255 [WARN] PackLoader:240 - Cannot read IP mode file for STMicroelectronics.X-CUBE-SMBUS.2.1.0
2025-10-11 15:54:49,258 [WARN] PackLoader:240 - Cannot read IP mode file for STMicroelectronics.X-CUBE-ST60.1.0.0
2025-10-11 15:54:49,275 [WARN] PackLoader:240 - Cannot read IP mode file for STMicroelectronics.X-CUBE-AZRTOS-F7.1.1.0
2025-10-11 15:54:49,280 [WARN] PackLoader:240 - Cannot read IP mode file for Cesanta.I-CUBE-Mongoose.7.19.0
2025-10-11 15:54:49,284 [WARN] PackLoader:240 - Cannot read IP mode file for WES.I-CUBE-Cesium.1.4.0
2025-10-11 15:54:49,296 [WARN] PackLoader:240 - Cannot read IP mode file for Infineon.AIROC-Wi-Fi-Bluetooth-STM32.1.7.1
2025-10-11 15:54:49,320 [WARN] PackLoader:240 - Cannot read IP mode file for STMicroelectronics.X-CUBE-AZRTOS-H7.3.4.0
2025-10-11 15:54:49,329 [WARN] PackLoader:240 - Cannot read IP mode file for STMicroelectronics.X-CUBE-DISPLAY.3.0.0
2025-10-11 15:54:49,339 [WARN] PackLoader:240 - Cannot read IP mode file for STMicroelectronics.X-CUBE-NFC10.1.0.0
2025-10-11 15:54:49,343 [WARN] PackLoader:240 - Cannot read IP mode file for emotas.I-CUBE-CANOPEN.1.3.0
2025-10-11 15:54:49,349 [WARN] PackLoader:240 - Cannot read IP mode file for STMicroelectronics.FP-SNS-STBOX1.2.1.0
2025-10-11 15:54:49,353 [WARN] PackLoader:240 - Cannot read IP mode file for STMicroelectronics.FP-SNS-SMARTAG2.1.2.0
2025-10-11 15:54:49,357 [WARN] PackLoader:240 - Cannot read IP mode file for STMicroelectronics.FP-SNS-FLIGHT1.5.1.0
2025-10-11 15:54:49,373 [INFO] LogOutputStream:77 - [STDOUT_REDIRECT] 1 : Invalid condition id : UX_CORESTACK_Condition cause : null
2025-10-11 15:54:49,374 [INFO] LogOutputStream:77 - [STDOUT_REDIRECT] 1 : Invalid condition id : UX_CORESTACK_Condition cause : null
2025-10-11 15:54:49,374 [INFO] LogOutputStream:77 - [STDOUT_REDIRECT] 1 : Invalid condition id : UX_CORESTACK_Condition cause : null
2025-10-11 15:54:49,374 [INFO] LogOutputStream:77 - [STDOUT_REDIRECT] 1 : Invalid condition id : UX_CORESTACK_Condition cause : null
2025-10-11 15:54:49,374 [INFO] LogOutputStream:77 - [STDOUT_REDIRECT] 1 : Invalid condition id : UX_CORESTACK_Condition cause : null
2025-10-11 15:54:49,376 [WARN] PackLoader:240 - Cannot read IP mode file for STMicroelectronics.X-CUBE-AZRTOS-WL.2.0.0
2025-10-11 15:54:49,380 [WARN] PackLoader:240 - Cannot read IP mode file for STMicroelectronics.FP-SNS-MOTENV1.5.0.0
2025-10-11 15:54:49,385 [WARN] PackLoader:240 - Cannot read IP mode file for STMicroelectronics.X-CUBE-BLE2.3.3.0
2025-10-11 15:54:49,389 [WARN] PackLoader:240 - Cannot read IP mode file for STMicroelectronics.X-CUBE-NFC9.1.0.0
2025-10-11 15:54:49,391 [WARN] PackLoader:240 - Cannot read IP mode file for wolfSSL.I-CUBE-wolfSSL.5.8.2
2025-10-11 15:54:49,394 [WARN] PackLoader:240 - Cannot read IP mode file for STMicroelectronics.X-CUBE-BLE1.7.1.0
2025-10-11 15:54:49,396 [WARN] PackLoader:240 - Cannot read IP mode file for wolfSSL.I-CUBE-wolfMQTT.1.19.2
2025-10-11 15:54:49,398 [WARN] PackLoader:240 - Cannot read IP mode file for STMicroelectronics.X-CUBE-EEPRMA1.5.2.0
2025-10-11 15:54:49,406 [WARN] PackLoader:240 - Cannot read IP mode file for STMicroelectronics.X-CUBE-AZRTOS-G0.1.1.0
2025-10-11 15:54:49,409 [WARN] PackLoader:240 - Cannot read IP mode file for STMicroelectronics.X-CUBE-SAFEA1.1.2.2
2025-10-11 15:54:49,412 [WARN] PackLoader:240 - Cannot read IP mode file for STMicroelectronics.X-CUBE-NFC4.3.0.0
2025-10-11 15:54:49,415 [WARN] PackLoader:240 - Cannot read IP mode file for EmbeddedOffice.I-CUBE-FS-RTOS.1.0.1
2025-10-11 15:54:49,419 [WARN] PackLoader:240 - Cannot read IP mode file for STMicroelectronics.X-CUBE-WB05N.2.0.0
2025-10-11 15:54:49,421 [WARN] PackLoader:240 - Cannot read IP mode file for wolfSSL.I-CUBE-wolfTPM.3.8.0
2025-10-11 15:54:49,423 [WARN] PackLoader:240 - Cannot read IP mode file for STMicroelectronics.X-CUBE-TCPP.4.2.0
2025-10-11 15:54:49,426 [WARN] PackLoader:240 - Cannot read IP mode file for RealThread.X-CUBE-RT-Thread_Nano.4.1.1
2025-10-11 15:54:49,427 [WARN] PackLoader:240 - Cannot read IP mode file for STMicroelectronics.FP-ATR-SIGFOX1.3.2.0
2025-10-11 15:54:49,430 [WARN] PackLoader:240 - Cannot read IP mode file for ITTIA_DB.I-CUBE-ITTIADB.8.9.0
2025-10-11 15:54:49,433 [WARN] PackLoader:240 - Cannot read IP mode file for STMicroelectronics.X-CUBE-ST67W61.1.0.0
2025-10-11 15:54:49,436 [WARN] PackLoader:240 - Cannot read IP mode file for STMicroelectronics.X-CUBE-AI.10.2.0
2025-10-11 15:54:49,446 [WARN] PackLoader:240 - Cannot read IP mode file for SEGGER.I-CUBE-embOS.1.3.1
2025-10-11 15:54:49,474 [WARN] PackLoader:240 - Cannot read IP mode file for STMicroelectronics.X-CUBE-ALGOBUILD.1.4.0
2025-10-11 15:54:49,494 [WARN] PackLoader:240 - Cannot read IP mode file for STMicroelectronics.X-CUBE-MEMS1.11.3.0
2025-10-11 15:54:49,561 [WARN] PackLoader:240 - Cannot read IP mode file for STMicroelectronics.X-CUBE-PM33A1.1.0.0
2025-10-11 15:54:49,570 [WARN] PackLoader:240 - Cannot read IP mode file for STMicroelectronics.X-CUBE-AZRTOS-F4.1.1.0
2025-10-11 15:54:49,574 [WARN] PackLoader:240 - Cannot read IP mode file for STMicroelectronics.X-CUBE-ISPU.2.1.0
2025-10-11 15:54:49,577 [WARN] PackLoader:240 - Cannot read IP mode file for STMicroelectronics.X-CUBE-NFC12.1.0.0
2025-10-11 15:54:49,587 [WARN] PackLoader:240 - Cannot read IP mode file for STMicroelectronics.X-CUBE-AZRTOS-L5.2.0.0
2025-10-11 15:54:49,592 [WARN] PackLoader:240 - Cannot read IP mode file for STMicroelectronics.X-CUBE-NFC6.3.1.0
2025-10-11 15:54:49,596 [WARN] PackLoader:240 - Cannot read IP mode file for STMicroelectronics.X-CUBE-FREERTOS.1.3.1
2025-10-11 15:54:49,598 [WARN] PackLoader:240 - Cannot read IP mode file for STMicroelectronics.X-CUBE-TOUCHGFX.4.26.0
2025-10-11 15:54:49,601 [WARN] PackLoader:240 - Cannot read IP mode file for STMicroelectronics.FP-SNS-STAIOTCFT.1.0.0
2025-10-11 15:54:49,604 [WARN] PackLoader:240 - Cannot read IP mode file for STMicroelectronics.X-CUBE-DPower.1.3.0
2025-10-11 15:54:49,612 [WARN] ConditionMgr:438 - getConditionDescription Invalid condition id : LAN8742 Phy interface Condition cause : null
2025-10-11 15:54:49,612 [WARN] PackLoader:240 - Cannot read IP mode file for STMicroelectronics.X-CUBE-AZRTOS-L4.2.0.0
2025-10-11 15:54:49,613 [WARN] ConditionMgr:1044 - genDependencies : Invalid condition id : LAN8742 Phy interface Condition cause : null
2025-10-11 15:54:49,613 [WARN] ConditionMgr:1044 - genDependencies : Invalid condition id : LAN8742 Phy interface Condition cause : null
2025-10-11 15:54:49,613 [WARN] ConditionMgr:1044 - genDependencies : Invalid condition id : LAN8742 Phy interface Condition cause : null
2025-10-11 15:54:49,617 [WARN] PackLoader:240 - Cannot read IP mode file for STMicroelectronics.X-CUBE-SFXS2LP1.4.0.0
2025-10-11 15:54:49,623 [WARN] PackLoader:240 - Cannot read IP mode file for STMicroelectronics.X-CUBE-BLEMGR.4.1.0
2025-10-11 15:54:49,629 [WARN] ConditionMgr:438 - getConditionDescription Invalid condition id : UX DEVICE CLASS RTOS Condition cause : null
2025-10-11 15:54:49,629 [WARN] ConditionMgr:438 - getConditionDescription Invalid condition id : UX DEVICE CLASS RTOS Condition cause : null
2025-10-11 15:54:49,630 [WARN] PackLoader:240 - Cannot read IP mode file for STMicroelectronics.X-CUBE-AZRTOS-WB.2.0.0
2025-10-11 15:54:49,630 [WARN] ConditionMgr:1044 - genDependencies : Invalid condition id : UX DEVICE CLASS RTOS Condition cause : null
2025-10-11 15:54:49,631 [WARN] ConditionMgr:1044 - genDependencies : Invalid condition id : UX DEVICE CLASS RTOS Condition cause : null
2025-10-11 15:54:49,631 [WARN] ConditionMgr:1044 - genDependencies : Invalid condition id : UX DEVICE CLASS RTOS Condition cause : null
2025-10-11 15:54:49,631 [WARN] ConditionMgr:1044 - genDependencies : Invalid condition id : UX DEVICE CLASS RTOS Condition cause : null
2025-10-11 15:54:49,631 [WARN] ConditionMgr:1044 - genDependencies : Invalid condition id : UX DEVICE CLASS RTOS Condition cause : null
2025-10-11 15:54:49,633 [WARN] PackLoader:240 - Cannot read IP mode file for STMicroelectronics.X-CUBE-GNSS1.7.0.1
2025-10-11 15:54:49,635 [WARN] ConditionMgr:438 - getConditionDescription Invalid condition id : Cortex-A Device cause : null
2025-10-11 15:54:49,642 [WARN] ConditionMgr:1044 - genDependencies : Invalid condition id : Cortex-A Device cause : null
2025-10-11 15:54:49,642 [WARN] ConditionMgr:1044 - genDependencies : Invalid condition id : Cortex-A Device cause : null
2025-10-11 15:54:49,642 [WARN] ConditionMgr:1044 - genDependencies : Invalid condition id : Cortex-A Device cause : null
2025-10-11 15:54:49,646 [WARN] PackLoader:240 - Cannot read IP mode file for STMicroelectronics.X-CUBE-SUBG2.5.0.0
2025-10-11 15:54:49,670 [WARN] PackLoader:240 - Cannot read IP mode file for STMicroelectronics.X-CUBE-AZRTOS-H7RS.1.1.0
2025-10-11 15:54:49,677 [WARN] PackLoader:240 - Cannot read IP mode file for STMicroelectronics.X-CUBE-AZRTOS-G4.2.0.0
2025-10-11 15:54:49,680 [WARN] PackLoader:240 - Cannot read IP mode file for wolfSSL.I-CUBE-wolfSSH.1.4.20
2025-10-11 15:54:49,682 [WARN] PackLoader:240 - Cannot read IP mode file for STMicroelectronics.X-CUBE-NFC7.2.0.0
2025-10-11 15:54:49,702 [WARN] PackLoader:240 - Cannot read IP mode file for STMicroelectronics.X-CUBE-IPS.3.1.0
2025-10-11 15:54:49,709 [WARN] PackLoader:240 - Cannot read IP mode file for STMicroelectronics.X-CUBE-ALS.1.0.2
2025-10-11 15:54:49,712 [WARN] PackLoader:240 - Cannot read IP mode file for STMicroelectronics.X-CUBE-STSE01.1.0.0
2025-10-11 15:54:49,720 [WARN] PackLoader:240 - Cannot read IP mode file for STMicroelectronics.X-CUBE-TOF1.3.4.3
2025-10-11 15:54:49,725 [INFO] ThirdParty:978 - Integrity check success = true
2025-10-11 15:54:49,726 [INFO] IntegrityCheckThread:100 - exiting critical section [integrity check]
2025-10-11 15:54:49,726 [INFO] IntegrityCheckThread:103 - End integrity checks thread
2025-10-11 17:17:20,350 [ERROR] LogOutputStream:75 - [STDERR_REDIRECT] 
2025-10-11 17:17:30,181 [INFO] Activator:176 - 


2025-10-11 17:17:30,182 [INFO] Activator:177 - !SESSION log4j initialized
2025-10-11 17:17:33,121 [INFO] LogOutputStream:77 - [STDOUT_REDIRECT] 
2025-10-11 17:17:33,615 [INFO] ApplicationProperties:184 - Using Application install path: /home/traian/st/stm32cubeide_1.19.0/plugins/com.st.stm32cube.common.mx_6.15.0.202507011659
2025-10-11 17:17:33,627 [INFO] DbMcusXml:78 - Set database path to: /home/traian/st/stm32cubeide_1.19.0/plugins/com.st.stm32cube.common.mx_6.15.0.202507011659//db//mcu/
2025-10-11 17:17:33,627 [INFO] ApiDb:274 - Set plugin database path to: /home/traian/st/stm32cubeide_1.19.0/plugins/com.st.stm32cube.common.mx_6.15.0.202507011659//db//plugins/boardmanager/
2025-10-11 17:17:33,628 [WARN] ApiDb:259 - Overriding images path with different value:  => /home/traian/st/stm32cubeide_1.19.0/plugins/com.st.stm32cube.common.mx_6.15.0.202507011659//db//plugins/mcufinder/images/
2025-10-11 17:17:33,630 [INFO] ApiDb:250 - Set database path to: /home/traian/.stmcufinder/plugins/mcufinder//mcu/
2025-10-11 17:17:33,631 [INFO] DbMcusAds:125 - Set database path to: /home/traian/.stmcufinder/plugins/mcufinder//mcu/
2025-10-11 17:17:33,633 [INFO] CrossReferenceDbSqlite:203 - Set database path to: /home/traian/.stmcufinder/plugins/mcufinder//mcu/cs/
2025-10-11 17:17:33,697 [INFO] RulesReader:64 - Compatibility file has been processed (317 Rules)
2025-10-11 17:17:33,735 [INFO] DbMcusXml:78 - Set database path to: /home/traian/st/stm32cubeide_1.19.0/plugins/com.st.stm32cube.common.mx_6.15.0.202507011659//db//mcu/
2025-10-11 17:17:33,736 [INFO] ApiDb:274 - Set plugin database path to: /home/traian/st/stm32cubeide_1.19.0/plugins/com.st.stm32cube.common.mx_6.15.0.202507011659//db//plugins/boardmanager/
2025-10-11 17:17:33,736 [INFO] ApiDb:261 - Set plugin images path to: /home/traian/st/stm32cubeide_1.19.0/plugins/com.st.stm32cube.common.mx_6.15.0.202507011659//db//plugins/mcufinder/images/
2025-10-11 17:17:33,736 [WARN] DbFile:41 - Overriding database path with different value: /home/traian/.stmcufinder/plugins/mcufinder/ => /home/traian/.stmcufinder/plugins/mcufinder
2025-10-11 17:17:33,736 [INFO] ApiDb:250 - Set database path to: /home/traian/.stmcufinder/plugins/mcufinder//mcu/
2025-10-11 17:17:33,736 [WARN] DbFile:41 - Overriding database path with different value: /home/traian/.stmcufinder/plugins/mcufinder/ => /home/traian/.stmcufinder/plugins/mcufinder
2025-10-11 17:17:33,736 [INFO] DbMcusAds:125 - Set database path to: /home/traian/.stmcufinder/plugins/mcufinder//mcu/
2025-10-11 17:17:33,737 [WARN] DbFile:41 - Overriding database path with different value: /home/traian/.stmcufinder/plugins/mcufinder/ => /home/traian/.stmcufinder/plugins/mcufinder
2025-10-11 17:17:33,737 [WARN] DbFile:41 - Overriding database path with different value: /home/traian/.stmcufinder/plugins/mcufinder/ => /home/traian/.stmcufinder/plugins/mcufinder
2025-10-11 17:17:33,737 [INFO] CrossReferenceDbSqlite:203 - Set database path to: /home/traian/.stmcufinder/plugins/mcufinder//mcu/cs/
2025-10-11 17:17:33,788 [INFO] MainPanel:274 - HeapMemory: 268435456
2025-10-11 17:17:33,861 [INFO] DbMcusXml:78 - Set database path to: /home/traian/st/stm32cubeide_1.19.0/plugins/com.st.stm32cube.common.mx_6.15.0.202507011659//db//mcu/
2025-10-11 17:17:33,861 [INFO] ApiDb:274 - Set plugin database path to: /home/traian/st/stm32cubeide_1.19.0/plugins/com.st.stm32cube.common.mx_6.15.0.202507011659//db//plugins/boardmanager/
2025-10-11 17:17:33,861 [INFO] ApiDb:261 - Set plugin images path to: /home/traian/st/stm32cubeide_1.19.0/plugins/com.st.stm32cube.common.mx_6.15.0.202507011659//db//plugins/mcufinder/images/
2025-10-11 17:17:33,861 [WARN] DbFile:41 - Overriding database path with different value: /home/traian/.stmcufinder/plugins/mcufinder/ => /home/traian/.stmcufinder/plugins/mcufinder
2025-10-11 17:17:33,861 [INFO] ApiDb:250 - Set database path to: /home/traian/.stmcufinder/plugins/mcufinder//mcu/
2025-10-11 17:17:33,862 [WARN] DbFile:41 - Overriding database path with different value: /home/traian/.stmcufinder/plugins/mcufinder/ => /home/traian/.stmcufinder/plugins/mcufinder
2025-10-11 17:17:33,862 [INFO] DbMcusAds:125 - Set database path to: /home/traian/.stmcufinder/plugins/mcufinder//mcu/
2025-10-11 17:17:33,862 [WARN] DbFile:41 - Overriding database path with different value: /home/traian/.stmcufinder/plugins/mcufinder/ => /home/traian/.stmcufinder/plugins/mcufinder
2025-10-11 17:17:33,862 [WARN] DbFile:41 - Overriding database path with different value: /home/traian/.stmcufinder/plugins/mcufinder/ => /home/traian/.stmcufinder/plugins/mcufinder
2025-10-11 17:17:33,862 [INFO] CrossReferenceDbSqlite:203 - Set database path to: /home/traian/.stmcufinder/plugins/mcufinder//mcu/cs/
2025-10-11 17:17:33,872 [INFO] ApplicationProperties:184 - Using Application install path: /home/traian/st/stm32cubeide_1.19.0/plugins/com.st.stm32cube.common.mx_6.15.0.202507011659
2025-10-11 17:17:33,873 [INFO] PluginManage:196 - Search for loadable plugins [exclusion list=, ]
2025-10-11 17:17:33,873 [INFO] PluginManage:310 - Check plugin analytics
2025-10-11 17:17:33,956 [INFO] AnalyticsPlugin:253 - Accepted Software Licenses: 
2025-10-11 17:17:33,956 [INFO] AnalyticsPlugin:255 - Accepted CMSIS Pack Licenses: 
2025-10-11 17:17:33,957 [INFO] AnalyticsPlugin:257 - Accepted Firmware Licenses: FW.U5.1.8.0
2025-10-11 17:17:33,957 [INFO] PluginManage:359 - Loaded plugin analytics (category:tool,tabindex:-1)
2025-10-11 17:17:33,958 [INFO] PluginManage:310 - Check plugin cadmodel
2025-10-11 17:17:33,961 [INFO] CADModel:105 - Init CAD model plugin
2025-10-11 17:17:33,961 [INFO] PluginManage:359 - Loaded plugin cadmodel (category:power,tabindex:5)
2025-10-11 17:17:33,961 [INFO] PluginManage:310 - Check plugin clock
2025-10-11 17:17:33,966 [INFO] PluginManage:359 - Loaded plugin clock (category:base,tabindex:2)
2025-10-11 17:17:33,966 [INFO] PluginManage:310 - Check plugin ddr
2025-10-11 17:17:33,968 [INFO] PluginManage:359 - Loaded plugin ddr (category:tool,tabindex:6)
2025-10-11 17:17:33,968 [INFO] PluginManage:310 - Check plugin filemanager
2025-10-11 17:17:34,066 [INFO] PluginManage:359 - Loaded plugin filemanager (category:base,tabindex:10)
2025-10-11 17:17:34,066 [INFO] PluginManage:310 - Check plugin ipmanager
2025-10-11 17:17:34,069 [INFO] PluginManage:359 - Loaded plugin ipmanager (category:base,tabindex:5)
2025-10-11 17:17:34,069 [INFO] PluginManage:310 - Check plugin lpbam
2025-10-11 17:17:34,075 [INFO] PluginManage:359 - Loaded plugin lpbam (category:base,tabindex:0)
2025-10-11 17:17:34,075 [INFO] PluginManage:310 - Check plugin memorymap
2025-10-11 17:17:34,083 [INFO] PluginManage:359 - Loaded plugin memorymap (category:base,tabindex:4)
2025-10-11 17:17:34,083 [INFO] PluginManage:310 - Check plugin pinoutandconfiguration
2025-10-11 17:17:34,088 [INFO] PluginManage:359 - Loaded plugin pinoutandconfiguration (category:base,tabindex:1)
2025-10-11 17:17:34,089 [INFO] PluginManage:310 - Check plugin pinoutconfig
2025-10-11 17:17:34,140 [WARN] SupportedApi:132 - Cannot load RTOS API schema: s4s-elt-must-match.1: The content of 'definitions' must match (annotation?, (simpleType | complexType)?, (unique | key | keyref)*)). A problem was found starting at: attribute.
2025-10-11 17:17:34,220 [INFO] PluginManage:359 - Loaded plugin pinoutconfig (category:base,tabindex:0)
2025-10-11 17:17:34,220 [INFO] PluginManage:310 - Check plugin power
2025-10-11 17:17:34,227 [INFO] PluginManage:359 - Loaded plugin power (category:power,tabindex:4)
2025-10-11 17:17:34,227 [INFO] PluginManage:310 - Check plugin projectmanager
2025-10-11 17:17:34,236 [INFO] PluginManage:359 - Loaded plugin projectmanager (category:projectmanager,tabindex:4)
2025-10-11 17:17:34,236 [INFO] PluginManage:310 - Check plugin rif
2025-10-11 17:17:34,243 [INFO] PluginManage:359 - Loaded plugin rif (category:base,tabindex:3)
2025-10-11 17:17:34,244 [INFO] PluginManage:310 - Check plugin thirdparty
2025-10-11 17:17:34,311 [INFO] PluginManage:359 - Loaded plugin thirdparty (category:base,tabindex:-1)
2025-10-11 17:17:34,311 [INFO] PluginManage:310 - Check plugin tools
2025-10-11 17:17:34,311 [WARN] IntegrityCheckThread:84 - waiting for thirdparty lock release [integrity check]
2025-10-11 17:17:34,311 [INFO] IntegrityCheckThread:86 - entering critical section [integrity check]
2025-10-11 17:17:34,312 [INFO] ThirdPartyUpdaterWithRetryManager:70 - Updater plugin not ready yet. [1/15]
2025-10-11 17:17:34,312 [INFO] PluginManage:359 - Loaded plugin tools (category:base,tabindex:7)
2025-10-11 17:17:34,313 [INFO] PluginManage:310 - Check plugin tutovideos
2025-10-11 17:17:34,436 [INFO] PluginManage:359 - Loaded plugin tutovideos (category:base,tabindex:-1)
2025-10-11 17:17:34,436 [INFO] PluginManage:310 - Check plugin updater
2025-10-11 17:17:34,449 [INFO] PluginManage:359 - Loaded plugin updater (category:base,tabindex:12)
2025-10-11 17:17:34,449 [INFO] PluginManage:310 - Check plugin userauth
2025-10-11 17:17:34,452 [INFO] UserAuth:118 - Init User Auth plugin
2025-10-11 17:17:34,452 [INFO] PluginManage:359 - Loaded plugin userauth (category:base,tabindex:14)
2025-10-11 17:17:34,452 [INFO] PluginManage:283 - PluginManage : Loaded plugins [18]
2025-10-11 17:17:34,557 [INFO] PinOutPanel:1589 - setPackage(No Configuration,No Configuration)
2025-10-11 17:17:34,599 [INFO] CADModel:165 - CPN selected for project level
2025-10-11 17:17:34,599 [INFO] CADModel:114 - Register for checkConnection events
2025-10-11 17:17:34,608 [INFO] IPUIPlugin:80 - create IPUIPlugin
2025-10-11 17:17:34,609 [INFO] PluginManager:220 - loadIPPluginJar : add i2c
2025-10-11 17:17:34,610 [INFO] IPUIPlugin:80 - create IPUIPlugin
2025-10-11 17:17:34,610 [INFO] PluginManager:220 - loadIPPluginJar : add i2s
2025-10-11 17:17:34,614 [INFO] IPUIPlugin:80 - create IPUIPlugin
2025-10-11 17:17:34,614 [INFO] PluginManager:220 - loadIPPluginJar : add resmgrutility
2025-10-11 17:17:34,615 [INFO] IPUIPlugin:80 - create IPUIPlugin
2025-10-11 17:17:34,615 [INFO] PluginManager:220 - loadIPPluginJar : add hash
2025-10-11 17:17:34,617 [INFO] IPUIPlugin:80 - create IPUIPlugin
2025-10-11 17:17:34,617 [INFO] PluginManager:220 - loadIPPluginJar : add usbx
2025-10-11 17:17:34,622 [INFO] IPUIPlugin:80 - create IPUIPlugin
2025-10-11 17:17:34,623 [INFO] PluginManager:220 - loadIPPluginJar : add plateformsettings
2025-10-11 17:17:34,625 [INFO] IPUIPlugin:80 - create IPUIPlugin
2025-10-11 17:17:34,625 [INFO] PluginManager:220 - loadIPPluginJar : add dma3
2025-10-11 17:17:34,627 [INFO] IPUIPlugin:80 - create IPUIPlugin
2025-10-11 17:17:34,627 [INFO] PluginManager:220 - loadIPPluginJar : add ddr_ctrl_phy
2025-10-11 17:17:34,628 [INFO] IPUIPlugin:80 - create IPUIPlugin
2025-10-11 17:17:34,628 [INFO] PluginManager:220 - loadIPPluginJar : add quadspi
2025-10-11 17:17:34,629 [INFO] IPUIPlugin:80 - create IPUIPlugin
2025-10-11 17:17:34,629 [INFO] PluginManager:220 - loadIPPluginJar : add ltdc
2025-10-11 17:17:34,630 [INFO] IPUIPlugin:80 - create IPUIPlugin
2025-10-11 17:17:34,630 [INFO] PluginManager:220 - loadIPPluginJar : add opamp
2025-10-11 17:17:34,631 [INFO] IPUIPlugin:80 - create IPUIPlugin
2025-10-11 17:17:34,631 [INFO] PluginManager:220 - loadIPPluginJar : add tim
2025-10-11 17:17:34,634 [INFO] IPUIPlugin:80 - create IPUIPlugin
2025-10-11 17:17:34,634 [INFO] PluginManager:220 - loadIPPluginJar : add ipddr
2025-10-11 17:17:34,634 [INFO] IPUIPlugin:80 - create IPUIPlugin
2025-10-11 17:17:34,634 [INFO] PluginManager:220 - loadIPPluginJar : add fatfs
2025-10-11 17:17:34,639 [INFO] IPUIPlugin:80 - create IPUIPlugin
2025-10-11 17:17:34,639 [INFO] PluginManager:220 - loadIPPluginJar : add adc
2025-10-11 17:17:34,640 [INFO] IPUIPlugin:80 - create IPUIPlugin
2025-10-11 17:17:34,640 [INFO] PluginManager:220 - loadIPPluginJar : add dfsdm
2025-10-11 17:17:34,642 [INFO] IPUIPlugin:80 - create IPUIPlugin
2025-10-11 17:17:34,642 [INFO] PluginManager:220 - loadIPPluginJar : add nvic
2025-10-11 17:17:34,644 [INFO] IPUIPlugin:80 - create IPUIPlugin
2025-10-11 17:17:34,644 [INFO] PluginManager:220 - loadIPPluginJar : add sai
2025-10-11 17:17:34,646 [INFO] IPUIPlugin:80 - create IPUIPlugin
2025-10-11 17:17:34,646 [INFO] PluginManager:220 - loadIPPluginJar : add touchsensing
2025-10-11 17:17:34,647 [INFO] IPUIPlugin:80 - create IPUIPlugin
2025-10-11 17:17:34,647 [INFO] PluginManager:220 - loadIPPluginJar : add comp
2025-10-11 17:17:34,648 [INFO] IPUIPlugin:80 - create IPUIPlugin
2025-10-11 17:17:34,648 [INFO] PluginManager:220 - loadIPPluginJar : add aes
2025-10-11 17:17:34,652 [INFO] IPUIPlugin:80 - create IPUIPlugin
2025-10-11 17:17:34,652 [INFO] PluginManager:220 - loadIPPluginJar : add freertos
2025-10-11 17:17:34,653 [INFO] IPUIPlugin:80 - create IPUIPlugin
2025-10-11 17:17:34,653 [INFO] PluginManager:220 - loadIPPluginJar : add radio
2025-10-11 17:17:34,654 [INFO] IPUIPlugin:80 - create IPUIPlugin
2025-10-11 17:17:34,655 [INFO] PluginManager:220 - loadIPPluginJar : add tracer_emb
2025-10-11 17:17:34,656 [INFO] IPUIPlugin:80 - create IPUIPlugin
2025-10-11 17:17:34,656 [INFO] PluginManager:220 - loadIPPluginJar : add cryp
2025-10-11 17:17:34,657 [INFO] IPUIPlugin:80 - create IPUIPlugin
2025-10-11 17:17:34,657 [INFO] PluginManager:220 - loadIPPluginJar : add can
2025-10-11 17:17:34,661 [INFO] IPUIPlugin:80 - create IPUIPlugin
2025-10-11 17:17:34,661 [INFO] PluginManager:220 - loadIPPluginJar : add mdma
2025-10-11 17:17:34,664 [INFO] IPUIPlugin:80 - create IPUIPlugin
2025-10-11 17:17:34,664 [INFO] PluginManager:220 - loadIPPluginJar : add dma
2025-10-11 17:17:34,669 [INFO] IPUIPlugin:80 - create IPUIPlugin
2025-10-11 17:17:34,669 [INFO] PluginManager:220 - loadIPPluginJar : add linkedlist
2025-10-11 17:17:34,671 [INFO] IPUIPlugin:80 - create IPUIPlugin
2025-10-11 17:17:34,671 [INFO] PluginManager:220 - loadIPPluginJar : add pdm2pcm
2025-10-11 17:17:34,673 [INFO] IPUIPlugin:80 - create IPUIPlugin
2025-10-11 17:17:34,674 [INFO] PluginManager:220 - loadIPPluginJar : add gpio
2025-10-11 17:17:34,675 [INFO] IPUIPlugin:80 - create IPUIPlugin
2025-10-11 17:17:34,675 [INFO] PluginManager:220 - loadIPPluginJar : add extmemmanager
2025-10-11 17:17:34,678 [INFO] IPUIPlugin:80 - create IPUIPlugin
2025-10-11 17:17:34,678 [INFO] PluginManager:220 - loadIPPluginJar : add gic
2025-10-11 17:17:34,679 [INFO] IPUIPlugin:80 - create IPUIPlugin
2025-10-11 17:17:34,679 [INFO] PluginManager:220 - loadIPPluginJar : add lorawan
2025-10-11 17:17:34,680 [INFO] IPUIPlugin:80 - create IPUIPlugin
2025-10-11 17:17:34,680 [INFO] PluginManager:220 - loadIPPluginJar : add tsc
2025-10-11 17:17:34,681 [INFO] IPUIPlugin:80 - create IPUIPlugin
2025-10-11 17:17:34,681 [INFO] PluginManager:220 - loadIPPluginJar : add spi
2025-10-11 17:17:34,685 [INFO] IPUIPlugin:80 - create IPUIPlugin
2025-10-11 17:17:34,685 [INFO] PluginManager:220 - loadIPPluginJar : add stm32_wpan
2025-10-11 17:17:34,686 [INFO] IPUIPlugin:80 - create IPUIPlugin
2025-10-11 17:17:34,686 [INFO] PluginManager:220 - loadIPPluginJar : add openamp
2025-10-11 17:17:34,687 [INFO] IPUIPlugin:80 - create IPUIPlugin
2025-10-11 17:17:34,687 [INFO] PluginManager:220 - loadIPPluginJar : add ts
2025-10-11 17:17:34,689 [INFO] IPUIPlugin:80 - create IPUIPlugin
2025-10-11 17:17:34,689 [INFO] PluginManager:220 - loadIPPluginJar : add gtzc
2025-10-11 17:17:34,690 [INFO] IPUIPlugin:80 - create IPUIPlugin
2025-10-11 17:17:34,690 [INFO] PluginManager:220 - loadIPPluginJar : add i3c
2025-10-11 17:17:34,691 [INFO] IPUIPlugin:80 - create IPUIPlugin
2025-10-11 17:17:34,691 [INFO] PluginManager:220 - loadIPPluginJar : add genericplugin
2025-10-11 17:17:34,692 [INFO] IPUIPlugin:80 - create IPUIPlugin
2025-10-11 17:17:34,692 [INFO] PluginManager:220 - loadIPPluginJar : add gfxmmu
2025-10-11 17:17:34,694 [INFO] IPUIPlugin:80 - create IPUIPlugin
2025-10-11 17:17:34,694 [INFO] PluginManager:220 - loadIPPluginJar : add usart
2025-10-11 17:17:34,694 [INFO] IPUIPlugin:80 - create IPUIPlugin
2025-10-11 17:17:34,694 [INFO] PluginManager:220 - loadIPPluginJar : add ucpd
2025-10-11 17:17:34,697 [INFO] IPUIPlugin:80 - create IPUIPlugin
2025-10-11 17:17:34,697 [INFO] PluginManager:220 - loadIPPluginJar : add fmc
2025-10-11 17:17:34,785 [FATAL] Updater:351 - Updater called before beeing initialized
2025-10-11 17:17:34,801 [INFO] RulesReader:64 - Compatibility file has been processed (317 Rules)
2025-10-11 17:17:34,813 [INFO] RulesReader:64 - Compatibility file has been processed (317 Rules)
2025-10-11 17:17:34,821 [INFO] CADModel:165 - CPN selected for project level
2025-10-11 17:17:34,821 [INFO] CADModel:114 - Register for checkConnection events
2025-10-11 17:17:34,821 [FATAL] Updater:351 - Updater called before beeing initialized
2025-10-11 17:17:34,821 [ERROR] CADModel:125 - Updater not yet initialized, retry later 
2025-10-11 17:17:34,918 [FATAL] Updater:351 - Updater called before beeing initialized
2025-10-11 17:17:34,919 [INFO] CADModel:165 - CPN selected for project level
2025-10-11 17:17:34,919 [INFO] CADModel:114 - Register for checkConnection events
2025-10-11 17:17:34,919 [FATAL] Updater:351 - Updater called before beeing initialized
2025-10-11 17:17:34,919 [ERROR] CADModel:125 - Updater not yet initialized, retry later 
2025-10-11 17:17:34,922 [FATAL] Updater:351 - Updater called before beeing initialized
2025-10-11 17:17:34,966 [FATAL] Updater:351 - Updater called before beeing initialized
2025-10-11 17:17:34,969 [INFO] DbMcusAds:53 - JSON generation date=Thu Oct 02 09:36:05 GMT 2025 (1759397765645)
2025-10-11 17:17:34,969 [FATAL] Updater:351 - Updater called before beeing initialized
2025-10-11 17:17:34,988 [WARN] DetailPanel:346 - Failed to get advertising image, set to default
2025-10-11 17:17:35,033 [FATAL] Updater:351 - Updater called before beeing initialized
2025-10-11 17:17:35,034 [FATAL] Updater:351 - Updater called before beeing initialized
2025-10-11 17:17:35,034 [FATAL] Updater:351 - Updater called before beeing initialized
2025-10-11 17:17:35,034 [WARN] DetailPanel:346 - Failed to get advertising image, set to default
2025-10-11 17:17:35,035 [FATAL] Updater:351 - Updater called before beeing initialized
2025-10-11 17:17:35,053 [ERROR] Updater:1198 - MainUpdater not yet initialized. External WinMGr cannot be set.
2025-10-11 17:17:35,054 [INFO] Updater:1134 - Updater Version found : 6.15.0
2025-10-11 17:17:35,067 [INFO] ApplicationProperties:184 - Using Application install path: /home/traian/st/stm32cubeide_1.19.0/plugins/com.st.stm32cube.common.mx_6.15.0.202507011659
2025-10-11 17:17:35,301 [INFO] MainUpdater:2872 - connection check result : 10
2025-10-11 17:17:35,301 [INFO] MainUpdater:289 - Updater Check For Update Now.
2025-10-11 17:17:35,301 [INFO] MicroXplorer:498 - Change Database Version : DB.6.0.150
2025-10-11 17:17:35,305 [INFO] McuFinderGlobals:63 - Set McuFinder mode to 2 (CubeIDE integrated)
2025-10-11 17:17:35,306 [INFO] UserAuth:487 - Internet connection configuration mode: 1
2025-10-11 17:17:35,318 [INFO] JxBrowserEngine:152 - Initiate JxBrowser Engine with user profile folder
2025-10-11 17:17:35,469 [INFO] CheckServerUpdateThread:120 - End of CheckServer Thread
2025-10-11 17:17:35,803 [INFO] WebApp:169 - Instantiating new browser for Auth
2025-10-11 17:17:36,226 [INFO] WebApp:463 - Apply proxy settings
2025-10-11 17:17:36,226 [INFO] WebApp:548 - Chromium requires no authentication
2025-10-11 17:17:36,232 [INFO] WebApp:491 - Direct internet connection detected
2025-10-11 17:17:36,245 [INFO] WebApp:900 - Register for checkConnection events
2025-10-11 17:17:36,245 [INFO] WebApp:463 - Apply proxy settings
2025-10-11 17:17:36,246 [INFO] WebApp:548 - Chromium requires no authentication
2025-10-11 17:17:36,246 [INFO] WebApp:491 - Direct internet connection detected
2025-10-11 17:17:36,335 [INFO] WebApp:225 - Starting web application
2025-10-11 17:17:36,335 [INFO] WebApp:593 - Web application path used /home/traian/st/stm32cubeide_1.19.0/plugins/com.st.stm32cube.common.mx_6.15.0.202507011659/db/plugins/mcufinder/reactClient1/index.html
2025-10-11 17:17:36,394 [INFO] UserAuth:487 - Internet connection configuration mode: 1
2025-10-11 17:17:36,729 [INFO] WebApp:191 - Connection restablished
2025-10-11 17:17:37,404 [WARN] PackLoader:240 - Cannot read IP mode file for STMicroelectronics.FP-SNS-MOTENVWB1.1.4.0
2025-10-11 17:17:37,408 [WARN] PackLoader:240 - Cannot read IP mode file for STMicroelectronics.FP-ATR-ASTRA1.2.0.2
2025-10-11 17:17:37,412 [WARN] PackLoader:240 - Cannot read IP mode file for STMicroelectronics.X-CUBE-SMBUS.2.1.0
2025-10-11 17:17:37,414 [WARN] PackLoader:240 - Cannot read IP mode file for STMicroelectronics.X-CUBE-ST60.1.0.0
2025-10-11 17:17:37,430 [WARN] PackLoader:240 - Cannot read IP mode file for STMicroelectronics.X-CUBE-AZRTOS-F7.1.1.0
2025-10-11 17:17:37,434 [WARN] PackLoader:240 - Cannot read IP mode file for Cesanta.I-CUBE-Mongoose.7.19.0
2025-10-11 17:17:37,439 [WARN] PackLoader:240 - Cannot read IP mode file for WES.I-CUBE-Cesium.1.4.0
2025-10-11 17:17:37,465 [WARN] PackLoader:240 - Cannot read IP mode file for Infineon.AIROC-Wi-Fi-Bluetooth-STM32.1.7.1
2025-10-11 17:17:37,510 [WARN] PackLoader:240 - Cannot read IP mode file for STMicroelectronics.X-CUBE-AZRTOS-H7.3.4.0
2025-10-11 17:17:37,524 [WARN] PackLoader:240 - Cannot read IP mode file for STMicroelectronics.X-CUBE-DISPLAY.3.0.0
2025-10-11 17:17:37,535 [WARN] PackLoader:240 - Cannot read IP mode file for STMicroelectronics.X-CUBE-NFC10.1.0.0
2025-10-11 17:17:37,540 [WARN] PackLoader:240 - Cannot read IP mode file for emotas.I-CUBE-CANOPEN.1.3.0
2025-10-11 17:17:37,546 [WARN] PackLoader:240 - Cannot read IP mode file for STMicroelectronics.FP-SNS-STBOX1.2.1.0
2025-10-11 17:17:37,551 [WARN] PackLoader:240 - Cannot read IP mode file for STMicroelectronics.FP-SNS-SMARTAG2.1.2.0
2025-10-11 17:17:37,553 [WARN] PackLoader:240 - Cannot read IP mode file for STMicroelectronics.FP-SNS-FLIGHT1.5.1.0
2025-10-11 17:17:37,557 [INFO] LogOutputStream:77 - [STDOUT_REDIRECT] 1 : Invalid condition id : UX_CORESTACK_Condition cause : null
2025-10-11 17:17:37,557 [INFO] LogOutputStream:77 - [STDOUT_REDIRECT] 1 : Invalid condition id : UX_CORESTACK_Condition cause : null
2025-10-11 17:17:37,557 [INFO] LogOutputStream:77 - [STDOUT_REDIRECT] 1 : Invalid condition id : UX_CORESTACK_Condition cause : null
2025-10-11 17:17:37,557 [INFO] LogOutputStream:77 - [STDOUT_REDIRECT] 1 : Invalid condition id : UX_CORESTACK_Condition cause : null
2025-10-11 17:17:37,558 [INFO] LogOutputStream:77 - [STDOUT_REDIRECT] 1 : Invalid condition id : UX_CORESTACK_Condition cause : null
2025-10-11 17:17:37,559 [WARN] PackLoader:240 - Cannot read IP mode file for STMicroelectronics.X-CUBE-AZRTOS-WL.2.0.0
2025-10-11 17:17:37,561 [WARN] PackLoader:240 - Cannot read IP mode file for STMicroelectronics.FP-SNS-MOTENV1.5.0.0
2025-10-11 17:17:37,565 [WARN] PackLoader:240 - Cannot read IP mode file for STMicroelectronics.X-CUBE-BLE2.3.3.0
2025-10-11 17:17:37,567 [WARN] PackLoader:240 - Cannot read IP mode file for STMicroelectronics.X-CUBE-NFC9.1.0.0
2025-10-11 17:17:37,570 [WARN] PackLoader:240 - Cannot read IP mode file for wolfSSL.I-CUBE-wolfSSL.5.8.2
2025-10-11 17:17:37,572 [WARN] PackLoader:240 - Cannot read IP mode file for STMicroelectronics.X-CUBE-BLE1.7.1.0
2025-10-11 17:17:37,573 [WARN] PackLoader:240 - Cannot read IP mode file for wolfSSL.I-CUBE-wolfMQTT.1.19.2
2025-10-11 17:17:37,576 [WARN] PackLoader:240 - Cannot read IP mode file for STMicroelectronics.X-CUBE-EEPRMA1.5.2.0
2025-10-11 17:17:37,582 [WARN] PackLoader:240 - Cannot read IP mode file for STMicroelectronics.X-CUBE-AZRTOS-G0.1.1.0
2025-10-11 17:17:37,587 [WARN] PackLoader:240 - Cannot read IP mode file for STMicroelectronics.X-CUBE-SAFEA1.1.2.2
2025-10-11 17:17:37,591 [WARN] PackLoader:240 - Cannot read IP mode file for STMicroelectronics.X-CUBE-NFC4.3.0.0
2025-10-11 17:17:37,594 [WARN] PackLoader:240 - Cannot read IP mode file for EmbeddedOffice.I-CUBE-FS-RTOS.1.0.1
2025-10-11 17:17:37,597 [WARN] PackLoader:240 - Cannot read IP mode file for STMicroelectronics.X-CUBE-WB05N.2.0.0
2025-10-11 17:17:37,599 [WARN] PackLoader:240 - Cannot read IP mode file for wolfSSL.I-CUBE-wolfTPM.3.8.0
2025-10-11 17:17:37,601 [WARN] PackLoader:240 - Cannot read IP mode file for STMicroelectronics.X-CUBE-TCPP.4.2.0
2025-10-11 17:17:37,603 [WARN] PackLoader:240 - Cannot read IP mode file for RealThread.X-CUBE-RT-Thread_Nano.4.1.1
2025-10-11 17:17:37,605 [WARN] PackLoader:240 - Cannot read IP mode file for STMicroelectronics.FP-ATR-SIGFOX1.3.2.0
2025-10-11 17:17:37,607 [WARN] PackLoader:240 - Cannot read IP mode file for ITTIA_DB.I-CUBE-ITTIADB.8.9.0
2025-10-11 17:17:37,609 [WARN] PackLoader:240 - Cannot read IP mode file for STMicroelectronics.X-CUBE-ST67W61.1.0.0
2025-10-11 17:17:37,611 [WARN] PackLoader:240 - Cannot read IP mode file for STMicroelectronics.X-CUBE-AI.10.2.0
2025-10-11 17:17:37,621 [WARN] PackLoader:240 - Cannot read IP mode file for SEGGER.I-CUBE-embOS.1.3.1
2025-10-11 17:17:37,645 [WARN] PackLoader:240 - Cannot read IP mode file for STMicroelectronics.X-CUBE-ALGOBUILD.1.4.0
2025-10-11 17:17:37,671 [WARN] PackLoader:240 - Cannot read IP mode file for STMicroelectronics.X-CUBE-MEMS1.11.3.0
2025-10-11 17:17:37,744 [WARN] PackLoader:240 - Cannot read IP mode file for STMicroelectronics.X-CUBE-PM33A1.1.0.0
2025-10-11 17:17:37,757 [WARN] PackLoader:240 - Cannot read IP mode file for STMicroelectronics.X-CUBE-AZRTOS-F4.1.1.0
2025-10-11 17:17:37,762 [WARN] PackLoader:240 - Cannot read IP mode file for STMicroelectronics.X-CUBE-ISPU.2.1.0
2025-10-11 17:17:37,766 [WARN] PackLoader:240 - Cannot read IP mode file for STMicroelectronics.X-CUBE-NFC12.1.0.0
2025-10-11 17:17:37,779 [WARN] PackLoader:240 - Cannot read IP mode file for STMicroelectronics.X-CUBE-AZRTOS-L5.2.0.0
2025-10-11 17:17:37,787 [WARN] PackLoader:240 - Cannot read IP mode file for STMicroelectronics.X-CUBE-NFC6.3.1.0
2025-10-11 17:17:37,793 [WARN] PackLoader:240 - Cannot read IP mode file for STMicroelectronics.X-CUBE-FREERTOS.1.3.1
2025-10-11 17:17:37,797 [WARN] PackLoader:240 - Cannot read IP mode file for STMicroelectronics.X-CUBE-TOUCHGFX.4.26.0
2025-10-11 17:17:37,801 [WARN] PackLoader:240 - Cannot read IP mode file for STMicroelectronics.FP-SNS-STAIOTCFT.1.0.0
2025-10-11 17:17:37,805 [WARN] PackLoader:240 - Cannot read IP mode file for STMicroelectronics.X-CUBE-DPower.1.3.0
2025-10-11 17:17:37,818 [WARN] ConditionMgr:438 - getConditionDescription Invalid condition id : LAN8742 Phy interface Condition cause : null
2025-10-11 17:17:37,818 [WARN] PackLoader:240 - Cannot read IP mode file for STMicroelectronics.X-CUBE-AZRTOS-L4.2.0.0
2025-10-11 17:17:37,819 [WARN] ConditionMgr:1044 - genDependencies : Invalid condition id : LAN8742 Phy interface Condition cause : null
2025-10-11 17:17:37,820 [WARN] ConditionMgr:1044 - genDependencies : Invalid condition id : LAN8742 Phy interface Condition cause : null
2025-10-11 17:17:37,820 [WARN] ConditionMgr:1044 - genDependencies : Invalid condition id : LAN8742 Phy interface Condition cause : null
2025-10-11 17:17:37,826 [WARN] PackLoader:240 - Cannot read IP mode file for STMicroelectronics.X-CUBE-SFXS2LP1.4.0.0
2025-10-11 17:17:37,834 [WARN] PackLoader:240 - Cannot read IP mode file for STMicroelectronics.X-CUBE-BLEMGR.4.1.0
2025-10-11 17:17:37,844 [WARN] ConditionMgr:438 - getConditionDescription Invalid condition id : UX DEVICE CLASS RTOS Condition cause : null
2025-10-11 17:17:37,845 [WARN] ConditionMgr:438 - getConditionDescription Invalid condition id : UX DEVICE CLASS RTOS Condition cause : null
2025-10-11 17:17:37,846 [WARN] PackLoader:240 - Cannot read IP mode file for STMicroelectronics.X-CUBE-AZRTOS-WB.2.0.0
2025-10-11 17:17:37,847 [WARN] ConditionMgr:1044 - genDependencies : Invalid condition id : UX DEVICE CLASS RTOS Condition cause : null
2025-10-11 17:17:37,847 [WARN] ConditionMgr:1044 - genDependencies : Invalid condition id : UX DEVICE CLASS RTOS Condition cause : null
2025-10-11 17:17:37,847 [WARN] ConditionMgr:1044 - genDependencies : Invalid condition id : UX DEVICE CLASS RTOS Condition cause : null
2025-10-11 17:17:37,847 [WARN] ConditionMgr:1044 - genDependencies : Invalid condition id : UX DEVICE CLASS RTOS Condition cause : null
2025-10-11 17:17:37,847 [WARN] ConditionMgr:1044 - genDependencies : Invalid condition id : UX DEVICE CLASS RTOS Condition cause : null
2025-10-11 17:17:37,851 [WARN] PackLoader:240 - Cannot read IP mode file for STMicroelectronics.X-CUBE-GNSS1.7.0.1
2025-10-11 17:17:37,854 [WARN] ConditionMgr:438 - getConditionDescription Invalid condition id : Cortex-A Device cause : null
2025-10-11 17:17:37,864 [WARN] ConditionMgr:1044 - genDependencies : Invalid condition id : Cortex-A Device cause : null
2025-10-11 17:17:37,864 [WARN] ConditionMgr:1044 - genDependencies : Invalid condition id : Cortex-A Device cause : null
2025-10-11 17:17:37,865 [WARN] ConditionMgr:1044 - genDependencies : Invalid condition id : Cortex-A Device cause : null
2025-10-11 17:17:37,870 [WARN] PackLoader:240 - Cannot read IP mode file for STMicroelectronics.X-CUBE-SUBG2.5.0.0
2025-10-11 17:17:37,883 [WARN] PackLoader:240 - Cannot read IP mode file for STMicroelectronics.X-CUBE-AZRTOS-H7RS.1.1.0
2025-10-11 17:17:37,891 [WARN] PackLoader:240 - Cannot read IP mode file for STMicroelectronics.X-CUBE-AZRTOS-G4.2.0.0
2025-10-11 17:17:37,894 [WARN] PackLoader:240 - Cannot read IP mode file for wolfSSL.I-CUBE-wolfSSH.1.4.20
2025-10-11 17:17:37,896 [WARN] PackLoader:240 - Cannot read IP mode file for STMicroelectronics.X-CUBE-NFC7.2.0.0
2025-10-11 17:17:37,903 [WARN] PackLoader:240 - Cannot read IP mode file for STMicroelectronics.X-CUBE-IPS.3.1.0
2025-10-11 17:17:37,908 [WARN] PackLoader:240 - Cannot read IP mode file for STMicroelectronics.X-CUBE-ALS.1.0.2
2025-10-11 17:17:37,911 [WARN] PackLoader:240 - Cannot read IP mode file for STMicroelectronics.X-CUBE-STSE01.1.0.0
2025-10-11 17:17:37,918 [WARN] PackLoader:240 - Cannot read IP mode file for STMicroelectronics.X-CUBE-TOF1.3.4.3
2025-10-11 17:17:37,925 [INFO] ThirdParty:978 - Integrity check success = true
2025-10-11 17:17:37,925 [INFO] IntegrityCheckThread:100 - exiting critical section [integrity check]
2025-10-11 17:17:37,925 [INFO] IntegrityCheckThread:103 - End integrity checks thread
2025-10-11 18:09:09,104 [INFO] WebApp:194 - Connection lost
2025-10-11 18:09:16,371 [INFO] WebApp:191 - Connection restablished
2025-10-11 18:16:23,621 [ERROR] LogOutputStream:75 - [STDERR_REDIRECT] 
2025-10-11 18:17:31,614 [INFO] Activator:176 - 


2025-10-11 18:17:31,615 [INFO] Activator:177 - !SESSION log4j initialized
2025-10-11 18:17:34,446 [INFO] LogOutputStream:77 - [STDOUT_REDIRECT] 
2025-10-11 18:17:34,923 [INFO] ApplicationProperties:184 - Using Application install path: /home/traian/st/stm32cubeide_1.19.0/plugins/com.st.stm32cube.common.mx_6.15.0.202507011659
2025-10-11 18:17:34,936 [INFO] DbMcusXml:78 - Set database path to: /home/traian/st/stm32cubeide_1.19.0/plugins/com.st.stm32cube.common.mx_6.15.0.202507011659//db//mcu/
2025-10-11 18:17:34,936 [INFO] ApiDb:274 - Set plugin database path to: /home/traian/st/stm32cubeide_1.19.0/plugins/com.st.stm32cube.common.mx_6.15.0.202507011659//db//plugins/boardmanager/
2025-10-11 18:17:34,936 [WARN] ApiDb:259 - Overriding images path with different value:  => /home/traian/st/stm32cubeide_1.19.0/plugins/com.st.stm32cube.common.mx_6.15.0.202507011659//db//plugins/mcufinder/images/
2025-10-11 18:17:34,939 [INFO] ApiDb:250 - Set database path to: /home/traian/.stmcufinder/plugins/mcufinder//mcu/
2025-10-11 18:17:34,940 [INFO] DbMcusAds:125 - Set database path to: /home/traian/.stmcufinder/plugins/mcufinder//mcu/
2025-10-11 18:17:34,942 [INFO] CrossReferenceDbSqlite:203 - Set database path to: /home/traian/.stmcufinder/plugins/mcufinder//mcu/cs/
2025-10-11 18:17:35,048 [INFO] RulesReader:64 - Compatibility file has been processed (317 Rules)
2025-10-11 18:17:35,113 [INFO] DbMcusXml:78 - Set database path to: /home/traian/st/stm32cubeide_1.19.0/plugins/com.st.stm32cube.common.mx_6.15.0.202507011659//db//mcu/
2025-10-11 18:17:35,113 [INFO] ApiDb:274 - Set plugin database path to: /home/traian/st/stm32cubeide_1.19.0/plugins/com.st.stm32cube.common.mx_6.15.0.202507011659//db//plugins/boardmanager/
2025-10-11 18:17:35,114 [INFO] ApiDb:261 - Set plugin images path to: /home/traian/st/stm32cubeide_1.19.0/plugins/com.st.stm32cube.common.mx_6.15.0.202507011659//db//plugins/mcufinder/images/
2025-10-11 18:17:35,114 [WARN] DbFile:41 - Overriding database path with different value: /home/traian/.stmcufinder/plugins/mcufinder/ => /home/traian/.stmcufinder/plugins/mcufinder
2025-10-11 18:17:35,115 [INFO] ApiDb:250 - Set database path to: /home/traian/.stmcufinder/plugins/mcufinder//mcu/
2025-10-11 18:17:35,115 [WARN] DbFile:41 - Overriding database path with different value: /home/traian/.stmcufinder/plugins/mcufinder/ => /home/traian/.stmcufinder/plugins/mcufinder
2025-10-11 18:17:35,116 [INFO] DbMcusAds:125 - Set database path to: /home/traian/.stmcufinder/plugins/mcufinder//mcu/
2025-10-11 18:17:35,116 [WARN] DbFile:41 - Overriding database path with different value: /home/traian/.stmcufinder/plugins/mcufinder/ => /home/traian/.stmcufinder/plugins/mcufinder
2025-10-11 18:17:35,116 [WARN] DbFile:41 - Overriding database path with different value: /home/traian/.stmcufinder/plugins/mcufinder/ => /home/traian/.stmcufinder/plugins/mcufinder
2025-10-11 18:17:35,117 [INFO] CrossReferenceDbSqlite:203 - Set database path to: /home/traian/.stmcufinder/plugins/mcufinder//mcu/cs/
2025-10-11 18:17:35,160 [INFO] MainPanel:274 - HeapMemory: 268435456
2025-10-11 18:17:35,244 [INFO] DbMcusXml:78 - Set database path to: /home/traian/st/stm32cubeide_1.19.0/plugins/com.st.stm32cube.common.mx_6.15.0.202507011659//db//mcu/
2025-10-11 18:17:35,244 [INFO] ApiDb:274 - Set plugin database path to: /home/traian/st/stm32cubeide_1.19.0/plugins/com.st.stm32cube.common.mx_6.15.0.202507011659//db//plugins/boardmanager/
2025-10-11 18:17:35,244 [INFO] ApiDb:261 - Set plugin images path to: /home/traian/st/stm32cubeide_1.19.0/plugins/com.st.stm32cube.common.mx_6.15.0.202507011659//db//plugins/mcufinder/images/
2025-10-11 18:17:35,244 [WARN] DbFile:41 - Overriding database path with different value: /home/traian/.stmcufinder/plugins/mcufinder/ => /home/traian/.stmcufinder/plugins/mcufinder
2025-10-11 18:17:35,244 [INFO] ApiDb:250 - Set database path to: /home/traian/.stmcufinder/plugins/mcufinder//mcu/
2025-10-11 18:17:35,244 [WARN] DbFile:41 - Overriding database path with different value: /home/traian/.stmcufinder/plugins/mcufinder/ => /home/traian/.stmcufinder/plugins/mcufinder
2025-10-11 18:17:35,244 [INFO] DbMcusAds:125 - Set database path to: /home/traian/.stmcufinder/plugins/mcufinder//mcu/
2025-10-11 18:17:35,244 [WARN] DbFile:41 - Overriding database path with different value: /home/traian/.stmcufinder/plugins/mcufinder/ => /home/traian/.stmcufinder/plugins/mcufinder
2025-10-11 18:17:35,244 [WARN] DbFile:41 - Overriding database path with different value: /home/traian/.stmcufinder/plugins/mcufinder/ => /home/traian/.stmcufinder/plugins/mcufinder
2025-10-11 18:17:35,244 [INFO] CrossReferenceDbSqlite:203 - Set database path to: /home/traian/.stmcufinder/plugins/mcufinder//mcu/cs/
2025-10-11 18:17:35,254 [INFO] ApplicationProperties:184 - Using Application install path: /home/traian/st/stm32cubeide_1.19.0/plugins/com.st.stm32cube.common.mx_6.15.0.202507011659
2025-10-11 18:17:35,255 [INFO] PluginManage:196 - Search for loadable plugins [exclusion list=, ]
2025-10-11 18:17:35,255 [INFO] PluginManage:310 - Check plugin analytics
2025-10-11 18:17:35,346 [INFO] AnalyticsPlugin:253 - Accepted Software Licenses: 
2025-10-11 18:17:35,346 [INFO] AnalyticsPlugin:255 - Accepted CMSIS Pack Licenses: 
2025-10-11 18:17:35,346 [INFO] AnalyticsPlugin:257 - Accepted Firmware Licenses: FW.U5.1.8.0
2025-10-11 18:17:35,348 [INFO] PluginManage:359 - Loaded plugin analytics (category:tool,tabindex:-1)
2025-10-11 18:17:35,348 [INFO] PluginManage:310 - Check plugin cadmodel
2025-10-11 18:17:35,352 [INFO] CADModel:105 - Init CAD model plugin
2025-10-11 18:17:35,352 [INFO] PluginManage:359 - Loaded plugin cadmodel (category:power,tabindex:5)
2025-10-11 18:17:35,352 [INFO] PluginManage:310 - Check plugin clock
2025-10-11 18:17:35,358 [INFO] PluginManage:359 - Loaded plugin clock (category:base,tabindex:2)
2025-10-11 18:17:35,358 [INFO] PluginManage:310 - Check plugin ddr
2025-10-11 18:17:35,360 [INFO] PluginManage:359 - Loaded plugin ddr (category:tool,tabindex:6)
2025-10-11 18:17:35,360 [INFO] PluginManage:310 - Check plugin filemanager
2025-10-11 18:17:35,468 [INFO] PluginManage:359 - Loaded plugin filemanager (category:base,tabindex:10)
2025-10-11 18:17:35,468 [INFO] PluginManage:310 - Check plugin ipmanager
2025-10-11 18:17:35,471 [INFO] PluginManage:359 - Loaded plugin ipmanager (category:base,tabindex:5)
2025-10-11 18:17:35,472 [INFO] PluginManage:310 - Check plugin lpbam
2025-10-11 18:17:35,478 [INFO] PluginManage:359 - Loaded plugin lpbam (category:base,tabindex:0)
2025-10-11 18:17:35,479 [INFO] PluginManage:310 - Check plugin memorymap
2025-10-11 18:17:35,487 [INFO] PluginManage:359 - Loaded plugin memorymap (category:base,tabindex:4)
2025-10-11 18:17:35,488 [INFO] PluginManage:310 - Check plugin pinoutandconfiguration
2025-10-11 18:17:35,493 [INFO] PluginManage:359 - Loaded plugin pinoutandconfiguration (category:base,tabindex:1)
2025-10-11 18:17:35,493 [INFO] PluginManage:310 - Check plugin pinoutconfig
2025-10-11 18:17:35,551 [WARN] SupportedApi:132 - Cannot load RTOS API schema: s4s-elt-must-match.1: The content of 'definitions' must match (annotation?, (simpleType | complexType)?, (unique | key | keyref)*)). A problem was found starting at: attribute.
2025-10-11 18:17:35,629 [INFO] PluginManage:359 - Loaded plugin pinoutconfig (category:base,tabindex:0)
2025-10-11 18:17:35,629 [INFO] PluginManage:310 - Check plugin power
2025-10-11 18:17:35,635 [INFO] PluginManage:359 - Loaded plugin power (category:power,tabindex:4)
2025-10-11 18:17:35,635 [INFO] PluginManage:310 - Check plugin projectmanager
2025-10-11 18:17:35,646 [INFO] PluginManage:359 - Loaded plugin projectmanager (category:projectmanager,tabindex:4)
2025-10-11 18:17:35,646 [INFO] PluginManage:310 - Check plugin rif
2025-10-11 18:17:35,652 [INFO] PluginManage:359 - Loaded plugin rif (category:base,tabindex:3)
2025-10-11 18:17:35,653 [INFO] PluginManage:310 - Check plugin thirdparty
2025-10-11 18:17:35,722 [INFO] PluginManage:359 - Loaded plugin thirdparty (category:base,tabindex:-1)
2025-10-11 18:17:35,722 [INFO] PluginManage:310 - Check plugin tools
2025-10-11 18:17:35,722 [WARN] IntegrityCheckThread:84 - waiting for thirdparty lock release [integrity check]
2025-10-11 18:17:35,722 [INFO] IntegrityCheckThread:86 - entering critical section [integrity check]
2025-10-11 18:17:35,722 [INFO] ThirdPartyUpdaterWithRetryManager:70 - Updater plugin not ready yet. [1/15]
2025-10-11 18:17:35,723 [INFO] PluginManage:359 - Loaded plugin tools (category:base,tabindex:7)
2025-10-11 18:17:35,724 [INFO] PluginManage:310 - Check plugin tutovideos
2025-10-11 18:17:35,855 [INFO] PluginManage:359 - Loaded plugin tutovideos (category:base,tabindex:-1)
2025-10-11 18:17:35,855 [INFO] PluginManage:310 - Check plugin updater
2025-10-11 18:17:35,869 [INFO] PluginManage:359 - Loaded plugin updater (category:base,tabindex:12)
2025-10-11 18:17:35,869 [INFO] PluginManage:310 - Check plugin userauth
2025-10-11 18:17:35,872 [INFO] UserAuth:118 - Init User Auth plugin
2025-10-11 18:17:35,872 [INFO] PluginManage:359 - Loaded plugin userauth (category:base,tabindex:14)
2025-10-11 18:17:35,873 [INFO] PluginManage:283 - PluginManage : Loaded plugins [18]
2025-10-11 18:17:35,975 [INFO] PinOutPanel:1589 - setPackage(No Configuration,No Configuration)
2025-10-11 18:17:36,013 [INFO] CADModel:165 - CPN selected for project level
2025-10-11 18:17:36,014 [INFO] CADModel:114 - Register for checkConnection events
2025-10-11 18:17:36,021 [INFO] IPUIPlugin:80 - create IPUIPlugin
2025-10-11 18:17:36,022 [INFO] PluginManager:220 - loadIPPluginJar : add i2c
2025-10-11 18:17:36,023 [INFO] IPUIPlugin:80 - create IPUIPlugin
2025-10-11 18:17:36,023 [INFO] PluginManager:220 - loadIPPluginJar : add i2s
2025-10-11 18:17:36,026 [INFO] IPUIPlugin:80 - create IPUIPlugin
2025-10-11 18:17:36,026 [INFO] PluginManager:220 - loadIPPluginJar : add resmgrutility
2025-10-11 18:17:36,027 [INFO] IPUIPlugin:80 - create IPUIPlugin
2025-10-11 18:17:36,027 [INFO] PluginManager:220 - loadIPPluginJar : add hash
2025-10-11 18:17:36,029 [INFO] IPUIPlugin:80 - create IPUIPlugin
2025-10-11 18:17:36,029 [INFO] PluginManager:220 - loadIPPluginJar : add usbx
2025-10-11 18:17:36,034 [INFO] IPUIPlugin:80 - create IPUIPlugin
2025-10-11 18:17:36,035 [INFO] PluginManager:220 - loadIPPluginJar : add plateformsettings
2025-10-11 18:17:36,036 [INFO] IPUIPlugin:80 - create IPUIPlugin
2025-10-11 18:17:36,037 [INFO] PluginManager:220 - loadIPPluginJar : add dma3
2025-10-11 18:17:36,039 [INFO] IPUIPlugin:80 - create IPUIPlugin
2025-10-11 18:17:36,039 [INFO] PluginManager:220 - loadIPPluginJar : add ddr_ctrl_phy
2025-10-11 18:17:36,039 [INFO] IPUIPlugin:80 - create IPUIPlugin
2025-10-11 18:17:36,039 [INFO] PluginManager:220 - loadIPPluginJar : add quadspi
2025-10-11 18:17:36,040 [INFO] IPUIPlugin:80 - create IPUIPlugin
2025-10-11 18:17:36,040 [INFO] PluginManager:220 - loadIPPluginJar : add ltdc
2025-10-11 18:17:36,041 [INFO] IPUIPlugin:80 - create IPUIPlugin
2025-10-11 18:17:36,041 [INFO] PluginManager:220 - loadIPPluginJar : add opamp
2025-10-11 18:17:36,042 [INFO] IPUIPlugin:80 - create IPUIPlugin
2025-10-11 18:17:36,042 [INFO] PluginManager:220 - loadIPPluginJar : add tim
2025-10-11 18:17:36,044 [INFO] IPUIPlugin:80 - create IPUIPlugin
2025-10-11 18:17:36,044 [INFO] PluginManager:220 - loadIPPluginJar : add ipddr
2025-10-11 18:17:36,045 [INFO] IPUIPlugin:80 - create IPUIPlugin
2025-10-11 18:17:36,045 [INFO] PluginManager:220 - loadIPPluginJar : add fatfs
2025-10-11 18:17:36,048 [INFO] IPUIPlugin:80 - create IPUIPlugin
2025-10-11 18:17:36,048 [INFO] PluginManager:220 - loadIPPluginJar : add adc
2025-10-11 18:17:36,050 [INFO] IPUIPlugin:80 - create IPUIPlugin
2025-10-11 18:17:36,050 [INFO] PluginManager:220 - loadIPPluginJar : add dfsdm
2025-10-11 18:17:36,052 [INFO] IPUIPlugin:80 - create IPUIPlugin
2025-10-11 18:17:36,052 [INFO] PluginManager:220 - loadIPPluginJar : add nvic
2025-10-11 18:17:36,053 [INFO] IPUIPlugin:80 - create IPUIPlugin
2025-10-11 18:17:36,053 [INFO] PluginManager:220 - loadIPPluginJar : add sai
2025-10-11 18:17:36,055 [INFO] IPUIPlugin:80 - create IPUIPlugin
2025-10-11 18:17:36,055 [INFO] PluginManager:220 - loadIPPluginJar : add touchsensing
2025-10-11 18:17:36,056 [INFO] IPUIPlugin:80 - create IPUIPlugin
2025-10-11 18:17:36,056 [INFO] PluginManager:220 - loadIPPluginJar : add comp
2025-10-11 18:17:36,057 [INFO] IPUIPlugin:80 - create IPUIPlugin
2025-10-11 18:17:36,057 [INFO] PluginManager:220 - loadIPPluginJar : add aes
2025-10-11 18:17:36,060 [INFO] IPUIPlugin:80 - create IPUIPlugin
2025-10-11 18:17:36,061 [INFO] PluginManager:220 - loadIPPluginJar : add freertos
2025-10-11 18:17:36,061 [INFO] IPUIPlugin:80 - create IPUIPlugin
2025-10-11 18:17:36,062 [INFO] PluginManager:220 - loadIPPluginJar : add radio
2025-10-11 18:17:36,062 [INFO] IPUIPlugin:80 - create IPUIPlugin
2025-10-11 18:17:36,063 [INFO] PluginManager:220 - loadIPPluginJar : add tracer_emb
2025-10-11 18:17:36,064 [INFO] IPUIPlugin:80 - create IPUIPlugin
2025-10-11 18:17:36,064 [INFO] PluginManager:220 - loadIPPluginJar : add cryp
2025-10-11 18:17:36,065 [INFO] IPUIPlugin:80 - create IPUIPlugin
2025-10-11 18:17:36,065 [INFO] PluginManager:220 - loadIPPluginJar : add can
2025-10-11 18:17:36,069 [INFO] IPUIPlugin:80 - create IPUIPlugin
2025-10-11 18:17:36,069 [INFO] PluginManager:220 - loadIPPluginJar : add mdma
2025-10-11 18:17:36,073 [INFO] IPUIPlugin:80 - create IPUIPlugin
2025-10-11 18:17:36,073 [INFO] PluginManager:220 - loadIPPluginJar : add dma
2025-10-11 18:17:36,077 [INFO] IPUIPlugin:80 - create IPUIPlugin
2025-10-11 18:17:36,078 [INFO] PluginManager:220 - loadIPPluginJar : add linkedlist
2025-10-11 18:17:36,079 [INFO] IPUIPlugin:80 - create IPUIPlugin
2025-10-11 18:17:36,079 [INFO] PluginManager:220 - loadIPPluginJar : add pdm2pcm
2025-10-11 18:17:36,082 [INFO] IPUIPlugin:80 - create IPUIPlugin
2025-10-11 18:17:36,082 [INFO] PluginManager:220 - loadIPPluginJar : add gpio
2025-10-11 18:17:36,084 [INFO] IPUIPlugin:80 - create IPUIPlugin
2025-10-11 18:17:36,084 [INFO] PluginManager:220 - loadIPPluginJar : add extmemmanager
2025-10-11 18:17:36,086 [INFO] IPUIPlugin:80 - create IPUIPlugin
2025-10-11 18:17:36,086 [INFO] PluginManager:220 - loadIPPluginJar : add gic
2025-10-11 18:17:36,087 [INFO] IPUIPlugin:80 - create IPUIPlugin
2025-10-11 18:17:36,088 [INFO] PluginManager:220 - loadIPPluginJar : add lorawan
2025-10-11 18:17:36,088 [INFO] IPUIPlugin:80 - create IPUIPlugin
2025-10-11 18:17:36,089 [INFO] PluginManager:220 - loadIPPluginJar : add tsc
2025-10-11 18:17:36,090 [INFO] IPUIPlugin:80 - create IPUIPlugin
2025-10-11 18:17:36,090 [INFO] PluginManager:220 - loadIPPluginJar : add spi
2025-10-11 18:17:36,093 [INFO] IPUIPlugin:80 - create IPUIPlugin
2025-10-11 18:17:36,093 [INFO] PluginManager:220 - loadIPPluginJar : add stm32_wpan
2025-10-11 18:17:36,094 [INFO] IPUIPlugin:80 - create IPUIPlugin
2025-10-11 18:17:36,094 [INFO] PluginManager:220 - loadIPPluginJar : add openamp
2025-10-11 18:17:36,095 [INFO] IPUIPlugin:80 - create IPUIPlugin
2025-10-11 18:17:36,095 [INFO] PluginManager:220 - loadIPPluginJar : add ts
2025-10-11 18:17:36,097 [INFO] IPUIPlugin:80 - create IPUIPlugin
2025-10-11 18:17:36,097 [INFO] PluginManager:220 - loadIPPluginJar : add gtzc
2025-10-11 18:17:36,098 [INFO] IPUIPlugin:80 - create IPUIPlugin
2025-10-11 18:17:36,098 [INFO] PluginManager:220 - loadIPPluginJar : add i3c
2025-10-11 18:17:36,099 [INFO] IPUIPlugin:80 - create IPUIPlugin
2025-10-11 18:17:36,099 [INFO] PluginManager:220 - loadIPPluginJar : add genericplugin
2025-10-11 18:17:36,100 [INFO] IPUIPlugin:80 - create IPUIPlugin
2025-10-11 18:17:36,100 [INFO] PluginManager:220 - loadIPPluginJar : add gfxmmu
2025-10-11 18:17:36,102 [INFO] IPUIPlugin:80 - create IPUIPlugin
2025-10-11 18:17:36,102 [INFO] PluginManager:220 - loadIPPluginJar : add usart
2025-10-11 18:17:36,102 [INFO] IPUIPlugin:80 - create IPUIPlugin
2025-10-11 18:17:36,102 [INFO] PluginManager:220 - loadIPPluginJar : add ucpd
2025-10-11 18:17:36,105 [INFO] IPUIPlugin:80 - create IPUIPlugin
2025-10-11 18:17:36,105 [INFO] PluginManager:220 - loadIPPluginJar : add fmc
2025-10-11 18:17:36,193 [FATAL] Updater:351 - Updater called before beeing initialized
2025-10-11 18:17:36,215 [INFO] RulesReader:64 - Compatibility file has been processed (317 Rules)
2025-10-11 18:17:36,235 [INFO] RulesReader:64 - Compatibility file has been processed (317 Rules)
2025-10-11 18:17:36,247 [INFO] CADModel:165 - CPN selected for project level
2025-10-11 18:17:36,247 [INFO] CADModel:114 - Register for checkConnection events
2025-10-11 18:17:36,247 [FATAL] Updater:351 - Updater called before beeing initialized
2025-10-11 18:17:36,247 [ERROR] CADModel:125 - Updater not yet initialized, retry later 
2025-10-11 18:17:36,341 [FATAL] Updater:351 - Updater called before beeing initialized
2025-10-11 18:17:36,343 [INFO] CADModel:165 - CPN selected for project level
2025-10-11 18:17:36,343 [INFO] CADModel:114 - Register for checkConnection events
2025-10-11 18:17:36,343 [FATAL] Updater:351 - Updater called before beeing initialized
2025-10-11 18:17:36,343 [ERROR] CADModel:125 - Updater not yet initialized, retry later 
2025-10-11 18:17:36,345 [FATAL] Updater:351 - Updater called before beeing initialized
2025-10-11 18:17:36,388 [FATAL] Updater:351 - Updater called before beeing initialized
2025-10-11 18:17:36,390 [INFO] DbMcusAds:53 - JSON generation date=Thu Oct 02 09:36:05 GMT 2025 (1759397765645)
2025-10-11 18:17:36,390 [FATAL] Updater:351 - Updater called before beeing initialized
2025-10-11 18:17:36,410 [WARN] DetailPanel:346 - Failed to get advertising image, set to default
2025-10-11 18:17:36,455 [FATAL] Updater:351 - Updater called before beeing initialized
2025-10-11 18:17:36,457 [FATAL] Updater:351 - Updater called before beeing initialized
2025-10-11 18:17:36,457 [FATAL] Updater:351 - Updater called before beeing initialized
2025-10-11 18:17:36,457 [WARN] DetailPanel:346 - Failed to get advertising image, set to default
2025-10-11 18:17:36,458 [FATAL] Updater:351 - Updater called before beeing initialized
2025-10-11 18:17:36,477 [ERROR] Updater:1198 - MainUpdater not yet initialized. External WinMGr cannot be set.
2025-10-11 18:17:36,478 [INFO] Updater:1134 - Updater Version found : 6.15.0
2025-10-11 18:17:36,491 [INFO] ApplicationProperties:184 - Using Application install path: /home/traian/st/stm32cubeide_1.19.0/plugins/com.st.stm32cube.common.mx_6.15.0.202507011659
2025-10-11 18:17:36,735 [INFO] MainUpdater:2872 - connection check result : 10
2025-10-11 18:17:36,735 [INFO] MainUpdater:289 - Updater Check For Update Now.
2025-10-11 18:17:36,735 [INFO] MicroXplorer:498 - Change Database Version : DB.6.0.150
2025-10-11 18:17:36,739 [INFO] McuFinderGlobals:63 - Set McuFinder mode to 2 (CubeIDE integrated)
2025-10-11 18:17:36,739 [INFO] UserAuth:487 - Internet connection configuration mode: 1
2025-10-11 18:17:36,753 [INFO] JxBrowserEngine:152 - Initiate JxBrowser Engine with user profile folder
2025-10-11 18:17:36,882 [INFO] CheckServerUpdateThread:120 - End of CheckServer Thread
2025-10-11 18:17:37,238 [INFO] WebApp:169 - Instantiating new browser for Auth
2025-10-11 18:17:37,654 [INFO] WebApp:463 - Apply proxy settings
2025-10-11 18:17:37,654 [INFO] WebApp:548 - Chromium requires no authentication
2025-10-11 18:17:37,661 [INFO] WebApp:491 - Direct internet connection detected
2025-10-11 18:17:37,673 [INFO] WebApp:900 - Register for checkConnection events
2025-10-11 18:17:37,673 [INFO] WebApp:463 - Apply proxy settings
2025-10-11 18:17:37,673 [INFO] WebApp:548 - Chromium requires no authentication
2025-10-11 18:17:37,673 [INFO] WebApp:491 - Direct internet connection detected
2025-10-11 18:17:37,771 [INFO] WebApp:225 - Starting web application
2025-10-11 18:17:37,771 [INFO] WebApp:593 - Web application path used /home/traian/st/stm32cubeide_1.19.0/plugins/com.st.stm32cube.common.mx_6.15.0.202507011659/db/plugins/mcufinder/reactClient1/index.html
2025-10-11 18:17:37,837 [INFO] UserAuth:487 - Internet connection configuration mode: 1
2025-10-11 18:17:38,221 [INFO] WebApp:191 - Connection restablished
2025-10-11 18:17:38,871 [WARN] PackLoader:240 - Cannot read IP mode file for STMicroelectronics.FP-SNS-MOTENVWB1.1.4.0
2025-10-11 18:17:38,875 [WARN] PackLoader:240 - Cannot read IP mode file for STMicroelectronics.FP-ATR-ASTRA1.2.0.2
2025-10-11 18:17:38,880 [WARN] PackLoader:240 - Cannot read IP mode file for STMicroelectronics.X-CUBE-SMBUS.2.1.0
2025-10-11 18:17:38,883 [WARN] PackLoader:240 - Cannot read IP mode file for STMicroelectronics.X-CUBE-ST60.1.0.0
2025-10-11 18:17:38,897 [WARN] PackLoader:240 - Cannot read IP mode file for STMicroelectronics.X-CUBE-AZRTOS-F7.1.1.0
2025-10-11 18:17:38,911 [WARN] PackLoader:240 - Cannot read IP mode file for Cesanta.I-CUBE-Mongoose.7.19.0
2025-10-11 18:17:38,918 [WARN] PackLoader:240 - Cannot read IP mode file for WES.I-CUBE-Cesium.1.4.0
2025-10-11 18:17:38,939 [WARN] PackLoader:240 - Cannot read IP mode file for Infineon.AIROC-Wi-Fi-Bluetooth-STM32.1.7.1
2025-10-11 18:17:38,983 [WARN] PackLoader:240 - Cannot read IP mode file for STMicroelectronics.X-CUBE-AZRTOS-H7.3.4.0
2025-10-11 18:17:38,994 [WARN] PackLoader:240 - Cannot read IP mode file for STMicroelectronics.X-CUBE-DISPLAY.3.0.0
2025-10-11 18:17:39,006 [WARN] PackLoader:240 - Cannot read IP mode file for STMicroelectronics.X-CUBE-NFC10.1.0.0
2025-10-11 18:17:39,009 [WARN] PackLoader:240 - Cannot read IP mode file for emotas.I-CUBE-CANOPEN.1.3.0
2025-10-11 18:17:39,013 [WARN] PackLoader:240 - Cannot read IP mode file for STMicroelectronics.FP-SNS-STBOX1.2.1.0
2025-10-11 18:17:39,016 [WARN] PackLoader:240 - Cannot read IP mode file for STMicroelectronics.FP-SNS-SMARTAG2.1.2.0
2025-10-11 18:17:39,018 [WARN] PackLoader:240 - Cannot read IP mode file for STMicroelectronics.FP-SNS-FLIGHT1.5.1.0
2025-10-11 18:17:39,023 [INFO] LogOutputStream:77 - [STDOUT_REDIRECT] 1 : Invalid condition id : UX_CORESTACK_Condition cause : null
2025-10-11 18:17:39,023 [INFO] LogOutputStream:77 - [STDOUT_REDIRECT] 1 : Invalid condition id : UX_CORESTACK_Condition cause : null
2025-10-11 18:17:39,023 [INFO] LogOutputStream:77 - [STDOUT_REDIRECT] 1 : Invalid condition id : UX_CORESTACK_Condition cause : null
2025-10-11 18:17:39,023 [INFO] LogOutputStream:77 - [STDOUT_REDIRECT] 1 : Invalid condition id : UX_CORESTACK_Condition cause : null
2025-10-11 18:17:39,024 [INFO] LogOutputStream:77 - [STDOUT_REDIRECT] 1 : Invalid condition id : UX_CORESTACK_Condition cause : null
2025-10-11 18:17:39,025 [WARN] PackLoader:240 - Cannot read IP mode file for STMicroelectronics.X-CUBE-AZRTOS-WL.2.0.0
2025-10-11 18:17:39,028 [WARN] PackLoader:240 - Cannot read IP mode file for STMicroelectronics.FP-SNS-MOTENV1.5.0.0
2025-10-11 18:17:39,031 [WARN] PackLoader:240 - Cannot read IP mode file for STMicroelectronics.X-CUBE-BLE2.3.3.0
2025-10-11 18:17:39,034 [WARN] PackLoader:240 - Cannot read IP mode file for STMicroelectronics.X-CUBE-NFC9.1.0.0
2025-10-11 18:17:39,037 [WARN] PackLoader:240 - Cannot read IP mode file for wolfSSL.I-CUBE-wolfSSL.5.8.2
2025-10-11 18:17:39,039 [WARN] PackLoader:240 - Cannot read IP mode file for STMicroelectronics.X-CUBE-BLE1.7.1.0
2025-10-11 18:17:39,041 [WARN] PackLoader:240 - Cannot read IP mode file for wolfSSL.I-CUBE-wolfMQTT.1.19.2
2025-10-11 18:17:39,044 [WARN] PackLoader:240 - Cannot read IP mode file for STMicroelectronics.X-CUBE-EEPRMA1.5.2.0
2025-10-11 18:17:39,052 [WARN] PackLoader:240 - Cannot read IP mode file for STMicroelectronics.X-CUBE-AZRTOS-G0.1.1.0
2025-10-11 18:17:39,056 [WARN] PackLoader:240 - Cannot read IP mode file for STMicroelectronics.X-CUBE-SAFEA1.1.2.2
2025-10-11 18:17:39,061 [WARN] PackLoader:240 - Cannot read IP mode file for STMicroelectronics.X-CUBE-NFC4.3.0.0
2025-10-11 18:17:39,068 [WARN] PackLoader:240 - Cannot read IP mode file for EmbeddedOffice.I-CUBE-FS-RTOS.1.0.1
2025-10-11 18:17:39,073 [WARN] PackLoader:240 - Cannot read IP mode file for STMicroelectronics.X-CUBE-WB05N.2.0.0
2025-10-11 18:17:39,077 [WARN] PackLoader:240 - Cannot read IP mode file for wolfSSL.I-CUBE-wolfTPM.3.8.0
2025-10-11 18:17:39,081 [WARN] PackLoader:240 - Cannot read IP mode file for STMicroelectronics.X-CUBE-TCPP.4.2.0
2025-10-11 18:17:39,086 [WARN] PackLoader:240 - Cannot read IP mode file for RealThread.X-CUBE-RT-Thread_Nano.4.1.1
2025-10-11 18:17:39,089 [WARN] PackLoader:240 - Cannot read IP mode file for STMicroelectronics.FP-ATR-SIGFOX1.3.2.0
2025-10-11 18:17:39,093 [WARN] PackLoader:240 - Cannot read IP mode file for ITTIA_DB.I-CUBE-ITTIADB.8.9.0
2025-10-11 18:17:39,098 [WARN] PackLoader:240 - Cannot read IP mode file for STMicroelectronics.X-CUBE-ST67W61.1.0.0
2025-10-11 18:17:39,101 [WARN] PackLoader:240 - Cannot read IP mode file for STMicroelectronics.X-CUBE-AI.10.2.0
2025-10-11 18:17:39,126 [WARN] PackLoader:240 - Cannot read IP mode file for SEGGER.I-CUBE-embOS.1.3.1
2025-10-11 18:17:39,159 [WARN] PackLoader:240 - Cannot read IP mode file for STMicroelectronics.X-CUBE-ALGOBUILD.1.4.0
2025-10-11 18:17:39,195 [WARN] PackLoader:240 - Cannot read IP mode file for STMicroelectronics.X-CUBE-MEMS1.11.3.0
2025-10-11 18:17:39,283 [WARN] PackLoader:240 - Cannot read IP mode file for STMicroelectronics.X-CUBE-PM33A1.1.0.0
2025-10-11 18:17:39,296 [WARN] PackLoader:240 - Cannot read IP mode file for STMicroelectronics.X-CUBE-AZRTOS-F4.1.1.0
2025-10-11 18:17:39,302 [WARN] PackLoader:240 - Cannot read IP mode file for STMicroelectronics.X-CUBE-ISPU.2.1.0
2025-10-11 18:17:39,307 [WARN] PackLoader:240 - Cannot read IP mode file for STMicroelectronics.X-CUBE-NFC12.1.0.0
2025-10-11 18:17:39,319 [WARN] PackLoader:240 - Cannot read IP mode file for STMicroelectronics.X-CUBE-AZRTOS-L5.2.0.0
2025-10-11 18:17:39,326 [WARN] PackLoader:240 - Cannot read IP mode file for STMicroelectronics.X-CUBE-NFC6.3.1.0
2025-10-11 18:17:39,330 [WARN] PackLoader:240 - Cannot read IP mode file for STMicroelectronics.X-CUBE-FREERTOS.1.3.1
2025-10-11 18:17:39,332 [WARN] PackLoader:240 - Cannot read IP mode file for STMicroelectronics.X-CUBE-TOUCHGFX.4.26.0
2025-10-11 18:17:39,336 [WARN] PackLoader:240 - Cannot read IP mode file for STMicroelectronics.FP-SNS-STAIOTCFT.1.0.0
2025-10-11 18:17:39,339 [WARN] PackLoader:240 - Cannot read IP mode file for STMicroelectronics.X-CUBE-DPower.1.3.0
2025-10-11 18:17:39,346 [WARN] ConditionMgr:438 - getConditionDescription Invalid condition id : LAN8742 Phy interface Condition cause : null
2025-10-11 18:17:39,346 [WARN] PackLoader:240 - Cannot read IP mode file for STMicroelectronics.X-CUBE-AZRTOS-L4.2.0.0
2025-10-11 18:17:39,347 [WARN] ConditionMgr:1044 - genDependencies : Invalid condition id : LAN8742 Phy interface Condition cause : null
2025-10-11 18:17:39,347 [WARN] ConditionMgr:1044 - genDependencies : Invalid condition id : LAN8742 Phy interface Condition cause : null
2025-10-11 18:17:39,348 [WARN] ConditionMgr:1044 - genDependencies : Invalid condition id : LAN8742 Phy interface Condition cause : null
2025-10-11 18:17:39,352 [WARN] PackLoader:240 - Cannot read IP mode file for STMicroelectronics.X-CUBE-SFXS2LP1.4.0.0
2025-10-11 18:17:39,358 [WARN] PackLoader:240 - Cannot read IP mode file for STMicroelectronics.X-CUBE-BLEMGR.4.1.0
2025-10-11 18:17:39,363 [WARN] ConditionMgr:438 - getConditionDescription Invalid condition id : UX DEVICE CLASS RTOS Condition cause : null
2025-10-11 18:17:39,364 [WARN] ConditionMgr:438 - getConditionDescription Invalid condition id : UX DEVICE CLASS RTOS Condition cause : null
2025-10-11 18:17:39,364 [WARN] PackLoader:240 - Cannot read IP mode file for STMicroelectronics.X-CUBE-AZRTOS-WB.2.0.0
2025-10-11 18:17:39,365 [WARN] ConditionMgr:1044 - genDependencies : Invalid condition id : UX DEVICE CLASS RTOS Condition cause : null
2025-10-11 18:17:39,365 [WARN] ConditionMgr:1044 - genDependencies : Invalid condition id : UX DEVICE CLASS RTOS Condition cause : null
2025-10-11 18:17:39,365 [WARN] ConditionMgr:1044 - genDependencies : Invalid condition id : UX DEVICE CLASS RTOS Condition cause : null
2025-10-11 18:17:39,365 [WARN] ConditionMgr:1044 - genDependencies : Invalid condition id : UX DEVICE CLASS RTOS Condition cause : null
2025-10-11 18:17:39,365 [WARN] ConditionMgr:1044 - genDependencies : Invalid condition id : UX DEVICE CLASS RTOS Condition cause : null
2025-10-11 18:17:39,368 [WARN] PackLoader:240 - Cannot read IP mode file for STMicroelectronics.X-CUBE-GNSS1.7.0.1
2025-10-11 18:17:39,369 [WARN] ConditionMgr:438 - getConditionDescription Invalid condition id : Cortex-A Device cause : null
2025-10-11 18:17:39,376 [WARN] ConditionMgr:1044 - genDependencies : Invalid condition id : Cortex-A Device cause : null
2025-10-11 18:17:39,376 [WARN] ConditionMgr:1044 - genDependencies : Invalid condition id : Cortex-A Device cause : null
2025-10-11 18:17:39,377 [WARN] ConditionMgr:1044 - genDependencies : Invalid condition id : Cortex-A Device cause : null
2025-10-11 18:17:39,383 [WARN] PackLoader:240 - Cannot read IP mode file for STMicroelectronics.X-CUBE-SUBG2.5.0.0
2025-10-11 18:17:39,402 [WARN] PackLoader:240 - Cannot read IP mode file for STMicroelectronics.X-CUBE-AZRTOS-H7RS.1.1.0
2025-10-11 18:17:39,413 [WARN] PackLoader:240 - Cannot read IP mode file for STMicroelectronics.X-CUBE-AZRTOS-G4.2.0.0
2025-10-11 18:17:39,415 [WARN] PackLoader:240 - Cannot read IP mode file for wolfSSL.I-CUBE-wolfSSH.1.4.20
2025-10-11 18:17:39,417 [WARN] PackLoader:240 - Cannot read IP mode file for STMicroelectronics.X-CUBE-NFC7.2.0.0
2025-10-11 18:17:39,436 [WARN] PackLoader:240 - Cannot read IP mode file for STMicroelectronics.X-CUBE-IPS.3.1.0
2025-10-11 18:17:39,444 [WARN] PackLoader:240 - Cannot read IP mode file for STMicroelectronics.X-CUBE-ALS.1.0.2
2025-10-11 18:17:39,448 [WARN] PackLoader:240 - Cannot read IP mode file for STMicroelectronics.X-CUBE-STSE01.1.0.0
2025-10-11 18:17:39,455 [WARN] PackLoader:240 - Cannot read IP mode file for STMicroelectronics.X-CUBE-TOF1.3.4.3
2025-10-11 18:17:39,462 [INFO] ThirdParty:978 - Integrity check success = true
2025-10-11 18:17:39,462 [INFO] IntegrityCheckThread:100 - exiting critical section [integrity check]
2025-10-11 18:17:39,462 [INFO] IntegrityCheckThread:103 - End integrity checks thread
2025-10-11 18:44:14,506 [ERROR] LogOutputStream:75 - [STDERR_REDIRECT] 
2025-10-11 18:45:32,549 [INFO] Activator:176 - 


2025-10-11 18:45:32,550 [INFO] Activator:177 - !SESSION log4j initialized
2025-10-11 18:45:35,275 [INFO] LogOutputStream:77 - [STDOUT_REDIRECT] 
2025-10-11 18:45:35,637 [INFO] ApplicationProperties:184 - Using Application install path: /home/traian/st/stm32cubeide_1.19.0/plugins/com.st.stm32cube.common.mx_6.15.0.202507011659
2025-10-11 18:45:35,649 [INFO] DbMcusXml:78 - Set database path to: /home/traian/st/stm32cubeide_1.19.0/plugins/com.st.stm32cube.common.mx_6.15.0.202507011659//db//mcu/
2025-10-11 18:45:35,649 [INFO] ApiDb:274 - Set plugin database path to: /home/traian/st/stm32cubeide_1.19.0/plugins/com.st.stm32cube.common.mx_6.15.0.202507011659//db//plugins/boardmanager/
2025-10-11 18:45:35,649 [WARN] ApiDb:259 - Overriding images path with different value:  => /home/traian/st/stm32cubeide_1.19.0/plugins/com.st.stm32cube.common.mx_6.15.0.202507011659//db//plugins/mcufinder/images/
2025-10-11 18:45:35,651 [INFO] ApiDb:250 - Set database path to: /home/traian/.stmcufinder/plugins/mcufinder//mcu/
2025-10-11 18:45:35,652 [INFO] DbMcusAds:125 - Set database path to: /home/traian/.stmcufinder/plugins/mcufinder//mcu/
2025-10-11 18:45:35,653 [INFO] CrossReferenceDbSqlite:203 - Set database path to: /home/traian/.stmcufinder/plugins/mcufinder//mcu/cs/
2025-10-11 18:45:35,721 [INFO] RulesReader:64 - Compatibility file has been processed (317 Rules)
2025-10-11 18:45:35,754 [INFO] DbMcusXml:78 - Set database path to: /home/traian/st/stm32cubeide_1.19.0/plugins/com.st.stm32cube.common.mx_6.15.0.202507011659//db//mcu/
2025-10-11 18:45:35,754 [INFO] ApiDb:274 - Set plugin database path to: /home/traian/st/stm32cubeide_1.19.0/plugins/com.st.stm32cube.common.mx_6.15.0.202507011659//db//plugins/boardmanager/
2025-10-11 18:45:35,754 [INFO] ApiDb:261 - Set plugin images path to: /home/traian/st/stm32cubeide_1.19.0/plugins/com.st.stm32cube.common.mx_6.15.0.202507011659//db//plugins/mcufinder/images/
2025-10-11 18:45:35,754 [WARN] DbFile:41 - Overriding database path with different value: /home/traian/.stmcufinder/plugins/mcufinder/ => /home/traian/.stmcufinder/plugins/mcufinder
2025-10-11 18:45:35,754 [INFO] ApiDb:250 - Set database path to: /home/traian/.stmcufinder/plugins/mcufinder//mcu/
2025-10-11 18:45:35,754 [WARN] DbFile:41 - Overriding database path with different value: /home/traian/.stmcufinder/plugins/mcufinder/ => /home/traian/.stmcufinder/plugins/mcufinder
2025-10-11 18:45:35,754 [INFO] DbMcusAds:125 - Set database path to: /home/traian/.stmcufinder/plugins/mcufinder//mcu/
2025-10-11 18:45:35,755 [WARN] DbFile:41 - Overriding database path with different value: /home/traian/.stmcufinder/plugins/mcufinder/ => /home/traian/.stmcufinder/plugins/mcufinder
2025-10-11 18:45:35,755 [WARN] DbFile:41 - Overriding database path with different value: /home/traian/.stmcufinder/plugins/mcufinder/ => /home/traian/.stmcufinder/plugins/mcufinder
2025-10-11 18:45:35,755 [INFO] CrossReferenceDbSqlite:203 - Set database path to: /home/traian/.stmcufinder/plugins/mcufinder//mcu/cs/
2025-10-11 18:45:35,790 [INFO] MainPanel:274 - HeapMemory: 268435456
2025-10-11 18:45:35,859 [INFO] DbMcusXml:78 - Set database path to: /home/traian/st/stm32cubeide_1.19.0/plugins/com.st.stm32cube.common.mx_6.15.0.202507011659//db//mcu/
2025-10-11 18:45:35,859 [INFO] ApiDb:274 - Set plugin database path to: /home/traian/st/stm32cubeide_1.19.0/plugins/com.st.stm32cube.common.mx_6.15.0.202507011659//db//plugins/boardmanager/
2025-10-11 18:45:35,859 [INFO] ApiDb:261 - Set plugin images path to: /home/traian/st/stm32cubeide_1.19.0/plugins/com.st.stm32cube.common.mx_6.15.0.202507011659//db//plugins/mcufinder/images/
2025-10-11 18:45:35,859 [WARN] DbFile:41 - Overriding database path with different value: /home/traian/.stmcufinder/plugins/mcufinder/ => /home/traian/.stmcufinder/plugins/mcufinder
2025-10-11 18:45:35,859 [INFO] ApiDb:250 - Set database path to: /home/traian/.stmcufinder/plugins/mcufinder//mcu/
2025-10-11 18:45:35,859 [WARN] DbFile:41 - Overriding database path with different value: /home/traian/.stmcufinder/plugins/mcufinder/ => /home/traian/.stmcufinder/plugins/mcufinder
2025-10-11 18:45:35,859 [INFO] DbMcusAds:125 - Set database path to: /home/traian/.stmcufinder/plugins/mcufinder//mcu/
2025-10-11 18:45:35,859 [WARN] DbFile:41 - Overriding database path with different value: /home/traian/.stmcufinder/plugins/mcufinder/ => /home/traian/.stmcufinder/plugins/mcufinder
2025-10-11 18:45:35,859 [WARN] DbFile:41 - Overriding database path with different value: /home/traian/.stmcufinder/plugins/mcufinder/ => /home/traian/.stmcufinder/plugins/mcufinder
2025-10-11 18:45:35,859 [INFO] CrossReferenceDbSqlite:203 - Set database path to: /home/traian/.stmcufinder/plugins/mcufinder//mcu/cs/
2025-10-11 18:45:35,869 [INFO] ApplicationProperties:184 - Using Application install path: /home/traian/st/stm32cubeide_1.19.0/plugins/com.st.stm32cube.common.mx_6.15.0.202507011659
2025-10-11 18:45:35,870 [INFO] PluginManage:196 - Search for loadable plugins [exclusion list=, ]
2025-10-11 18:45:35,870 [INFO] PluginManage:310 - Check plugin analytics
2025-10-11 18:45:35,949 [INFO] AnalyticsPlugin:253 - Accepted Software Licenses: 
2025-10-11 18:45:35,949 [INFO] AnalyticsPlugin:255 - Accepted CMSIS Pack Licenses: 
2025-10-11 18:45:35,949 [INFO] AnalyticsPlugin:257 - Accepted Firmware Licenses: FW.U5.1.8.0
2025-10-11 18:45:35,950 [INFO] PluginManage:359 - Loaded plugin analytics (category:tool,tabindex:-1)
2025-10-11 18:45:35,950 [INFO] PluginManage:310 - Check plugin cadmodel
2025-10-11 18:45:35,952 [INFO] CADModel:105 - Init CAD model plugin
2025-10-11 18:45:35,952 [INFO] PluginManage:359 - Loaded plugin cadmodel (category:power,tabindex:5)
2025-10-11 18:45:35,952 [INFO] PluginManage:310 - Check plugin clock
2025-10-11 18:45:35,956 [INFO] PluginManage:359 - Loaded plugin clock (category:base,tabindex:2)
2025-10-11 18:45:35,957 [INFO] PluginManage:310 - Check plugin ddr
2025-10-11 18:45:35,957 [INFO] PluginManage:359 - Loaded plugin ddr (category:tool,tabindex:6)
2025-10-11 18:45:35,958 [INFO] PluginManage:310 - Check plugin filemanager
2025-10-11 18:45:36,047 [INFO] PluginManage:359 - Loaded plugin filemanager (category:base,tabindex:10)
2025-10-11 18:45:36,047 [INFO] PluginManage:310 - Check plugin ipmanager
2025-10-11 18:45:36,050 [INFO] PluginManage:359 - Loaded plugin ipmanager (category:base,tabindex:5)
2025-10-11 18:45:36,050 [INFO] PluginManage:310 - Check plugin lpbam
2025-10-11 18:45:36,055 [INFO] PluginManage:359 - Loaded plugin lpbam (category:base,tabindex:0)
2025-10-11 18:45:36,055 [INFO] PluginManage:310 - Check plugin memorymap
2025-10-11 18:45:36,062 [INFO] PluginManage:359 - Loaded plugin memorymap (category:base,tabindex:4)
2025-10-11 18:45:36,063 [INFO] PluginManage:310 - Check plugin pinoutandconfiguration
2025-10-11 18:45:36,066 [INFO] PluginManage:359 - Loaded plugin pinoutandconfiguration (category:base,tabindex:1)
2025-10-11 18:45:36,067 [INFO] PluginManage:310 - Check plugin pinoutconfig
2025-10-11 18:45:36,112 [WARN] SupportedApi:132 - Cannot load RTOS API schema: s4s-elt-must-match.1: The content of 'definitions' must match (annotation?, (simpleType | complexType)?, (unique | key | keyref)*)). A problem was found starting at: attribute.
2025-10-11 18:45:36,184 [INFO] PluginManage:359 - Loaded plugin pinoutconfig (category:base,tabindex:0)
2025-10-11 18:45:36,184 [INFO] PluginManage:310 - Check plugin power
2025-10-11 18:45:36,189 [INFO] PluginManage:359 - Loaded plugin power (category:power,tabindex:4)
2025-10-11 18:45:36,189 [INFO] PluginManage:310 - Check plugin projectmanager
2025-10-11 18:45:36,199 [INFO] PluginManage:359 - Loaded plugin projectmanager (category:projectmanager,tabindex:4)
2025-10-11 18:45:36,199 [INFO] PluginManage:310 - Check plugin rif
2025-10-11 18:45:36,204 [INFO] PluginManage:359 - Loaded plugin rif (category:base,tabindex:3)
2025-10-11 18:45:36,204 [INFO] PluginManage:310 - Check plugin thirdparty
2025-10-11 18:45:36,270 [INFO] PluginManage:359 - Loaded plugin thirdparty (category:base,tabindex:-1)
2025-10-11 18:45:36,271 [INFO] PluginManage:310 - Check plugin tools
2025-10-11 18:45:36,270 [WARN] IntegrityCheckThread:84 - waiting for thirdparty lock release [integrity check]
2025-10-11 18:45:36,271 [INFO] IntegrityCheckThread:86 - entering critical section [integrity check]
2025-10-11 18:45:36,271 [INFO] ThirdPartyUpdaterWithRetryManager:70 - Updater plugin not ready yet. [1/15]
2025-10-11 18:45:36,272 [INFO] PluginManage:359 - Loaded plugin tools (category:base,tabindex:7)
2025-10-11 18:45:36,272 [INFO] PluginManage:310 - Check plugin tutovideos
2025-10-11 18:45:36,388 [INFO] PluginManage:359 - Loaded plugin tutovideos (category:base,tabindex:-1)
2025-10-11 18:45:36,388 [INFO] PluginManage:310 - Check plugin updater
2025-10-11 18:45:36,401 [INFO] PluginManage:359 - Loaded plugin updater (category:base,tabindex:12)
2025-10-11 18:45:36,401 [INFO] PluginManage:310 - Check plugin userauth
2025-10-11 18:45:36,403 [INFO] UserAuth:118 - Init User Auth plugin
2025-10-11 18:45:36,404 [INFO] PluginManage:359 - Loaded plugin userauth (category:base,tabindex:14)
2025-10-11 18:45:36,404 [INFO] PluginManage:283 - PluginManage : Loaded plugins [18]
2025-10-11 18:45:36,501 [INFO] PinOutPanel:1589 - setPackage(No Configuration,No Configuration)
2025-10-11 18:45:36,539 [INFO] CADModel:165 - CPN selected for project level
2025-10-11 18:45:36,539 [INFO] CADModel:114 - Register for checkConnection events
2025-10-11 18:45:36,547 [INFO] IPUIPlugin:80 - create IPUIPlugin
2025-10-11 18:45:36,547 [INFO] PluginManager:220 - loadIPPluginJar : add i2c
2025-10-11 18:45:36,548 [INFO] IPUIPlugin:80 - create IPUIPlugin
2025-10-11 18:45:36,548 [INFO] PluginManager:220 - loadIPPluginJar : add i2s
2025-10-11 18:45:36,551 [INFO] IPUIPlugin:80 - create IPUIPlugin
2025-10-11 18:45:36,551 [INFO] PluginManager:220 - loadIPPluginJar : add resmgrutility
2025-10-11 18:45:36,552 [INFO] IPUIPlugin:80 - create IPUIPlugin
2025-10-11 18:45:36,552 [INFO] PluginManager:220 - loadIPPluginJar : add hash
2025-10-11 18:45:36,553 [INFO] IPUIPlugin:80 - create IPUIPlugin
2025-10-11 18:45:36,553 [INFO] PluginManager:220 - loadIPPluginJar : add usbx
2025-10-11 18:45:36,556 [INFO] IPUIPlugin:80 - create IPUIPlugin
2025-10-11 18:45:36,558 [INFO] PluginManager:220 - loadIPPluginJar : add plateformsettings
2025-10-11 18:45:36,559 [INFO] IPUIPlugin:80 - create IPUIPlugin
2025-10-11 18:45:36,559 [INFO] PluginManager:220 - loadIPPluginJar : add dma3
2025-10-11 18:45:36,561 [INFO] IPUIPlugin:80 - create IPUIPlugin
2025-10-11 18:45:36,561 [INFO] PluginManager:220 - loadIPPluginJar : add ddr_ctrl_phy
2025-10-11 18:45:36,562 [INFO] IPUIPlugin:80 - create IPUIPlugin
2025-10-11 18:45:36,562 [INFO] PluginManager:220 - loadIPPluginJar : add quadspi
2025-10-11 18:45:36,562 [INFO] IPUIPlugin:80 - create IPUIPlugin
2025-10-11 18:45:36,562 [INFO] PluginManager:220 - loadIPPluginJar : add ltdc
2025-10-11 18:45:36,564 [INFO] IPUIPlugin:80 - create IPUIPlugin
2025-10-11 18:45:36,564 [INFO] PluginManager:220 - loadIPPluginJar : add opamp
2025-10-11 18:45:36,564 [INFO] IPUIPlugin:80 - create IPUIPlugin
2025-10-11 18:45:36,565 [INFO] PluginManager:220 - loadIPPluginJar : add tim
2025-10-11 18:45:36,566 [INFO] IPUIPlugin:80 - create IPUIPlugin
2025-10-11 18:45:36,566 [INFO] PluginManager:220 - loadIPPluginJar : add ipddr
2025-10-11 18:45:36,567 [INFO] IPUIPlugin:80 - create IPUIPlugin
2025-10-11 18:45:36,567 [INFO] PluginManager:220 - loadIPPluginJar : add fatfs
2025-10-11 18:45:36,570 [INFO] IPUIPlugin:80 - create IPUIPlugin
2025-10-11 18:45:36,570 [INFO] PluginManager:220 - loadIPPluginJar : add adc
2025-10-11 18:45:36,571 [INFO] IPUIPlugin:80 - create IPUIPlugin
2025-10-11 18:45:36,571 [INFO] PluginManager:220 - loadIPPluginJar : add dfsdm
2025-10-11 18:45:36,573 [INFO] IPUIPlugin:80 - create IPUIPlugin
2025-10-11 18:45:36,573 [INFO] PluginManager:220 - loadIPPluginJar : add nvic
2025-10-11 18:45:36,574 [INFO] IPUIPlugin:80 - create IPUIPlugin
2025-10-11 18:45:36,574 [INFO] PluginManager:220 - loadIPPluginJar : add sai
2025-10-11 18:45:36,575 [INFO] IPUIPlugin:80 - create IPUIPlugin
2025-10-11 18:45:36,576 [INFO] PluginManager:220 - loadIPPluginJar : add touchsensing
2025-10-11 18:45:36,576 [INFO] IPUIPlugin:80 - create IPUIPlugin
2025-10-11 18:45:36,576 [INFO] PluginManager:220 - loadIPPluginJar : add comp
2025-10-11 18:45:36,577 [INFO] IPUIPlugin:80 - create IPUIPlugin
2025-10-11 18:45:36,577 [INFO] PluginManager:220 - loadIPPluginJar : add aes
2025-10-11 18:45:36,580 [INFO] IPUIPlugin:80 - create IPUIPlugin
2025-10-11 18:45:36,581 [INFO] PluginManager:220 - loadIPPluginJar : add freertos
2025-10-11 18:45:36,581 [INFO] IPUIPlugin:80 - create IPUIPlugin
2025-10-11 18:45:36,582 [INFO] PluginManager:220 - loadIPPluginJar : add radio
2025-10-11 18:45:36,583 [INFO] IPUIPlugin:80 - create IPUIPlugin
2025-10-11 18:45:36,583 [INFO] PluginManager:220 - loadIPPluginJar : add tracer_emb
2025-10-11 18:45:36,584 [INFO] IPUIPlugin:80 - create IPUIPlugin
2025-10-11 18:45:36,584 [INFO] PluginManager:220 - loadIPPluginJar : add cryp
2025-10-11 18:45:36,585 [INFO] IPUIPlugin:80 - create IPUIPlugin
2025-10-11 18:45:36,585 [INFO] PluginManager:220 - loadIPPluginJar : add can
2025-10-11 18:45:36,588 [INFO] IPUIPlugin:80 - create IPUIPlugin
2025-10-11 18:45:36,588 [INFO] PluginManager:220 - loadIPPluginJar : add mdma
2025-10-11 18:45:36,591 [INFO] IPUIPlugin:80 - create IPUIPlugin
2025-10-11 18:45:36,592 [INFO] PluginManager:220 - loadIPPluginJar : add dma
2025-10-11 18:45:36,597 [INFO] IPUIPlugin:80 - create IPUIPlugin
2025-10-11 18:45:36,597 [INFO] PluginManager:220 - loadIPPluginJar : add linkedlist
2025-10-11 18:45:36,598 [INFO] IPUIPlugin:80 - create IPUIPlugin
2025-10-11 18:45:36,598 [INFO] PluginManager:220 - loadIPPluginJar : add pdm2pcm
2025-10-11 18:45:36,600 [INFO] IPUIPlugin:80 - create IPUIPlugin
2025-10-11 18:45:36,600 [INFO] PluginManager:220 - loadIPPluginJar : add gpio
2025-10-11 18:45:36,602 [INFO] IPUIPlugin:80 - create IPUIPlugin
2025-10-11 18:45:36,602 [INFO] PluginManager:220 - loadIPPluginJar : add extmemmanager
2025-10-11 18:45:36,605 [INFO] IPUIPlugin:80 - create IPUIPlugin
2025-10-11 18:45:36,605 [INFO] PluginManager:220 - loadIPPluginJar : add gic
2025-10-11 18:45:36,606 [INFO] IPUIPlugin:80 - create IPUIPlugin
2025-10-11 18:45:36,606 [INFO] PluginManager:220 - loadIPPluginJar : add lorawan
2025-10-11 18:45:36,607 [INFO] IPUIPlugin:80 - create IPUIPlugin
2025-10-11 18:45:36,607 [INFO] PluginManager:220 - loadIPPluginJar : add tsc
2025-10-11 18:45:36,608 [INFO] IPUIPlugin:80 - create IPUIPlugin
2025-10-11 18:45:36,608 [INFO] PluginManager:220 - loadIPPluginJar : add spi
2025-10-11 18:45:36,611 [INFO] IPUIPlugin:80 - create IPUIPlugin
2025-10-11 18:45:36,611 [INFO] PluginManager:220 - loadIPPluginJar : add stm32_wpan
2025-10-11 18:45:36,612 [INFO] IPUIPlugin:80 - create IPUIPlugin
2025-10-11 18:45:36,613 [INFO] PluginManager:220 - loadIPPluginJar : add openamp
2025-10-11 18:45:36,613 [INFO] IPUIPlugin:80 - create IPUIPlugin
2025-10-11 18:45:36,613 [INFO] PluginManager:220 - loadIPPluginJar : add ts
2025-10-11 18:45:36,615 [INFO] IPUIPlugin:80 - create IPUIPlugin
2025-10-11 18:45:36,615 [INFO] PluginManager:220 - loadIPPluginJar : add gtzc
2025-10-11 18:45:36,616 [INFO] IPUIPlugin:80 - create IPUIPlugin
2025-10-11 18:45:36,616 [INFO] PluginManager:220 - loadIPPluginJar : add i3c
2025-10-11 18:45:36,616 [INFO] IPUIPlugin:80 - create IPUIPlugin
2025-10-11 18:45:36,616 [INFO] PluginManager:220 - loadIPPluginJar : add genericplugin
2025-10-11 18:45:36,617 [INFO] IPUIPlugin:80 - create IPUIPlugin
2025-10-11 18:45:36,617 [INFO] PluginManager:220 - loadIPPluginJar : add gfxmmu
2025-10-11 18:45:36,618 [INFO] IPUIPlugin:80 - create IPUIPlugin
2025-10-11 18:45:36,618 [INFO] PluginManager:220 - loadIPPluginJar : add usart
2025-10-11 18:45:36,619 [INFO] IPUIPlugin:80 - create IPUIPlugin
2025-10-11 18:45:36,619 [INFO] PluginManager:220 - loadIPPluginJar : add ucpd
2025-10-11 18:45:36,621 [INFO] IPUIPlugin:80 - create IPUIPlugin
2025-10-11 18:45:36,621 [INFO] PluginManager:220 - loadIPPluginJar : add fmc
2025-10-11 18:45:36,709 [FATAL] Updater:351 - Updater called before beeing initialized
2025-10-11 18:45:36,751 [INFO] RulesReader:64 - Compatibility file has been processed (317 Rules)
2025-10-11 18:45:36,773 [INFO] RulesReader:64 - Compatibility file has been processed (317 Rules)
2025-10-11 18:45:36,784 [INFO] CADModel:165 - CPN selected for project level
2025-10-11 18:45:36,784 [INFO] CADModel:114 - Register for checkConnection events
2025-10-11 18:45:36,784 [FATAL] Updater:351 - Updater called before beeing initialized
2025-10-11 18:45:36,784 [ERROR] CADModel:125 - Updater not yet initialized, retry later 
2025-10-11 18:45:36,865 [FATAL] Updater:351 - Updater called before beeing initialized
2025-10-11 18:45:36,866 [INFO] CADModel:165 - CPN selected for project level
2025-10-11 18:45:36,866 [INFO] CADModel:114 - Register for checkConnection events
2025-10-11 18:45:36,866 [FATAL] Updater:351 - Updater called before beeing initialized
2025-10-11 18:45:36,866 [ERROR] CADModel:125 - Updater not yet initialized, retry later 
2025-10-11 18:45:36,868 [FATAL] Updater:351 - Updater called before beeing initialized
2025-10-11 18:45:36,906 [FATAL] Updater:351 - Updater called before beeing initialized
2025-10-11 18:45:36,908 [INFO] DbMcusAds:53 - JSON generation date=Thu Oct 02 09:36:05 GMT 2025 (1759397765645)
2025-10-11 18:45:36,908 [FATAL] Updater:351 - Updater called before beeing initialized
2025-10-11 18:45:36,926 [WARN] DetailPanel:346 - Failed to get advertising image, set to default
2025-10-11 18:45:36,970 [FATAL] Updater:351 - Updater called before beeing initialized
2025-10-11 18:45:36,971 [FATAL] Updater:351 - Updater called before beeing initialized
2025-10-11 18:45:36,971 [FATAL] Updater:351 - Updater called before beeing initialized
2025-10-11 18:45:36,972 [WARN] DetailPanel:346 - Failed to get advertising image, set to default
2025-10-11 18:45:36,972 [FATAL] Updater:351 - Updater called before beeing initialized
2025-10-11 18:45:36,989 [ERROR] Updater:1198 - MainUpdater not yet initialized. External WinMGr cannot be set.
2025-10-11 18:45:36,990 [INFO] Updater:1134 - Updater Version found : 6.15.0
2025-10-11 18:45:37,003 [INFO] ApplicationProperties:184 - Using Application install path: /home/traian/st/stm32cubeide_1.19.0/plugins/com.st.stm32cube.common.mx_6.15.0.202507011659
2025-10-11 18:45:37,155 [INFO] MainUpdater:2872 - connection check result : 10
2025-10-11 18:45:37,155 [INFO] MainUpdater:289 - Updater Check For Update Now.
2025-10-11 18:45:37,156 [INFO] MicroXplorer:498 - Change Database Version : DB.6.0.150
2025-10-11 18:45:37,158 [INFO] McuFinderGlobals:63 - Set McuFinder mode to 2 (CubeIDE integrated)
2025-10-11 18:45:37,158 [INFO] UserAuth:487 - Internet connection configuration mode: 1
2025-10-11 18:45:37,168 [INFO] JxBrowserEngine:152 - Initiate JxBrowser Engine with user profile folder
2025-10-11 18:45:37,311 [INFO] CheckServerUpdateThread:120 - End of CheckServer Thread
2025-10-11 18:45:37,574 [INFO] WebApp:169 - Instantiating new browser for Auth
2025-10-11 18:45:37,925 [INFO] WebApp:463 - Apply proxy settings
2025-10-11 18:45:37,925 [INFO] WebApp:548 - Chromium requires no authentication
2025-10-11 18:45:37,930 [INFO] WebApp:491 - Direct internet connection detected
2025-10-11 18:45:37,941 [INFO] WebApp:900 - Register for checkConnection events
2025-10-11 18:45:37,942 [INFO] WebApp:463 - Apply proxy settings
2025-10-11 18:45:37,942 [INFO] WebApp:548 - Chromium requires no authentication
2025-10-11 18:45:37,942 [INFO] WebApp:491 - Direct internet connection detected
2025-10-11 18:45:38,034 [INFO] WebApp:225 - Starting web application
2025-10-11 18:45:38,034 [INFO] WebApp:593 - Web application path used /home/traian/st/stm32cubeide_1.19.0/plugins/com.st.stm32cube.common.mx_6.15.0.202507011659/db/plugins/mcufinder/reactClient1/index.html
2025-10-11 18:45:38,105 [INFO] UserAuth:487 - Internet connection configuration mode: 1
2025-10-11 18:45:38,364 [INFO] WebApp:191 - Connection restablished
2025-10-11 18:45:39,384 [WARN] PackLoader:240 - Cannot read IP mode file for STMicroelectronics.FP-SNS-MOTENVWB1.1.4.0
2025-10-11 18:45:39,390 [WARN] PackLoader:240 - Cannot read IP mode file for STMicroelectronics.FP-ATR-ASTRA1.2.0.2
2025-10-11 18:45:39,394 [WARN] PackLoader:240 - Cannot read IP mode file for STMicroelectronics.X-CUBE-SMBUS.2.1.0
2025-10-11 18:45:39,397 [WARN] PackLoader:240 - Cannot read IP mode file for STMicroelectronics.X-CUBE-ST60.1.0.0
2025-10-11 18:45:39,421 [WARN] PackLoader:240 - Cannot read IP mode file for STMicroelectronics.X-CUBE-AZRTOS-F7.1.1.0
2025-10-11 18:45:39,425 [WARN] PackLoader:240 - Cannot read IP mode file for Cesanta.I-CUBE-Mongoose.7.19.0
2025-10-11 18:45:39,429 [WARN] PackLoader:240 - Cannot read IP mode file for WES.I-CUBE-Cesium.1.4.0
2025-10-11 18:45:39,449 [WARN] PackLoader:240 - Cannot read IP mode file for Infineon.AIROC-Wi-Fi-Bluetooth-STM32.1.7.1
2025-10-11 18:45:39,471 [WARN] PackLoader:240 - Cannot read IP mode file for STMicroelectronics.X-CUBE-AZRTOS-H7.3.4.0
2025-10-11 18:45:39,479 [WARN] PackLoader:240 - Cannot read IP mode file for STMicroelectronics.X-CUBE-DISPLAY.3.0.0
2025-10-11 18:45:39,502 [WARN] PackLoader:240 - Cannot read IP mode file for STMicroelectronics.X-CUBE-NFC10.1.0.0
2025-10-11 18:45:39,507 [WARN] PackLoader:240 - Cannot read IP mode file for emotas.I-CUBE-CANOPEN.1.3.0
2025-10-11 18:45:39,511 [WARN] PackLoader:240 - Cannot read IP mode file for STMicroelectronics.FP-SNS-STBOX1.2.1.0
2025-10-11 18:45:39,515 [WARN] PackLoader:240 - Cannot read IP mode file for STMicroelectronics.FP-SNS-SMARTAG2.1.2.0
2025-10-11 18:45:39,517 [WARN] PackLoader:240 - Cannot read IP mode file for STMicroelectronics.FP-SNS-FLIGHT1.5.1.0
2025-10-11 18:45:39,522 [INFO] LogOutputStream:77 - [STDOUT_REDIRECT] 1 : Invalid condition id : UX_CORESTACK_Condition cause : null
2025-10-11 18:45:39,522 [INFO] LogOutputStream:77 - [STDOUT_REDIRECT] 1 : Invalid condition id : UX_CORESTACK_Condition cause : null
2025-10-11 18:45:39,522 [INFO] LogOutputStream:77 - [STDOUT_REDIRECT] 1 : Invalid condition id : UX_CORESTACK_Condition cause : null
2025-10-11 18:45:39,522 [INFO] LogOutputStream:77 - [STDOUT_REDIRECT] 1 : Invalid condition id : UX_CORESTACK_Condition cause : null
2025-10-11 18:45:39,522 [INFO] LogOutputStream:77 - [STDOUT_REDIRECT] 1 : Invalid condition id : UX_CORESTACK_Condition cause : null
2025-10-11 18:45:39,524 [WARN] PackLoader:240 - Cannot read IP mode file for STMicroelectronics.X-CUBE-AZRTOS-WL.2.0.0
2025-10-11 18:45:39,527 [WARN] PackLoader:240 - Cannot read IP mode file for STMicroelectronics.FP-SNS-MOTENV1.5.0.0
2025-10-11 18:45:39,530 [WARN] PackLoader:240 - Cannot read IP mode file for STMicroelectronics.X-CUBE-BLE2.3.3.0
2025-10-11 18:45:39,532 [WARN] PackLoader:240 - Cannot read IP mode file for STMicroelectronics.X-CUBE-NFC9.1.0.0
2025-10-11 18:45:39,535 [WARN] PackLoader:240 - Cannot read IP mode file for wolfSSL.I-CUBE-wolfSSL.5.8.2
2025-10-11 18:45:39,537 [WARN] PackLoader:240 - Cannot read IP mode file for STMicroelectronics.X-CUBE-BLE1.7.1.0
2025-10-11 18:45:39,538 [WARN] PackLoader:240 - Cannot read IP mode file for wolfSSL.I-CUBE-wolfMQTT.1.19.2
2025-10-11 18:45:39,541 [WARN] PackLoader:240 - Cannot read IP mode file for STMicroelectronics.X-CUBE-EEPRMA1.5.2.0
2025-10-11 18:45:39,547 [WARN] PackLoader:240 - Cannot read IP mode file for STMicroelectronics.X-CUBE-AZRTOS-G0.1.1.0
2025-10-11 18:45:39,551 [WARN] PackLoader:240 - Cannot read IP mode file for STMicroelectronics.X-CUBE-SAFEA1.1.2.2
2025-10-11 18:45:39,553 [WARN] PackLoader:240 - Cannot read IP mode file for STMicroelectronics.X-CUBE-NFC4.3.0.0
2025-10-11 18:45:39,557 [WARN] PackLoader:240 - Cannot read IP mode file for EmbeddedOffice.I-CUBE-FS-RTOS.1.0.1
2025-10-11 18:45:39,560 [WARN] PackLoader:240 - Cannot read IP mode file for STMicroelectronics.X-CUBE-WB05N.2.0.0
2025-10-11 18:45:39,562 [WARN] PackLoader:240 - Cannot read IP mode file for wolfSSL.I-CUBE-wolfTPM.3.8.0
2025-10-11 18:45:39,564 [WARN] PackLoader:240 - Cannot read IP mode file for STMicroelectronics.X-CUBE-TCPP.4.2.0
2025-10-11 18:45:39,567 [WARN] PackLoader:240 - Cannot read IP mode file for RealThread.X-CUBE-RT-Thread_Nano.4.1.1
2025-10-11 18:45:39,568 [WARN] PackLoader:240 - Cannot read IP mode file for STMicroelectronics.FP-ATR-SIGFOX1.3.2.0
2025-10-11 18:45:39,571 [WARN] PackLoader:240 - Cannot read IP mode file for ITTIA_DB.I-CUBE-ITTIADB.8.9.0
2025-10-11 18:45:39,573 [WARN] PackLoader:240 - Cannot read IP mode file for STMicroelectronics.X-CUBE-ST67W61.1.0.0
2025-10-11 18:45:39,575 [WARN] PackLoader:240 - Cannot read IP mode file for STMicroelectronics.X-CUBE-AI.10.2.0
2025-10-11 18:45:39,585 [WARN] PackLoader:240 - Cannot read IP mode file for SEGGER.I-CUBE-embOS.1.3.1
2025-10-11 18:45:39,616 [WARN] PackLoader:240 - Cannot read IP mode file for STMicroelectronics.X-CUBE-ALGOBUILD.1.4.0
2025-10-11 18:45:39,656 [WARN] PackLoader:240 - Cannot read IP mode file for STMicroelectronics.X-CUBE-MEMS1.11.3.0
2025-10-11 18:45:39,761 [WARN] PackLoader:240 - Cannot read IP mode file for STMicroelectronics.X-CUBE-PM33A1.1.0.0
2025-10-11 18:45:39,769 [WARN] PackLoader:240 - Cannot read IP mode file for STMicroelectronics.X-CUBE-AZRTOS-F4.1.1.0
2025-10-11 18:45:39,772 [WARN] PackLoader:240 - Cannot read IP mode file for STMicroelectronics.X-CUBE-ISPU.2.1.0
2025-10-11 18:45:39,775 [WARN] PackLoader:240 - Cannot read IP mode file for STMicroelectronics.X-CUBE-NFC12.1.0.0
2025-10-11 18:45:39,782 [WARN] PackLoader:240 - Cannot read IP mode file for STMicroelectronics.X-CUBE-AZRTOS-L5.2.0.0
2025-10-11 18:45:39,786 [WARN] PackLoader:240 - Cannot read IP mode file for STMicroelectronics.X-CUBE-NFC6.3.1.0
2025-10-11 18:45:39,789 [WARN] PackLoader:240 - Cannot read IP mode file for STMicroelectronics.X-CUBE-FREERTOS.1.3.1
2025-10-11 18:45:39,792 [WARN] PackLoader:240 - Cannot read IP mode file for STMicroelectronics.X-CUBE-TOUCHGFX.4.26.0
2025-10-11 18:45:39,794 [WARN] PackLoader:240 - Cannot read IP mode file for STMicroelectronics.FP-SNS-STAIOTCFT.1.0.0
2025-10-11 18:45:39,797 [WARN] PackLoader:240 - Cannot read IP mode file for STMicroelectronics.X-CUBE-DPower.1.3.0
2025-10-11 18:45:39,804 [WARN] ConditionMgr:438 - getConditionDescription Invalid condition id : LAN8742 Phy interface Condition cause : null
2025-10-11 18:45:39,804 [WARN] PackLoader:240 - Cannot read IP mode file for STMicroelectronics.X-CUBE-AZRTOS-L4.2.0.0
2025-10-11 18:45:39,805 [WARN] ConditionMgr:1044 - genDependencies : Invalid condition id : LAN8742 Phy interface Condition cause : null
2025-10-11 18:45:39,805 [WARN] ConditionMgr:1044 - genDependencies : Invalid condition id : LAN8742 Phy interface Condition cause : null
2025-10-11 18:45:39,805 [WARN] ConditionMgr:1044 - genDependencies : Invalid condition id : LAN8742 Phy interface Condition cause : null
2025-10-11 18:45:39,808 [WARN] PackLoader:240 - Cannot read IP mode file for STMicroelectronics.X-CUBE-SFXS2LP1.4.0.0
2025-10-11 18:45:39,812 [WARN] PackLoader:240 - Cannot read IP mode file for STMicroelectronics.X-CUBE-BLEMGR.4.1.0
2025-10-11 18:45:39,818 [WARN] ConditionMgr:438 - getConditionDescription Invalid condition id : UX DEVICE CLASS RTOS Condition cause : null
2025-10-11 18:45:39,818 [WARN] ConditionMgr:438 - getConditionDescription Invalid condition id : UX DEVICE CLASS RTOS Condition cause : null
2025-10-11 18:45:39,819 [WARN] PackLoader:240 - Cannot read IP mode file for STMicroelectronics.X-CUBE-AZRTOS-WB.2.0.0
2025-10-11 18:45:39,819 [WARN] ConditionMgr:1044 - genDependencies : Invalid condition id : UX DEVICE CLASS RTOS Condition cause : null
2025-10-11 18:45:39,819 [WARN] ConditionMgr:1044 - genDependencies : Invalid condition id : UX DEVICE CLASS RTOS Condition cause : null
2025-10-11 18:45:39,820 [WARN] ConditionMgr:1044 - genDependencies : Invalid condition id : UX DEVICE CLASS RTOS Condition cause : null
2025-10-11 18:45:39,820 [WARN] ConditionMgr:1044 - genDependencies : Invalid condition id : UX DEVICE CLASS RTOS Condition cause : null
2025-10-11 18:45:39,820 [WARN] ConditionMgr:1044 - genDependencies : Invalid condition id : UX DEVICE CLASS RTOS Condition cause : null
2025-10-11 18:45:39,822 [WARN] PackLoader:240 - Cannot read IP mode file for STMicroelectronics.X-CUBE-GNSS1.7.0.1
2025-10-11 18:45:39,824 [WARN] ConditionMgr:438 - getConditionDescription Invalid condition id : Cortex-A Device cause : null
2025-10-11 18:45:39,830 [WARN] ConditionMgr:1044 - genDependencies : Invalid condition id : Cortex-A Device cause : null
2025-10-11 18:45:39,831 [WARN] ConditionMgr:1044 - genDependencies : Invalid condition id : Cortex-A Device cause : null
2025-10-11 18:45:39,831 [WARN] ConditionMgr:1044 - genDependencies : Invalid condition id : Cortex-A Device cause : null
2025-10-11 18:45:39,835 [WARN] PackLoader:240 - Cannot read IP mode file for STMicroelectronics.X-CUBE-SUBG2.5.0.0
2025-10-11 18:45:39,853 [WARN] PackLoader:240 - Cannot read IP mode file for STMicroelectronics.X-CUBE-AZRTOS-H7RS.1.1.0
2025-10-11 18:45:39,862 [WARN] PackLoader:240 - Cannot read IP mode file for STMicroelectronics.X-CUBE-AZRTOS-G4.2.0.0
2025-10-11 18:45:39,865 [WARN] PackLoader:240 - Cannot read IP mode file for wolfSSL.I-CUBE-wolfSSH.1.4.20
2025-10-11 18:45:39,868 [WARN] PackLoader:240 - Cannot read IP mode file for STMicroelectronics.X-CUBE-NFC7.2.0.0
2025-10-11 18:45:39,876 [WARN] PackLoader:240 - Cannot read IP mode file for STMicroelectronics.X-CUBE-IPS.3.1.0
2025-10-11 18:45:39,885 [WARN] PackLoader:240 - Cannot read IP mode file for STMicroelectronics.X-CUBE-ALS.1.0.2
2025-10-11 18:45:39,889 [WARN] PackLoader:240 - Cannot read IP mode file for STMicroelectronics.X-CUBE-STSE01.1.0.0
2025-10-11 18:45:39,914 [WARN] PackLoader:240 - Cannot read IP mode file for STMicroelectronics.X-CUBE-TOF1.3.4.3
2025-10-11 18:45:39,925 [INFO] ThirdParty:978 - Integrity check success = true
2025-10-11 18:45:39,925 [INFO] IntegrityCheckThread:100 - exiting critical section [integrity check]
2025-10-11 18:45:39,925 [INFO] IntegrityCheckThread:103 - End integrity checks thread
2025-10-11 23:24:10,632 [ERROR] LogOutputStream:75 - [STDERR_REDIRECT] 
