2026-01-20 02:31:27,758 [ERROR] LogOutputStream:75 - [STDERR_REDIRECT] 
2026-01-20 02:34:15,790 [INFO] Activator:176 - 


2026-01-20 02:34:15,791 [INFO] Activator:177 - !SESSION log4j initialized
2026-01-20 02:34:18,393 [INFO] LogOutputStream:77 - [STDOUT_REDIRECT] 
2026-01-20 02:34:18,846 [INFO] ApplicationProperties:184 - Using Application install path: /home/traian/st/stm32cubeide_1.19.0/plugins/com.st.stm32cube.common.mx_6.15.0.202507011659
2026-01-20 02:34:18,858 [INFO] DbMcusXml:78 - Set database path to: /home/traian/st/stm32cubeide_1.19.0/plugins/com.st.stm32cube.common.mx_6.15.0.202507011659//db//mcu/
2026-01-20 02:34:18,858 [INFO] ApiDb:274 - Set plugin database path to: /home/traian/st/stm32cubeide_1.19.0/plugins/com.st.stm32cube.common.mx_6.15.0.202507011659//db//plugins/boardmanager/
2026-01-20 02:34:18,858 [WARN] ApiDb:259 - Overriding images path with different value:  => /home/traian/st/stm32cubeide_1.19.0/plugins/com.st.stm32cube.common.mx_6.15.0.202507011659//db//plugins/mcufinder/images/
2026-01-20 02:34:18,867 [INFO] ApiDb:250 - Set database path to: /home/traian/.stmcufinder/plugins/mcufinder//mcu/
2026-01-20 02:34:18,868 [INFO] DbMcusAds:125 - Set database path to: /home/traian/.stmcufinder/plugins/mcufinder//mcu/
2026-01-20 02:34:18,870 [INFO] CrossReferenceDbSqlite:203 - Set database path to: /home/traian/.stmcufinder/plugins/mcufinder//mcu/cs/
2026-01-20 02:34:18,933 [INFO] RulesReader:64 - Compatibility file has been processed (317 Rules)
2026-01-20 02:34:18,971 [INFO] DbMcusXml:78 - Set database path to: /home/traian/st/stm32cubeide_1.19.0/plugins/com.st.stm32cube.common.mx_6.15.0.202507011659//db//mcu/
2026-01-20 02:34:18,972 [INFO] ApiDb:274 - Set plugin database path to: /home/traian/st/stm32cubeide_1.19.0/plugins/com.st.stm32cube.common.mx_6.15.0.202507011659//db//plugins/boardmanager/
2026-01-20 02:34:18,972 [INFO] ApiDb:261 - Set plugin images path to: /home/traian/st/stm32cubeide_1.19.0/plugins/com.st.stm32cube.common.mx_6.15.0.202507011659//db//plugins/mcufinder/images/
2026-01-20 02:34:18,972 [WARN] DbFile:41 - Overriding database path with different value: /home/traian/.stmcufinder/plugins/mcufinder/ => /home/traian/.stmcufinder/plugins/mcufinder
2026-01-20 02:34:18,972 [INFO] ApiDb:250 - Set database path to: /home/traian/.stmcufinder/plugins/mcufinder//mcu/
2026-01-20 02:34:18,972 [WARN] DbFile:41 - Overriding database path with different value: /home/traian/.stmcufinder/plugins/mcufinder/ => /home/traian/.stmcufinder/plugins/mcufinder
2026-01-20 02:34:18,972 [INFO] DbMcusAds:125 - Set database path to: /home/traian/.stmcufinder/plugins/mcufinder//mcu/
2026-01-20 02:34:18,972 [WARN] DbFile:41 - Overriding database path with different value: /home/traian/.stmcufinder/plugins/mcufinder/ => /home/traian/.stmcufinder/plugins/mcufinder
2026-01-20 02:34:18,972 [WARN] DbFile:41 - Overriding database path with different value: /home/traian/.stmcufinder/plugins/mcufinder/ => /home/traian/.stmcufinder/plugins/mcufinder
2026-01-20 02:34:18,972 [INFO] CrossReferenceDbSqlite:203 - Set database path to: /home/traian/.stmcufinder/plugins/mcufinder//mcu/cs/
2026-01-20 02:34:19,017 [INFO] MainPanel:274 - HeapMemory: 268435456
2026-01-20 02:34:19,102 [INFO] DbMcusXml:78 - Set database path to: /home/traian/st/stm32cubeide_1.19.0/plugins/com.st.stm32cube.common.mx_6.15.0.202507011659//db//mcu/
2026-01-20 02:34:19,103 [INFO] ApiDb:274 - Set plugin database path to: /home/traian/st/stm32cubeide_1.19.0/plugins/com.st.stm32cube.common.mx_6.15.0.202507011659//db//plugins/boardmanager/
2026-01-20 02:34:19,103 [INFO] ApiDb:261 - Set plugin images path to: /home/traian/st/stm32cubeide_1.19.0/plugins/com.st.stm32cube.common.mx_6.15.0.202507011659//db//plugins/mcufinder/images/
2026-01-20 02:34:19,103 [WARN] DbFile:41 - Overriding database path with different value: /home/traian/.stmcufinder/plugins/mcufinder/ => /home/traian/.stmcufinder/plugins/mcufinder
2026-01-20 02:34:19,103 [INFO] ApiDb:250 - Set database path to: /home/traian/.stmcufinder/plugins/mcufinder//mcu/
2026-01-20 02:34:19,103 [WARN] DbFile:41 - Overriding database path with different value: /home/traian/.stmcufinder/plugins/mcufinder/ => /home/traian/.stmcufinder/plugins/mcufinder
2026-01-20 02:34:19,103 [INFO] DbMcusAds:125 - Set database path to: /home/traian/.stmcufinder/plugins/mcufinder//mcu/
2026-01-20 02:34:19,103 [WARN] DbFile:41 - Overriding database path with different value: /home/traian/.stmcufinder/plugins/mcufinder/ => /home/traian/.stmcufinder/plugins/mcufinder
2026-01-20 02:34:19,103 [WARN] DbFile:41 - Overriding database path with different value: /home/traian/.stmcufinder/plugins/mcufinder/ => /home/traian/.stmcufinder/plugins/mcufinder
2026-01-20 02:34:19,103 [INFO] CrossReferenceDbSqlite:203 - Set database path to: /home/traian/.stmcufinder/plugins/mcufinder//mcu/cs/
2026-01-20 02:34:19,112 [INFO] ApplicationProperties:184 - Using Application install path: /home/traian/st/stm32cubeide_1.19.0/plugins/com.st.stm32cube.common.mx_6.15.0.202507011659
2026-01-20 02:34:19,113 [INFO] PluginManage:196 - Search for loadable plugins [exclusion list=, ]
2026-01-20 02:34:19,114 [INFO] PluginManage:310 - Check plugin analytics
2026-01-20 02:34:19,191 [INFO] AnalyticsPlugin:253 - Accepted Software Licenses: 
2026-01-20 02:34:19,191 [INFO] AnalyticsPlugin:255 - Accepted CMSIS Pack Licenses: 
2026-01-20 02:34:19,191 [INFO] AnalyticsPlugin:257 - Accepted Firmware Licenses: FW.U5.1.8.0
2026-01-20 02:34:19,192 [INFO] PluginManage:359 - Loaded plugin analytics (category:tool,tabindex:-1)
2026-01-20 02:34:19,192 [INFO] PluginManage:310 - Check plugin cadmodel
2026-01-20 02:34:19,196 [INFO] CADModel:105 - Init CAD model plugin
2026-01-20 02:34:19,196 [INFO] PluginManage:359 - Loaded plugin cadmodel (category:power,tabindex:5)
2026-01-20 02:34:19,197 [INFO] PluginManage:310 - Check plugin clock
2026-01-20 02:34:19,202 [INFO] PluginManage:359 - Loaded plugin clock (category:base,tabindex:2)
2026-01-20 02:34:19,202 [INFO] PluginManage:310 - Check plugin ddr
2026-01-20 02:34:19,203 [INFO] PluginManage:359 - Loaded plugin ddr (category:tool,tabindex:6)
2026-01-20 02:34:19,204 [INFO] PluginManage:310 - Check plugin filemanager
2026-01-20 02:34:19,303 [INFO] PluginManage:359 - Loaded plugin filemanager (category:base,tabindex:10)
2026-01-20 02:34:19,303 [INFO] PluginManage:310 - Check plugin ipmanager
2026-01-20 02:34:19,306 [INFO] PluginManage:359 - Loaded plugin ipmanager (category:base,tabindex:5)
2026-01-20 02:34:19,306 [INFO] PluginManage:310 - Check plugin lpbam
2026-01-20 02:34:19,312 [INFO] PluginManage:359 - Loaded plugin lpbam (category:base,tabindex:0)
2026-01-20 02:34:19,313 [INFO] PluginManage:310 - Check plugin memorymap
2026-01-20 02:34:19,320 [INFO] PluginManage:359 - Loaded plugin memorymap (category:base,tabindex:4)
2026-01-20 02:34:19,320 [INFO] PluginManage:310 - Check plugin pinoutandconfiguration
2026-01-20 02:34:19,326 [INFO] PluginManage:359 - Loaded plugin pinoutandconfiguration (category:base,tabindex:1)
2026-01-20 02:34:19,326 [INFO] PluginManage:310 - Check plugin pinoutconfig
2026-01-20 02:34:19,372 [WARN] SupportedApi:132 - Cannot load RTOS API schema: s4s-elt-must-match.1: The content of 'definitions' must match (annotation?, (simpleType | complexType)?, (unique | key | keyref)*)). A problem was found starting at: attribute.
2026-01-20 02:34:19,437 [INFO] PluginManage:359 - Loaded plugin pinoutconfig (category:base,tabindex:0)
2026-01-20 02:34:19,438 [INFO] PluginManage:310 - Check plugin power
2026-01-20 02:34:19,443 [INFO] PluginManage:359 - Loaded plugin power (category:power,tabindex:4)
2026-01-20 02:34:19,443 [INFO] PluginManage:310 - Check plugin projectmanager
2026-01-20 02:34:19,451 [INFO] PluginManage:359 - Loaded plugin projectmanager (category:projectmanager,tabindex:4)
2026-01-20 02:34:19,451 [INFO] PluginManage:310 - Check plugin rif
2026-01-20 02:34:19,457 [INFO] PluginManage:359 - Loaded plugin rif (category:base,tabindex:3)
2026-01-20 02:34:19,457 [INFO] PluginManage:310 - Check plugin thirdparty
2026-01-20 02:34:19,526 [INFO] PluginManage:359 - Loaded plugin thirdparty (category:base,tabindex:-1)
2026-01-20 02:34:19,526 [INFO] PluginManage:310 - Check plugin tools
2026-01-20 02:34:19,526 [WARN] IntegrityCheckThread:84 - waiting for thirdparty lock release [integrity check]
2026-01-20 02:34:19,527 [INFO] IntegrityCheckThread:86 - entering critical section [integrity check]
2026-01-20 02:34:19,527 [INFO] ThirdPartyUpdaterWithRetryManager:70 - Updater plugin not ready yet. [1/15]
2026-01-20 02:34:19,528 [INFO] PluginManage:359 - Loaded plugin tools (category:base,tabindex:7)
2026-01-20 02:34:19,528 [INFO] PluginManage:310 - Check plugin tutovideos
2026-01-20 02:34:19,643 [INFO] PluginManage:359 - Loaded plugin tutovideos (category:base,tabindex:-1)
2026-01-20 02:34:19,643 [INFO] PluginManage:310 - Check plugin updater
2026-01-20 02:34:19,655 [INFO] PluginManage:359 - Loaded plugin updater (category:base,tabindex:12)
2026-01-20 02:34:19,655 [INFO] PluginManage:310 - Check plugin userauth
2026-01-20 02:34:19,658 [INFO] UserAuth:118 - Init User Auth plugin
2026-01-20 02:34:19,658 [INFO] PluginManage:359 - Loaded plugin userauth (category:base,tabindex:14)
2026-01-20 02:34:19,658 [INFO] PluginManage:283 - PluginManage : Loaded plugins [18]
2026-01-20 02:34:19,761 [INFO] PinOutPanel:1589 - setPackage(No Configuration,No Configuration)
2026-01-20 02:34:19,796 [INFO] CADModel:165 - CPN selected for project level
2026-01-20 02:34:19,796 [INFO] CADModel:114 - Register for checkConnection events
2026-01-20 02:34:19,804 [INFO] IPUIPlugin:80 - create IPUIPlugin
2026-01-20 02:34:19,804 [INFO] PluginManager:220 - loadIPPluginJar : add i2c
2026-01-20 02:34:19,806 [INFO] IPUIPlugin:80 - create IPUIPlugin
2026-01-20 02:34:19,806 [INFO] PluginManager:220 - loadIPPluginJar : add i2s
2026-01-20 02:34:19,809 [INFO] IPUIPlugin:80 - create IPUIPlugin
2026-01-20 02:34:19,809 [INFO] PluginManager:220 - loadIPPluginJar : add resmgrutility
2026-01-20 02:34:19,810 [INFO] IPUIPlugin:80 - create IPUIPlugin
2026-01-20 02:34:19,810 [INFO] PluginManager:220 - loadIPPluginJar : add hash
2026-01-20 02:34:19,812 [INFO] IPUIPlugin:80 - create IPUIPlugin
2026-01-20 02:34:19,812 [INFO] PluginManager:220 - loadIPPluginJar : add usbx
2026-01-20 02:34:19,816 [INFO] IPUIPlugin:80 - create IPUIPlugin
2026-01-20 02:34:19,817 [INFO] PluginManager:220 - loadIPPluginJar : add plateformsettings
2026-01-20 02:34:19,819 [INFO] IPUIPlugin:80 - create IPUIPlugin
2026-01-20 02:34:19,819 [INFO] PluginManager:220 - loadIPPluginJar : add dma3
2026-01-20 02:34:19,821 [INFO] IPUIPlugin:80 - create IPUIPlugin
2026-01-20 02:34:19,821 [INFO] PluginManager:220 - loadIPPluginJar : add ddr_ctrl_phy
2026-01-20 02:34:19,822 [INFO] IPUIPlugin:80 - create IPUIPlugin
2026-01-20 02:34:19,822 [INFO] PluginManager:220 - loadIPPluginJar : add quadspi
2026-01-20 02:34:19,823 [INFO] IPUIPlugin:80 - create IPUIPlugin
2026-01-20 02:34:19,823 [INFO] PluginManager:220 - loadIPPluginJar : add ltdc
2026-01-20 02:34:19,824 [INFO] IPUIPlugin:80 - create IPUIPlugin
2026-01-20 02:34:19,824 [INFO] PluginManager:220 - loadIPPluginJar : add opamp
2026-01-20 02:34:19,825 [INFO] IPUIPlugin:80 - create IPUIPlugin
2026-01-20 02:34:19,825 [INFO] PluginManager:220 - loadIPPluginJar : add tim
2026-01-20 02:34:19,827 [INFO] IPUIPlugin:80 - create IPUIPlugin
2026-01-20 02:34:19,827 [INFO] PluginManager:220 - loadIPPluginJar : add ipddr
2026-01-20 02:34:19,828 [INFO] IPUIPlugin:80 - create IPUIPlugin
2026-01-20 02:34:19,828 [INFO] PluginManager:220 - loadIPPluginJar : add fatfs
2026-01-20 02:34:19,832 [INFO] IPUIPlugin:80 - create IPUIPlugin
2026-01-20 02:34:19,832 [INFO] PluginManager:220 - loadIPPluginJar : add adc
2026-01-20 02:34:19,833 [INFO] IPUIPlugin:80 - create IPUIPlugin
2026-01-20 02:34:19,833 [INFO] PluginManager:220 - loadIPPluginJar : add dfsdm
2026-01-20 02:34:19,836 [INFO] IPUIPlugin:80 - create IPUIPlugin
2026-01-20 02:34:19,836 [INFO] PluginManager:220 - loadIPPluginJar : add nvic
2026-01-20 02:34:19,838 [INFO] IPUIPlugin:80 - create IPUIPlugin
2026-01-20 02:34:19,838 [INFO] PluginManager:220 - loadIPPluginJar : add sai
2026-01-20 02:34:19,840 [INFO] IPUIPlugin:80 - create IPUIPlugin
2026-01-20 02:34:19,840 [INFO] PluginManager:220 - loadIPPluginJar : add touchsensing
2026-01-20 02:34:19,841 [INFO] IPUIPlugin:80 - create IPUIPlugin
2026-01-20 02:34:19,841 [INFO] PluginManager:220 - loadIPPluginJar : add comp
2026-01-20 02:34:19,842 [INFO] IPUIPlugin:80 - create IPUIPlugin
2026-01-20 02:34:19,842 [INFO] PluginManager:220 - loadIPPluginJar : add aes
2026-01-20 02:34:19,846 [INFO] IPUIPlugin:80 - create IPUIPlugin
2026-01-20 02:34:19,846 [INFO] PluginManager:220 - loadIPPluginJar : add freertos
2026-01-20 02:34:19,847 [INFO] IPUIPlugin:80 - create IPUIPlugin
2026-01-20 02:34:19,847 [INFO] PluginManager:220 - loadIPPluginJar : add radio
2026-01-20 02:34:19,848 [INFO] IPUIPlugin:80 - create IPUIPlugin
2026-01-20 02:34:19,848 [INFO] PluginManager:220 - loadIPPluginJar : add tracer_emb
2026-01-20 02:34:19,850 [INFO] IPUIPlugin:80 - create IPUIPlugin
2026-01-20 02:34:19,850 [INFO] PluginManager:220 - loadIPPluginJar : add cryp
2026-01-20 02:34:19,852 [INFO] IPUIPlugin:80 - create IPUIPlugin
2026-01-20 02:34:19,852 [INFO] PluginManager:220 - loadIPPluginJar : add can
2026-01-20 02:34:19,855 [INFO] IPUIPlugin:80 - create IPUIPlugin
2026-01-20 02:34:19,855 [INFO] PluginManager:220 - loadIPPluginJar : add mdma
2026-01-20 02:34:19,858 [INFO] IPUIPlugin:80 - create IPUIPlugin
2026-01-20 02:34:19,858 [INFO] PluginManager:220 - loadIPPluginJar : add dma
2026-01-20 02:34:19,863 [INFO] IPUIPlugin:80 - create IPUIPlugin
2026-01-20 02:34:19,863 [INFO] PluginManager:220 - loadIPPluginJar : add linkedlist
2026-01-20 02:34:19,865 [INFO] IPUIPlugin:80 - create IPUIPlugin
2026-01-20 02:34:19,865 [INFO] PluginManager:220 - loadIPPluginJar : add pdm2pcm
2026-01-20 02:34:19,867 [INFO] IPUIPlugin:80 - create IPUIPlugin
2026-01-20 02:34:19,868 [INFO] PluginManager:220 - loadIPPluginJar : add gpio
2026-01-20 02:34:19,869 [INFO] IPUIPlugin:80 - create IPUIPlugin
2026-01-20 02:34:19,869 [INFO] PluginManager:220 - loadIPPluginJar : add extmemmanager
2026-01-20 02:34:19,871 [INFO] IPUIPlugin:80 - create IPUIPlugin
2026-01-20 02:34:19,872 [INFO] PluginManager:220 - loadIPPluginJar : add gic
2026-01-20 02:34:19,873 [INFO] IPUIPlugin:80 - create IPUIPlugin
2026-01-20 02:34:19,873 [INFO] PluginManager:220 - loadIPPluginJar : add lorawan
2026-01-20 02:34:19,873 [INFO] IPUIPlugin:80 - create IPUIPlugin
2026-01-20 02:34:19,873 [INFO] PluginManager:220 - loadIPPluginJar : add tsc
2026-01-20 02:34:19,874 [INFO] IPUIPlugin:80 - create IPUIPlugin
2026-01-20 02:34:19,874 [INFO] PluginManager:220 - loadIPPluginJar : add spi
2026-01-20 02:34:19,878 [INFO] IPUIPlugin:80 - create IPUIPlugin
2026-01-20 02:34:19,878 [INFO] PluginManager:220 - loadIPPluginJar : add stm32_wpan
2026-01-20 02:34:19,879 [INFO] IPUIPlugin:80 - create IPUIPlugin
2026-01-20 02:34:19,879 [INFO] PluginManager:220 - loadIPPluginJar : add openamp
2026-01-20 02:34:19,880 [INFO] IPUIPlugin:80 - create IPUIPlugin
2026-01-20 02:34:19,880 [INFO] PluginManager:220 - loadIPPluginJar : add ts
2026-01-20 02:34:19,882 [INFO] IPUIPlugin:80 - create IPUIPlugin
2026-01-20 02:34:19,882 [INFO] PluginManager:220 - loadIPPluginJar : add gtzc
2026-01-20 02:34:19,883 [INFO] IPUIPlugin:80 - create IPUIPlugin
2026-01-20 02:34:19,883 [INFO] PluginManager:220 - loadIPPluginJar : add i3c
2026-01-20 02:34:19,884 [INFO] IPUIPlugin:80 - create IPUIPlugin
2026-01-20 02:34:19,884 [INFO] PluginManager:220 - loadIPPluginJar : add genericplugin
2026-01-20 02:34:19,885 [INFO] IPUIPlugin:80 - create IPUIPlugin
2026-01-20 02:34:19,885 [INFO] PluginManager:220 - loadIPPluginJar : add gfxmmu
2026-01-20 02:34:19,886 [INFO] IPUIPlugin:80 - create IPUIPlugin
2026-01-20 02:34:19,886 [INFO] PluginManager:220 - loadIPPluginJar : add usart
2026-01-20 02:34:19,887 [INFO] IPUIPlugin:80 - create IPUIPlugin
2026-01-20 02:34:19,887 [INFO] PluginManager:220 - loadIPPluginJar : add ucpd
2026-01-20 02:34:19,889 [INFO] IPUIPlugin:80 - create IPUIPlugin
2026-01-20 02:34:19,889 [INFO] PluginManager:220 - loadIPPluginJar : add fmc
2026-01-20 02:34:19,974 [FATAL] Updater:351 - Updater called before beeing initialized
2026-01-20 02:34:20,000 [INFO] RulesReader:64 - Compatibility file has been processed (317 Rules)
2026-01-20 02:34:20,005 [INFO] RulesReader:64 - Compatibility file has been processed (317 Rules)
2026-01-20 02:34:20,008 [INFO] CADModel:165 - CPN selected for project level
2026-01-20 02:34:20,008 [INFO] CADModel:114 - Register for checkConnection events
2026-01-20 02:34:20,008 [FATAL] Updater:351 - Updater called before beeing initialized
2026-01-20 02:34:20,008 [ERROR] CADModel:125 - Updater not yet initialized, retry later 
2026-01-20 02:34:20,072 [FATAL] Updater:351 - Updater called before beeing initialized
2026-01-20 02:34:20,073 [INFO] CADModel:165 - CPN selected for project level
2026-01-20 02:34:20,073 [INFO] CADModel:114 - Register for checkConnection events
2026-01-20 02:34:20,073 [FATAL] Updater:351 - Updater called before beeing initialized
2026-01-20 02:34:20,073 [ERROR] CADModel:125 - Updater not yet initialized, retry later 
2026-01-20 02:34:20,075 [FATAL] Updater:351 - Updater called before beeing initialized
2026-01-20 02:34:20,140 [FATAL] Updater:351 - Updater called before beeing initialized
2026-01-20 02:34:20,142 [INFO] DbMcusAds:53 - JSON generation date=Thu Oct 02 12:36:05 EEST 2025 (1759397765645)
2026-01-20 02:34:20,142 [FATAL] Updater:351 - Updater called before beeing initialized
2026-01-20 02:34:20,160 [WARN] DetailPanel:346 - Failed to get advertising image, set to default
2026-01-20 02:34:20,196 [FATAL] Updater:351 - Updater called before beeing initialized
2026-01-20 02:34:20,197 [FATAL] Updater:351 - Updater called before beeing initialized
2026-01-20 02:34:20,197 [FATAL] Updater:351 - Updater called before beeing initialized
2026-01-20 02:34:20,197 [WARN] DetailPanel:346 - Failed to get advertising image, set to default
2026-01-20 02:34:20,198 [FATAL] Updater:351 - Updater called before beeing initialized
2026-01-20 02:34:20,213 [ERROR] Updater:1198 - MainUpdater not yet initialized. External WinMGr cannot be set.
2026-01-20 02:34:20,214 [INFO] Updater:1134 - Updater Version found : 6.15.0
2026-01-20 02:34:20,223 [INFO] ApplicationProperties:184 - Using Application install path: /home/traian/st/stm32cubeide_1.19.0/plugins/com.st.stm32cube.common.mx_6.15.0.202507011659
2026-01-20 02:34:20,489 [INFO] MainUpdater:2872 - connection check result : 10
2026-01-20 02:34:20,489 [INFO] MainUpdater:289 - Updater Check For Update Now.
2026-01-20 02:34:20,489 [INFO] MicroXplorer:498 - Change Database Version : DB.6.0.150
2026-01-20 02:34:20,507 [INFO] McuFinderGlobals:63 - Set McuFinder mode to 2 (CubeIDE integrated)
2026-01-20 02:34:20,507 [INFO] UserAuth:487 - Internet connection configuration mode: 1
2026-01-20 02:34:20,518 [INFO] JxBrowserEngine:152 - Initiate JxBrowser Engine with user profile folder
2026-01-20 02:34:20,634 [INFO] CheckServerUpdateThread:120 - End of CheckServer Thread
2026-01-20 02:34:21,275 [INFO] WebApp:169 - Instantiating new browser for Auth
2026-01-20 02:34:21,770 [INFO] WebApp:463 - Apply proxy settings
2026-01-20 02:34:21,770 [INFO] WebApp:548 - Chromium requires no authentication
2026-01-20 02:34:21,779 [INFO] WebApp:491 - Direct internet connection detected
2026-01-20 02:34:21,793 [INFO] WebApp:900 - Register for checkConnection events
2026-01-20 02:34:21,793 [INFO] WebApp:463 - Apply proxy settings
2026-01-20 02:34:21,793 [INFO] WebApp:548 - Chromium requires no authentication
2026-01-20 02:34:21,794 [INFO] WebApp:491 - Direct internet connection detected
2026-01-20 02:34:21,887 [INFO] WebApp:225 - Starting web application
2026-01-20 02:34:21,887 [INFO] WebApp:593 - Web application path used /home/traian/st/stm32cubeide_1.19.0/plugins/com.st.stm32cube.common.mx_6.15.0.202507011659/db/plugins/mcufinder/reactClient1/index.html
2026-01-20 02:34:21,968 [INFO] UserAuth:487 - Internet connection configuration mode: 1
2026-01-20 02:34:22,090 [INFO] WebApp:191 - Connection restablished
2026-01-20 02:34:22,609 [WARN] PackLoader:240 - Cannot read IP mode file for STMicroelectronics.FP-SNS-MOTENVWB1.1.4.0
2026-01-20 02:34:22,613 [WARN] PackLoader:240 - Cannot read IP mode file for STMicroelectronics.FP-ATR-ASTRA1.2.0.2
2026-01-20 02:34:22,618 [WARN] PackLoader:240 - Cannot read IP mode file for STMicroelectronics.X-CUBE-SMBUS.2.1.0
2026-01-20 02:34:22,622 [WARN] PackLoader:240 - Cannot read IP mode file for STMicroelectronics.X-CUBE-ST60.1.0.0
2026-01-20 02:34:22,639 [WARN] PackLoader:240 - Cannot read IP mode file for STMicroelectronics.X-CUBE-AZRTOS-F7.1.1.0
2026-01-20 02:34:22,644 [WARN] PackLoader:240 - Cannot read IP mode file for Cesanta.I-CUBE-Mongoose.7.19.0
2026-01-20 02:34:22,647 [WARN] PackLoader:240 - Cannot read IP mode file for STMicroelectronics.FP-SNS-MOTENV1.5.1.0
2026-01-20 02:34:22,653 [WARN] PackLoader:240 - Cannot read IP mode file for WES.I-CUBE-Cesium.1.4.0
2026-01-20 02:34:22,671 [WARN] PackLoader:240 - Cannot read IP mode file for Infineon.AIROC-Wi-Fi-Bluetooth-STM32.1.7.1
2026-01-20 02:34:22,684 [WARN] PackLoader:240 - Cannot read IP mode file for STMicroelectronics.X-CUBE-AZRTOS-H7.3.4.0
2026-01-20 02:34:22,688 [WARN] PackLoader:240 - Cannot read IP mode file for STMicroelectronics.X-CUBE-DISPLAY.3.0.0
2026-01-20 02:34:22,695 [WARN] PackLoader:240 - Cannot read IP mode file for STMicroelectronics.X-CUBE-NFC10.1.0.0
2026-01-20 02:34:22,698 [WARN] PackLoader:240 - Cannot read IP mode file for STMicroelectronics.X-CUBE-ST60.1.1.0
2026-01-20 02:34:22,700 [WARN] PackLoader:240 - Cannot read IP mode file for emotas.I-CUBE-CANOPEN.1.3.0
2026-01-20 02:34:22,702 [WARN] PackLoader:240 - Cannot read IP mode file for STMicroelectronics.X-CUBE-GNSS1.7.1.0
2026-01-20 02:34:22,708 [WARN] PackLoader:240 - Cannot read IP mode file for STMicroelectronics.FP-SNS-STBOX1.2.1.0
2026-01-20 02:34:22,712 [WARN] PackLoader:240 - Cannot read IP mode file for STMicroelectronics.FP-SNS-SMARTAG2.1.2.0
2026-01-20 02:34:22,716 [WARN] PackLoader:240 - Cannot read IP mode file for STMicroelectronics.FP-SNS-FLIGHT1.5.1.0
2026-01-20 02:34:22,722 [INFO] LogOutputStream:77 - [STDOUT_REDIRECT] 1 : Invalid condition id : UX_CORESTACK_Condition cause : null
2026-01-20 02:34:22,722 [INFO] LogOutputStream:77 - [STDOUT_REDIRECT] 1 : Invalid condition id : UX_CORESTACK_Condition cause : null
2026-01-20 02:34:22,722 [INFO] LogOutputStream:77 - [STDOUT_REDIRECT] 1 : Invalid condition id : UX_CORESTACK_Condition cause : null
2026-01-20 02:34:22,723 [INFO] LogOutputStream:77 - [STDOUT_REDIRECT] 1 : Invalid condition id : UX_CORESTACK_Condition cause : null
2026-01-20 02:34:22,723 [INFO] LogOutputStream:77 - [STDOUT_REDIRECT] 1 : Invalid condition id : UX_CORESTACK_Condition cause : null
2026-01-20 02:34:22,730 [WARN] PackLoader:240 - Cannot read IP mode file for STMicroelectronics.X-CUBE-AZRTOS-WL.2.0.0
2026-01-20 02:34:22,732 [WARN] PackLoader:240 - Cannot read IP mode file for STMicroelectronics.FP-SNS-MOTENV1.5.0.0
2026-01-20 02:34:22,740 [WARN] PackLoader:240 - Cannot read IP mode file for STMicroelectronics.X-CUBE-AZRTOS-H7RS.1.2.0
2026-01-20 02:34:22,743 [WARN] PackLoader:240 - Cannot read IP mode file for STMicroelectronics.X-CUBE-BLE2.3.3.0
2026-01-20 02:34:22,753 [WARN] PackLoader:240 - Cannot read IP mode file for STMicroelectronics.X-CUBE-NFC9.1.0.0
2026-01-20 02:34:22,757 [WARN] PackLoader:240 - Cannot read IP mode file for wolfSSL.I-CUBE-wolfSSL.5.8.2
2026-01-20 02:34:22,760 [WARN] PackLoader:240 - Cannot read IP mode file for STMicroelectronics.X-CUBE-BLE1.7.1.0
2026-01-20 02:34:22,763 [WARN] PackLoader:240 - Cannot read IP mode file for wolfSSL.I-CUBE-wolfMQTT.1.19.2
2026-01-20 02:34:22,766 [WARN] PackLoader:240 - Cannot read IP mode file for STMicroelectronics.X-CUBE-FREERTOS.1.4.0
2026-01-20 02:34:22,768 [WARN] PackLoader:240 - Cannot read IP mode file for STMicroelectronics.X-CUBE-EEPRMA1.5.2.0
2026-01-20 02:34:22,771 [WARN] PackLoader:240 - Cannot read IP mode file for STMicroelectronics.X-CUBE-ST67W61.1.1.0
2026-01-20 02:34:22,802 [WARN] PackLoader:240 - Cannot read IP mode file for STMicroelectronics.X-CUBE-MEMS1.12.0.0
2026-01-20 02:34:22,875 [WARN] PackLoader:240 - Cannot read IP mode file for STMicroelectronics.X-CUBE-AZRTOS-G0.1.1.0
2026-01-20 02:34:22,880 [WARN] PackLoader:240 - Cannot read IP mode file for STMicroelectronics.X-CUBE-SAFEA1.1.2.2
2026-01-20 02:34:22,882 [WARN] PackLoader:240 - Cannot read IP mode file for STMicroelectronics.X-CUBE-NFC4.3.0.0
2026-01-20 02:34:22,886 [WARN] PackLoader:240 - Cannot read IP mode file for EmbeddedOffice.I-CUBE-FS-RTOS.1.0.1
2026-01-20 02:34:22,888 [WARN] PackLoader:240 - Cannot read IP mode file for STMicroelectronics.X-CUBE-WB05N.2.0.0
2026-01-20 02:34:22,890 [WARN] PackLoader:240 - Cannot read IP mode file for wolfSSL.I-CUBE-wolfTPM.3.8.0
2026-01-20 02:34:22,892 [WARN] PackLoader:240 - Cannot read IP mode file for STMicroelectronics.X-CUBE-TCPP.4.2.0
2026-01-20 02:34:22,904 [WARN] PackLoader:240 - Cannot read IP mode file for RealThread.X-CUBE-RT-Thread_Nano.4.1.1
2026-01-20 02:34:22,908 [WARN] PackLoader:240 - Cannot read IP mode file for STMicroelectronics.FP-ATR-SIGFOX1.3.2.0
2026-01-20 02:34:22,910 [WARN] PackLoader:240 - Cannot read IP mode file for ITTIA_DB.I-CUBE-ITTIADB.8.9.0
2026-01-20 02:34:22,913 [WARN] PackLoader:240 - Cannot read IP mode file for STMicroelectronics.X-CUBE-ST67W61.1.0.0
2026-01-20 02:34:22,915 [WARN] PackLoader:240 - Cannot read IP mode file for STMicroelectronics.X-CUBE-AI.10.2.0
2026-01-20 02:34:22,927 [WARN] PackLoader:240 - Cannot read IP mode file for SEGGER.I-CUBE-embOS.1.3.1
2026-01-20 02:34:22,960 [WARN] PackLoader:240 - Cannot read IP mode file for STMicroelectronics.X-CUBE-ALGOBUILD.1.4.0
2026-01-20 02:34:22,986 [WARN] PackLoader:240 - Cannot read IP mode file for STMicroelectronics.X-CUBE-MEMS1.11.3.0
2026-01-20 02:34:23,060 [WARN] PackLoader:240 - Cannot read IP mode file for STMicroelectronics.X-CUBE-PM33A1.1.0.0
2026-01-20 02:34:23,069 [WARN] PackLoader:240 - Cannot read IP mode file for STMicroelectronics.X-CUBE-AZRTOS-F4.1.1.0
2026-01-20 02:34:23,074 [WARN] PackLoader:240 - Cannot read IP mode file for STMicroelectronics.X-CUBE-ISPU.2.1.0
2026-01-20 02:34:23,080 [WARN] PackLoader:240 - Cannot read IP mode file for STMicroelectronics.X-CUBE-IPS.3.2.0
2026-01-20 02:34:23,087 [WARN] PackLoader:240 - Cannot read IP mode file for STMicroelectronics.X-CUBE-NFC12.1.0.0
2026-01-20 02:34:23,097 [WARN] PackLoader:240 - Cannot read IP mode file for STMicroelectronics.X-CUBE-AZRTOS-L5.2.0.0
2026-01-20 02:34:23,106 [WARN] PackLoader:240 - Cannot read IP mode file for STMicroelectronics.X-CUBE-NFC6.3.1.0
2026-01-20 02:34:23,110 [WARN] PackLoader:240 - Cannot read IP mode file for STMicroelectronics.X-CUBE-FREERTOS.1.3.1
2026-01-20 02:34:23,112 [WARN] PackLoader:240 - Cannot read IP mode file for STMicroelectronics.X-CUBE-TOUCHGFX.4.26.0
2026-01-20 02:34:23,114 [WARN] PackLoader:240 - Cannot read IP mode file for STMicroelectronics.FP-SNS-STAIOTCFT.1.0.0
2026-01-20 02:34:23,117 [WARN] PackLoader:240 - Cannot read IP mode file for STMicroelectronics.X-CUBE-DPower.1.3.0
2026-01-20 02:34:23,126 [WARN] ConditionMgr:438 - getConditionDescription Invalid condition id : LAN8742 Phy interface Condition cause : null
2026-01-20 02:34:23,127 [WARN] PackLoader:240 - Cannot read IP mode file for STMicroelectronics.X-CUBE-AZRTOS-L4.2.0.0
2026-01-20 02:34:23,127 [WARN] ConditionMgr:1044 - genDependencies : Invalid condition id : LAN8742 Phy interface Condition cause : null
2026-01-20 02:34:23,127 [WARN] ConditionMgr:1044 - genDependencies : Invalid condition id : LAN8742 Phy interface Condition cause : null
2026-01-20 02:34:23,128 [WARN] ConditionMgr:1044 - genDependencies : Invalid condition id : LAN8742 Phy interface Condition cause : null
2026-01-20 02:34:23,131 [WARN] PackLoader:240 - Cannot read IP mode file for STMicroelectronics.X-CUBE-SFXS2LP1.4.0.0
2026-01-20 02:34:23,134 [WARN] PackLoader:240 - Cannot read IP mode file for STMicroelectronics.X-CUBE-ST67W61.1.2.0
2026-01-20 02:34:23,141 [WARN] PackLoader:240 - Cannot read IP mode file for STMicroelectronics.X-CUBE-BLEMGR.4.1.0
2026-01-20 02:34:23,149 [WARN] ConditionMgr:438 - getConditionDescription Invalid condition id : UX DEVICE CLASS RTOS Condition cause : null
2026-01-20 02:34:23,149 [WARN] ConditionMgr:438 - getConditionDescription Invalid condition id : UX DEVICE CLASS RTOS Condition cause : null
2026-01-20 02:34:23,150 [WARN] PackLoader:240 - Cannot read IP mode file for STMicroelectronics.X-CUBE-AZRTOS-WB.2.0.0
2026-01-20 02:34:23,150 [WARN] ConditionMgr:1044 - genDependencies : Invalid condition id : UX DEVICE CLASS RTOS Condition cause : null
2026-01-20 02:34:23,150 [WARN] ConditionMgr:1044 - genDependencies : Invalid condition id : UX DEVICE CLASS RTOS Condition cause : null
2026-01-20 02:34:23,151 [WARN] ConditionMgr:1044 - genDependencies : Invalid condition id : UX DEVICE CLASS RTOS Condition cause : null
2026-01-20 02:34:23,151 [WARN] ConditionMgr:1044 - genDependencies : Invalid condition id : UX DEVICE CLASS RTOS Condition cause : null
2026-01-20 02:34:23,151 [WARN] ConditionMgr:1044 - genDependencies : Invalid condition id : UX DEVICE CLASS RTOS Condition cause : null
2026-01-20 02:34:23,153 [WARN] PackLoader:240 - Cannot read IP mode file for STMicroelectronics.X-CUBE-GNSS1.7.0.1
2026-01-20 02:34:23,155 [WARN] ConditionMgr:438 - getConditionDescription Invalid condition id : Cortex-A Device cause : null
2026-01-20 02:34:23,159 [WARN] ConditionMgr:1044 - genDependencies : Invalid condition id : Cortex-A Device cause : null
2026-01-20 02:34:23,159 [WARN] ConditionMgr:1044 - genDependencies : Invalid condition id : Cortex-A Device cause : null
2026-01-20 02:34:23,159 [WARN] ConditionMgr:1044 - genDependencies : Invalid condition id : Cortex-A Device cause : null
2026-01-20 02:34:23,162 [WARN] PackLoader:240 - Cannot read IP mode file for STMicroelectronics.X-CUBE-SUBG2.5.0.0
2026-01-20 02:34:23,170 [WARN] PackLoader:240 - Cannot read IP mode file for STMicroelectronics.X-CUBE-AZRTOS-H7RS.1.1.0
2026-01-20 02:34:23,175 [WARN] PackLoader:240 - Cannot read IP mode file for STMicroelectronics.X-CUBE-AZRTOS-G4.2.0.0
2026-01-20 02:34:23,177 [WARN] PackLoader:240 - Cannot read IP mode file for wolfSSL.I-CUBE-wolfSSH.1.4.20
2026-01-20 02:34:23,179 [WARN] PackLoader:240 - Cannot read IP mode file for STMicroelectronics.X-CUBE-NFC7.2.0.0
2026-01-20 02:34:23,183 [WARN] PackLoader:240 - Cannot read IP mode file for STMicroelectronics.X-CUBE-IPS.3.1.0
2026-01-20 02:34:23,186 [WARN] PackLoader:240 - Cannot read IP mode file for STMicroelectronics.X-CUBE-ALS.1.0.2
2026-01-20 02:34:23,188 [WARN] PackLoader:240 - Cannot read IP mode file for STMicroelectronics.X-CUBE-STSE01.1.0.0
2026-01-20 02:34:23,191 [WARN] PackLoader:240 - Cannot read IP mode file for STMicroelectronics.X-CUBE-TOF1.3.4.3
2026-01-20 02:34:23,197 [INFO] ThirdParty:978 - Integrity check success = true
2026-01-20 02:34:23,197 [INFO] IntegrityCheckThread:100 - exiting critical section [integrity check]
2026-01-20 02:34:23,197 [INFO] IntegrityCheckThread:103 - End integrity checks thread
2026-01-20 04:44:57,219 [INFO] WebApp:194 - Connection lost
2026-01-20 04:45:04,192 [INFO] WebApp:191 - Connection restablished
2026-01-20 04:45:05,057 [INFO] WebApp:194 - Connection lost
2026-01-20 04:45:05,162 [INFO] WebApp:191 - Connection restablished
2026-01-20 06:17:53,860 [ERROR] LogOutputStream:75 - [STDERR_REDIRECT] 
2026-01-20 19:20:50,474 [INFO] Activator:176 - 


2026-01-20 19:20:50,475 [INFO] Activator:177 - !SESSION log4j initialized
2026-01-20 19:20:54,610 [INFO] LogOutputStream:77 - [STDOUT_REDIRECT] 
2026-01-20 19:20:55,597 [INFO] ApplicationProperties:184 - Using Application install path: /home/traian/st/stm32cubeide_1.19.0/plugins/com.st.stm32cube.common.mx_6.15.0.202507011659
2026-01-20 19:20:55,618 [INFO] DbMcusXml:78 - Set database path to: /home/traian/st/stm32cubeide_1.19.0/plugins/com.st.stm32cube.common.mx_6.15.0.202507011659//db//mcu/
2026-01-20 19:20:55,618 [INFO] ApiDb:274 - Set plugin database path to: /home/traian/st/stm32cubeide_1.19.0/plugins/com.st.stm32cube.common.mx_6.15.0.202507011659//db//plugins/boardmanager/
2026-01-20 19:20:55,618 [WARN] ApiDb:259 - Overriding images path with different value:  => /home/traian/st/stm32cubeide_1.19.0/plugins/com.st.stm32cube.common.mx_6.15.0.202507011659//db//plugins/mcufinder/images/
2026-01-20 19:20:55,630 [INFO] ApiDb:250 - Set database path to: /home/traian/.stmcufinder/plugins/mcufinder//mcu/
2026-01-20 19:20:55,632 [INFO] DbMcusAds:125 - Set database path to: /home/traian/.stmcufinder/plugins/mcufinder//mcu/
2026-01-20 19:20:55,634 [INFO] CrossReferenceDbSqlite:203 - Set database path to: /home/traian/.stmcufinder/plugins/mcufinder//mcu/cs/
2026-01-20 19:20:55,779 [INFO] RulesReader:64 - Compatibility file has been processed (317 Rules)
2026-01-20 19:20:55,853 [INFO] DbMcusXml:78 - Set database path to: /home/traian/st/stm32cubeide_1.19.0/plugins/com.st.stm32cube.common.mx_6.15.0.202507011659//db//mcu/
2026-01-20 19:20:55,854 [INFO] ApiDb:274 - Set plugin database path to: /home/traian/st/stm32cubeide_1.19.0/plugins/com.st.stm32cube.common.mx_6.15.0.202507011659//db//plugins/boardmanager/
2026-01-20 19:20:55,854 [INFO] ApiDb:261 - Set plugin images path to: /home/traian/st/stm32cubeide_1.19.0/plugins/com.st.stm32cube.common.mx_6.15.0.202507011659//db//plugins/mcufinder/images/
2026-01-20 19:20:55,855 [WARN] DbFile:41 - Overriding database path with different value: /home/traian/.stmcufinder/plugins/mcufinder/ => /home/traian/.stmcufinder/plugins/mcufinder
2026-01-20 19:20:55,855 [INFO] ApiDb:250 - Set database path to: /home/traian/.stmcufinder/plugins/mcufinder//mcu/
2026-01-20 19:20:55,855 [WARN] DbFile:41 - Overriding database path with different value: /home/traian/.stmcufinder/plugins/mcufinder/ => /home/traian/.stmcufinder/plugins/mcufinder
2026-01-20 19:20:55,856 [INFO] DbMcusAds:125 - Set database path to: /home/traian/.stmcufinder/plugins/mcufinder//mcu/
2026-01-20 19:20:55,856 [WARN] DbFile:41 - Overriding database path with different value: /home/traian/.stmcufinder/plugins/mcufinder/ => /home/traian/.stmcufinder/plugins/mcufinder
2026-01-20 19:20:55,856 [WARN] DbFile:41 - Overriding database path with different value: /home/traian/.stmcufinder/plugins/mcufinder/ => /home/traian/.stmcufinder/plugins/mcufinder
2026-01-20 19:20:55,856 [INFO] CrossReferenceDbSqlite:203 - Set database path to: /home/traian/.stmcufinder/plugins/mcufinder//mcu/cs/
2026-01-20 19:20:55,941 [INFO] MainPanel:274 - HeapMemory: 268435456
2026-01-20 19:20:56,104 [INFO] DbMcusXml:78 - Set database path to: /home/traian/st/stm32cubeide_1.19.0/plugins/com.st.stm32cube.common.mx_6.15.0.202507011659//db//mcu/
2026-01-20 19:20:56,104 [INFO] ApiDb:274 - Set plugin database path to: /home/traian/st/stm32cubeide_1.19.0/plugins/com.st.stm32cube.common.mx_6.15.0.202507011659//db//plugins/boardmanager/
2026-01-20 19:20:56,104 [INFO] ApiDb:261 - Set plugin images path to: /home/traian/st/stm32cubeide_1.19.0/plugins/com.st.stm32cube.common.mx_6.15.0.202507011659//db//plugins/mcufinder/images/
2026-01-20 19:20:56,104 [WARN] DbFile:41 - Overriding database path with different value: /home/traian/.stmcufinder/plugins/mcufinder/ => /home/traian/.stmcufinder/plugins/mcufinder
2026-01-20 19:20:56,104 [INFO] ApiDb:250 - Set database path to: /home/traian/.stmcufinder/plugins/mcufinder//mcu/
2026-01-20 19:20:56,105 [WARN] DbFile:41 - Overriding database path with different value: /home/traian/.stmcufinder/plugins/mcufinder/ => /home/traian/.stmcufinder/plugins/mcufinder
2026-01-20 19:20:56,105 [INFO] DbMcusAds:125 - Set database path to: /home/traian/.stmcufinder/plugins/mcufinder//mcu/
2026-01-20 19:20:56,105 [WARN] DbFile:41 - Overriding database path with different value: /home/traian/.stmcufinder/plugins/mcufinder/ => /home/traian/.stmcufinder/plugins/mcufinder
2026-01-20 19:20:56,105 [WARN] DbFile:41 - Overriding database path with different value: /home/traian/.stmcufinder/plugins/mcufinder/ => /home/traian/.stmcufinder/plugins/mcufinder
2026-01-20 19:20:56,105 [INFO] CrossReferenceDbSqlite:203 - Set database path to: /home/traian/.stmcufinder/plugins/mcufinder//mcu/cs/
2026-01-20 19:20:56,126 [INFO] ApplicationProperties:184 - Using Application install path: /home/traian/st/stm32cubeide_1.19.0/plugins/com.st.stm32cube.common.mx_6.15.0.202507011659
2026-01-20 19:20:56,129 [INFO] PluginManage:196 - Search for loadable plugins [exclusion list=, ]
2026-01-20 19:20:56,130 [INFO] PluginManage:310 - Check plugin analytics
2026-01-20 19:20:56,347 [INFO] AnalyticsPlugin:253 - Accepted Software Licenses: 
2026-01-20 19:20:56,348 [INFO] AnalyticsPlugin:255 - Accepted CMSIS Pack Licenses: 
2026-01-20 19:20:56,348 [INFO] AnalyticsPlugin:257 - Accepted Firmware Licenses: FW.U5.1.8.0
2026-01-20 19:20:56,351 [INFO] PluginManage:359 - Loaded plugin analytics (category:tool,tabindex:-1)
2026-01-20 19:20:56,351 [INFO] PluginManage:310 - Check plugin cadmodel
2026-01-20 19:20:56,358 [INFO] CADModel:105 - Init CAD model plugin
2026-01-20 19:20:56,358 [INFO] PluginManage:359 - Loaded plugin cadmodel (category:power,tabindex:5)
2026-01-20 19:20:56,358 [INFO] PluginManage:310 - Check plugin clock
2026-01-20 19:20:56,370 [INFO] PluginManage:359 - Loaded plugin clock (category:base,tabindex:2)
2026-01-20 19:20:56,370 [INFO] PluginManage:310 - Check plugin ddr
2026-01-20 19:20:56,373 [INFO] PluginManage:359 - Loaded plugin ddr (category:tool,tabindex:6)
2026-01-20 19:20:56,374 [INFO] PluginManage:310 - Check plugin filemanager
2026-01-20 19:20:56,572 [INFO] PluginManage:359 - Loaded plugin filemanager (category:base,tabindex:10)
2026-01-20 19:20:56,572 [INFO] PluginManage:310 - Check plugin ipmanager
2026-01-20 19:20:56,578 [INFO] PluginManage:359 - Loaded plugin ipmanager (category:base,tabindex:5)
2026-01-20 19:20:56,578 [INFO] PluginManage:310 - Check plugin lpbam
2026-01-20 19:20:56,591 [INFO] PluginManage:359 - Loaded plugin lpbam (category:base,tabindex:0)
2026-01-20 19:20:56,591 [INFO] PluginManage:310 - Check plugin memorymap
2026-01-20 19:20:56,604 [INFO] PluginManage:359 - Loaded plugin memorymap (category:base,tabindex:4)
2026-01-20 19:20:56,604 [INFO] PluginManage:310 - Check plugin pinoutandconfiguration
2026-01-20 19:20:56,613 [INFO] PluginManage:359 - Loaded plugin pinoutandconfiguration (category:base,tabindex:1)
2026-01-20 19:20:56,613 [INFO] PluginManage:310 - Check plugin pinoutconfig
2026-01-20 19:20:56,709 [WARN] SupportedApi:132 - Cannot load RTOS API schema: s4s-elt-must-match.1: The content of 'definitions' must match (annotation?, (simpleType | complexType)?, (unique | key | keyref)*)). A problem was found starting at: attribute.
2026-01-20 19:20:56,828 [INFO] PluginManage:359 - Loaded plugin pinoutconfig (category:base,tabindex:0)
2026-01-20 19:20:56,829 [INFO] PluginManage:310 - Check plugin power
2026-01-20 19:20:56,838 [INFO] PluginManage:359 - Loaded plugin power (category:power,tabindex:4)
2026-01-20 19:20:56,838 [INFO] PluginManage:310 - Check plugin projectmanager
2026-01-20 19:20:56,859 [INFO] PluginManage:359 - Loaded plugin projectmanager (category:projectmanager,tabindex:4)
2026-01-20 19:20:56,859 [INFO] PluginManage:310 - Check plugin rif
2026-01-20 19:20:56,871 [INFO] PluginManage:359 - Loaded plugin rif (category:base,tabindex:3)
2026-01-20 19:20:56,871 [INFO] PluginManage:310 - Check plugin thirdparty
2026-01-20 19:20:57,001 [INFO] PluginManage:359 - Loaded plugin thirdparty (category:base,tabindex:-1)
2026-01-20 19:20:57,001 [WARN] IntegrityCheckThread:84 - waiting for thirdparty lock release [integrity check]
2026-01-20 19:20:57,002 [INFO] PluginManage:310 - Check plugin tools
2026-01-20 19:20:57,002 [INFO] IntegrityCheckThread:86 - entering critical section [integrity check]
2026-01-20 19:20:57,003 [INFO] ThirdPartyUpdaterWithRetryManager:70 - Updater plugin not ready yet. [1/15]
2026-01-20 19:20:57,005 [INFO] PluginManage:359 - Loaded plugin tools (category:base,tabindex:7)
2026-01-20 19:20:57,005 [INFO] PluginManage:310 - Check plugin tutovideos
2026-01-20 19:20:57,201 [INFO] PluginManage:359 - Loaded plugin tutovideos (category:base,tabindex:-1)
2026-01-20 19:20:57,202 [INFO] PluginManage:310 - Check plugin updater
2026-01-20 19:20:57,226 [INFO] PluginManage:359 - Loaded plugin updater (category:base,tabindex:12)
2026-01-20 19:20:57,227 [INFO] PluginManage:310 - Check plugin userauth
2026-01-20 19:20:57,230 [INFO] UserAuth:118 - Init User Auth plugin
2026-01-20 19:20:57,231 [INFO] PluginManage:359 - Loaded plugin userauth (category:base,tabindex:14)
2026-01-20 19:20:57,231 [INFO] PluginManage:283 - PluginManage : Loaded plugins [18]
2026-01-20 19:20:57,393 [INFO] PinOutPanel:1589 - setPackage(No Configuration,No Configuration)
2026-01-20 19:20:57,452 [INFO] CADModel:165 - CPN selected for project level
2026-01-20 19:20:57,452 [INFO] CADModel:114 - Register for checkConnection events
2026-01-20 19:20:57,466 [INFO] IPUIPlugin:80 - create IPUIPlugin
2026-01-20 19:20:57,466 [INFO] PluginManager:220 - loadIPPluginJar : add i2c
2026-01-20 19:20:57,468 [INFO] IPUIPlugin:80 - create IPUIPlugin
2026-01-20 19:20:57,468 [INFO] PluginManager:220 - loadIPPluginJar : add i2s
2026-01-20 19:20:57,473 [INFO] IPUIPlugin:80 - create IPUIPlugin
2026-01-20 19:20:57,473 [INFO] PluginManager:220 - loadIPPluginJar : add resmgrutility
2026-01-20 19:20:57,475 [INFO] IPUIPlugin:80 - create IPUIPlugin
2026-01-20 19:20:57,475 [INFO] PluginManager:220 - loadIPPluginJar : add hash
2026-01-20 19:20:57,478 [INFO] IPUIPlugin:80 - create IPUIPlugin
2026-01-20 19:20:57,478 [INFO] PluginManager:220 - loadIPPluginJar : add usbx
2026-01-20 19:20:57,484 [INFO] IPUIPlugin:80 - create IPUIPlugin
2026-01-20 19:20:57,486 [INFO] PluginManager:220 - loadIPPluginJar : add plateformsettings
2026-01-20 19:20:57,488 [INFO] IPUIPlugin:80 - create IPUIPlugin
2026-01-20 19:20:57,489 [INFO] PluginManager:220 - loadIPPluginJar : add dma3
2026-01-20 19:20:57,492 [INFO] IPUIPlugin:80 - create IPUIPlugin
2026-01-20 19:20:57,492 [INFO] PluginManager:220 - loadIPPluginJar : add ddr_ctrl_phy
2026-01-20 19:20:57,494 [INFO] IPUIPlugin:80 - create IPUIPlugin
2026-01-20 19:20:57,494 [INFO] PluginManager:220 - loadIPPluginJar : add quadspi
2026-01-20 19:20:57,495 [INFO] IPUIPlugin:80 - create IPUIPlugin
2026-01-20 19:20:57,495 [INFO] PluginManager:220 - loadIPPluginJar : add ltdc
2026-01-20 19:20:57,497 [INFO] IPUIPlugin:80 - create IPUIPlugin
2026-01-20 19:20:57,497 [INFO] PluginManager:220 - loadIPPluginJar : add opamp
2026-01-20 19:20:57,500 [INFO] IPUIPlugin:80 - create IPUIPlugin
2026-01-20 19:20:57,500 [INFO] PluginManager:220 - loadIPPluginJar : add tim
2026-01-20 19:20:57,504 [INFO] IPUIPlugin:80 - create IPUIPlugin
2026-01-20 19:20:57,504 [INFO] PluginManager:220 - loadIPPluginJar : add ipddr
2026-01-20 19:20:57,506 [INFO] IPUIPlugin:80 - create IPUIPlugin
2026-01-20 19:20:57,506 [INFO] PluginManager:220 - loadIPPluginJar : add fatfs
2026-01-20 19:20:57,513 [INFO] IPUIPlugin:80 - create IPUIPlugin
2026-01-20 19:20:57,513 [INFO] PluginManager:220 - loadIPPluginJar : add adc
2026-01-20 19:20:57,515 [INFO] IPUIPlugin:80 - create IPUIPlugin
2026-01-20 19:20:57,515 [INFO] PluginManager:220 - loadIPPluginJar : add dfsdm
2026-01-20 19:20:57,519 [INFO] IPUIPlugin:80 - create IPUIPlugin
2026-01-20 19:20:57,519 [INFO] PluginManager:220 - loadIPPluginJar : add nvic
2026-01-20 19:20:57,522 [INFO] IPUIPlugin:80 - create IPUIPlugin
2026-01-20 19:20:57,522 [INFO] PluginManager:220 - loadIPPluginJar : add sai
2026-01-20 19:20:57,524 [INFO] IPUIPlugin:80 - create IPUIPlugin
2026-01-20 19:20:57,524 [INFO] PluginManager:220 - loadIPPluginJar : add touchsensing
2026-01-20 19:20:57,527 [INFO] IPUIPlugin:80 - create IPUIPlugin
2026-01-20 19:20:57,527 [INFO] PluginManager:220 - loadIPPluginJar : add comp
2026-01-20 19:20:57,529 [INFO] IPUIPlugin:80 - create IPUIPlugin
2026-01-20 19:20:57,529 [INFO] PluginManager:220 - loadIPPluginJar : add aes
2026-01-20 19:20:57,535 [INFO] IPUIPlugin:80 - create IPUIPlugin
2026-01-20 19:20:57,535 [INFO] PluginManager:220 - loadIPPluginJar : add freertos
2026-01-20 19:20:57,537 [INFO] IPUIPlugin:80 - create IPUIPlugin
2026-01-20 19:20:57,537 [INFO] PluginManager:220 - loadIPPluginJar : add radio
2026-01-20 19:20:57,538 [INFO] IPUIPlugin:80 - create IPUIPlugin
2026-01-20 19:20:57,539 [INFO] PluginManager:220 - loadIPPluginJar : add tracer_emb
2026-01-20 19:20:57,542 [INFO] IPUIPlugin:80 - create IPUIPlugin
2026-01-20 19:20:57,542 [INFO] PluginManager:220 - loadIPPluginJar : add cryp
2026-01-20 19:20:57,544 [INFO] IPUIPlugin:80 - create IPUIPlugin
2026-01-20 19:20:57,544 [INFO] PluginManager:220 - loadIPPluginJar : add can
2026-01-20 19:20:57,550 [INFO] IPUIPlugin:80 - create IPUIPlugin
2026-01-20 19:20:57,550 [INFO] PluginManager:220 - loadIPPluginJar : add mdma
2026-01-20 19:20:57,554 [INFO] IPUIPlugin:80 - create IPUIPlugin
2026-01-20 19:20:57,554 [INFO] PluginManager:220 - loadIPPluginJar : add dma
2026-01-20 19:20:57,561 [INFO] IPUIPlugin:80 - create IPUIPlugin
2026-01-20 19:20:57,562 [INFO] PluginManager:220 - loadIPPluginJar : add linkedlist
2026-01-20 19:20:57,564 [INFO] IPUIPlugin:80 - create IPUIPlugin
2026-01-20 19:20:57,564 [INFO] PluginManager:220 - loadIPPluginJar : add pdm2pcm
2026-01-20 19:20:57,568 [INFO] IPUIPlugin:80 - create IPUIPlugin
2026-01-20 19:20:57,568 [INFO] PluginManager:220 - loadIPPluginJar : add gpio
2026-01-20 19:20:57,571 [INFO] IPUIPlugin:80 - create IPUIPlugin
2026-01-20 19:20:57,571 [INFO] PluginManager:220 - loadIPPluginJar : add extmemmanager
2026-01-20 19:20:57,576 [INFO] IPUIPlugin:80 - create IPUIPlugin
2026-01-20 19:20:57,577 [INFO] PluginManager:220 - loadIPPluginJar : add gic
2026-01-20 19:20:57,579 [INFO] IPUIPlugin:80 - create IPUIPlugin
2026-01-20 19:20:57,579 [INFO] PluginManager:220 - loadIPPluginJar : add lorawan
2026-01-20 19:20:57,580 [INFO] IPUIPlugin:80 - create IPUIPlugin
2026-01-20 19:20:57,580 [INFO] PluginManager:220 - loadIPPluginJar : add tsc
2026-01-20 19:20:57,581 [INFO] IPUIPlugin:80 - create IPUIPlugin
2026-01-20 19:20:57,581 [INFO] PluginManager:220 - loadIPPluginJar : add spi
2026-01-20 19:20:57,587 [INFO] IPUIPlugin:80 - create IPUIPlugin
2026-01-20 19:20:57,587 [INFO] PluginManager:220 - loadIPPluginJar : add stm32_wpan
2026-01-20 19:20:57,588 [INFO] IPUIPlugin:80 - create IPUIPlugin
2026-01-20 19:20:57,589 [INFO] PluginManager:220 - loadIPPluginJar : add openamp
2026-01-20 19:20:57,590 [INFO] IPUIPlugin:80 - create IPUIPlugin
2026-01-20 19:20:57,590 [INFO] PluginManager:220 - loadIPPluginJar : add ts
2026-01-20 19:20:57,592 [INFO] IPUIPlugin:80 - create IPUIPlugin
2026-01-20 19:20:57,592 [INFO] PluginManager:220 - loadIPPluginJar : add gtzc
2026-01-20 19:20:57,594 [INFO] IPUIPlugin:80 - create IPUIPlugin
2026-01-20 19:20:57,595 [INFO] PluginManager:220 - loadIPPluginJar : add i3c
2026-01-20 19:20:57,596 [INFO] IPUIPlugin:80 - create IPUIPlugin
2026-01-20 19:20:57,596 [INFO] PluginManager:220 - loadIPPluginJar : add genericplugin
2026-01-20 19:20:57,597 [INFO] IPUIPlugin:80 - create IPUIPlugin
2026-01-20 19:20:57,597 [INFO] PluginManager:220 - loadIPPluginJar : add gfxmmu
2026-01-20 19:20:57,599 [INFO] IPUIPlugin:80 - create IPUIPlugin
2026-01-20 19:20:57,599 [INFO] PluginManager:220 - loadIPPluginJar : add usart
2026-01-20 19:20:57,600 [INFO] IPUIPlugin:80 - create IPUIPlugin
2026-01-20 19:20:57,600 [INFO] PluginManager:220 - loadIPPluginJar : add ucpd
2026-01-20 19:20:57,604 [INFO] IPUIPlugin:80 - create IPUIPlugin
2026-01-20 19:20:57,604 [INFO] PluginManager:220 - loadIPPluginJar : add fmc
2026-01-20 19:20:57,704 [FATAL] Updater:351 - Updater called before beeing initialized
2026-01-20 19:20:57,726 [INFO] RulesReader:64 - Compatibility file has been processed (317 Rules)
2026-01-20 19:20:57,735 [INFO] RulesReader:64 - Compatibility file has been processed (317 Rules)
2026-01-20 19:20:57,742 [INFO] CADModel:165 - CPN selected for project level
2026-01-20 19:20:57,742 [INFO] CADModel:114 - Register for checkConnection events
2026-01-20 19:20:57,742 [FATAL] Updater:351 - Updater called before beeing initialized
2026-01-20 19:20:57,743 [ERROR] CADModel:125 - Updater not yet initialized, retry later 
2026-01-20 19:20:57,903 [FATAL] Updater:351 - Updater called before beeing initialized
2026-01-20 19:20:57,906 [INFO] CADModel:165 - CPN selected for project level
2026-01-20 19:20:57,906 [INFO] CADModel:114 - Register for checkConnection events
2026-01-20 19:20:57,906 [FATAL] Updater:351 - Updater called before beeing initialized
2026-01-20 19:20:57,906 [ERROR] CADModel:125 - Updater not yet initialized, retry later 
2026-01-20 19:20:57,909 [FATAL] Updater:351 - Updater called before beeing initialized
2026-01-20 19:20:58,025 [FATAL] Updater:351 - Updater called before beeing initialized
2026-01-20 19:20:58,029 [INFO] DbMcusAds:53 - JSON generation date=Thu Oct 02 12:36:05 EEST 2025 (1759397765645)
2026-01-20 19:20:58,029 [FATAL] Updater:351 - Updater called before beeing initialized
2026-01-20 19:20:58,064 [WARN] DetailPanel:346 - Failed to get advertising image, set to default
2026-01-20 19:20:58,134 [FATAL] Updater:351 - Updater called before beeing initialized
2026-01-20 19:20:58,136 [FATAL] Updater:351 - Updater called before beeing initialized
2026-01-20 19:20:58,136 [FATAL] Updater:351 - Updater called before beeing initialized
2026-01-20 19:20:58,136 [WARN] DetailPanel:346 - Failed to get advertising image, set to default
2026-01-20 19:20:58,137 [FATAL] Updater:351 - Updater called before beeing initialized
2026-01-20 19:20:58,172 [ERROR] Updater:1198 - MainUpdater not yet initialized. External WinMGr cannot be set.
2026-01-20 19:20:58,174 [INFO] Updater:1134 - Updater Version found : 6.15.0
2026-01-20 19:20:58,190 [INFO] ApplicationProperties:184 - Using Application install path: /home/traian/st/stm32cubeide_1.19.0/plugins/com.st.stm32cube.common.mx_6.15.0.202507011659
2026-01-20 19:20:58,476 [INFO] MainUpdater:2872 - connection check result : 10
2026-01-20 19:20:58,477 [INFO] MainUpdater:289 - Updater Check For Update Now.
2026-01-20 19:20:58,477 [INFO] MicroXplorer:498 - Change Database Version : DB.6.0.150
2026-01-20 19:20:58,484 [INFO] McuFinderGlobals:63 - Set McuFinder mode to 2 (CubeIDE integrated)
2026-01-20 19:20:58,485 [INFO] UserAuth:487 - Internet connection configuration mode: 1
2026-01-20 19:20:58,513 [INFO] JxBrowserEngine:152 - Initiate JxBrowser Engine with user profile folder
2026-01-20 19:20:58,682 [INFO] CheckServerUpdateThread:120 - End of CheckServer Thread
2026-01-20 19:21:00,285 [WARN] PackLoader:240 - Cannot read IP mode file for STMicroelectronics.FP-SNS-MOTENVWB1.1.4.0
2026-01-20 19:21:00,298 [WARN] PackLoader:240 - Cannot read IP mode file for STMicroelectronics.FP-ATR-ASTRA1.2.0.2
2026-01-20 19:21:00,307 [WARN] PackLoader:240 - Cannot read IP mode file for STMicroelectronics.X-CUBE-SMBUS.2.1.0
2026-01-20 19:21:00,329 [WARN] PackLoader:240 - Cannot read IP mode file for STMicroelectronics.X-CUBE-ST60.1.0.0
2026-01-20 19:21:00,384 [WARN] PackLoader:240 - Cannot read IP mode file for STMicroelectronics.X-CUBE-AZRTOS-F7.1.1.0
2026-01-20 19:21:00,397 [WARN] PackLoader:240 - Cannot read IP mode file for Cesanta.I-CUBE-Mongoose.7.19.0
2026-01-20 19:21:00,405 [WARN] PackLoader:240 - Cannot read IP mode file for STMicroelectronics.FP-SNS-MOTENV1.5.1.0
2026-01-20 19:21:00,430 [WARN] PackLoader:240 - Cannot read IP mode file for WES.I-CUBE-Cesium.1.4.0
2026-01-20 19:21:00,461 [WARN] PackLoader:240 - Cannot read IP mode file for Infineon.AIROC-Wi-Fi-Bluetooth-STM32.1.7.1
2026-01-20 19:21:00,505 [WARN] PackLoader:240 - Cannot read IP mode file for STMicroelectronics.X-CUBE-AZRTOS-H7.3.4.0
2026-01-20 19:21:00,505 [INFO] WebApp:169 - Instantiating new browser for Auth
2026-01-20 19:21:00,529 [WARN] PackLoader:240 - Cannot read IP mode file for STMicroelectronics.X-CUBE-DISPLAY.3.0.0
2026-01-20 19:21:00,584 [WARN] PackLoader:240 - Cannot read IP mode file for STMicroelectronics.X-CUBE-NFC10.1.0.0
2026-01-20 19:21:00,617 [WARN] PackLoader:240 - Cannot read IP mode file for STMicroelectronics.X-CUBE-ST60.1.1.0
2026-01-20 19:21:00,642 [WARN] PackLoader:240 - Cannot read IP mode file for emotas.I-CUBE-CANOPEN.1.3.0
2026-01-20 19:21:00,666 [WARN] PackLoader:240 - Cannot read IP mode file for STMicroelectronics.X-CUBE-GNSS1.7.1.0
2026-01-20 19:21:00,702 [WARN] PackLoader:240 - Cannot read IP mode file for STMicroelectronics.FP-SNS-STBOX1.2.1.0
2026-01-20 19:21:00,727 [WARN] PackLoader:240 - Cannot read IP mode file for STMicroelectronics.FP-SNS-SMARTAG2.1.2.0
2026-01-20 19:21:00,746 [WARN] PackLoader:240 - Cannot read IP mode file for STMicroelectronics.FP-SNS-FLIGHT1.5.1.0
2026-01-20 19:21:00,785 [INFO] LogOutputStream:77 - [STDOUT_REDIRECT] 1 : Invalid condition id : UX_CORESTACK_Condition cause : null
2026-01-20 19:21:00,788 [INFO] LogOutputStream:77 - [STDOUT_REDIRECT] 1 : Invalid condition id : UX_CORESTACK_Condition cause : null
2026-01-20 19:21:00,790 [INFO] LogOutputStream:77 - [STDOUT_REDIRECT] 1 : Invalid condition id : UX_CORESTACK_Condition cause : null
2026-01-20 19:21:00,791 [INFO] LogOutputStream:77 - [STDOUT_REDIRECT] 1 : Invalid condition id : UX_CORESTACK_Condition cause : null
2026-01-20 19:21:00,792 [INFO] LogOutputStream:77 - [STDOUT_REDIRECT] 1 : Invalid condition id : UX_CORESTACK_Condition cause : null
2026-01-20 19:21:00,810 [WARN] PackLoader:240 - Cannot read IP mode file for STMicroelectronics.X-CUBE-AZRTOS-WL.2.0.0
2026-01-20 19:21:00,834 [WARN] PackLoader:240 - Cannot read IP mode file for STMicroelectronics.FP-SNS-MOTENV1.5.0.0
2026-01-20 19:21:00,911 [WARN] PackLoader:240 - Cannot read IP mode file for STMicroelectronics.X-CUBE-AZRTOS-H7RS.1.2.0
2026-01-20 19:21:00,938 [WARN] PackLoader:240 - Cannot read IP mode file for STMicroelectronics.X-CUBE-BLE2.3.3.0
2026-01-20 19:21:01,076 [WARN] PackLoader:240 - Cannot read IP mode file for STMicroelectronics.X-CUBE-NFC9.1.0.0
2026-01-20 19:21:01,102 [WARN] PackLoader:240 - Cannot read IP mode file for wolfSSL.I-CUBE-wolfSSL.5.8.2
2026-01-20 19:21:01,119 [WARN] PackLoader:240 - Cannot read IP mode file for STMicroelectronics.X-CUBE-BLE1.7.1.0
2026-01-20 19:21:01,131 [WARN] PackLoader:240 - Cannot read IP mode file for wolfSSL.I-CUBE-wolfMQTT.1.19.2
2026-01-20 19:21:01,153 [WARN] PackLoader:240 - Cannot read IP mode file for STMicroelectronics.X-CUBE-FREERTOS.1.4.0
2026-01-20 19:21:01,175 [WARN] PackLoader:240 - Cannot read IP mode file for STMicroelectronics.X-CUBE-EEPRMA1.5.2.0
2026-01-20 19:21:01,201 [WARN] PackLoader:240 - Cannot read IP mode file for STMicroelectronics.X-CUBE-ST67W61.1.1.0
2026-01-20 19:21:01,380 [WARN] PackLoader:240 - Cannot read IP mode file for STMicroelectronics.X-CUBE-MEMS1.12.0.0
2026-01-20 19:21:01,909 [WARN] PackLoader:240 - Cannot read IP mode file for STMicroelectronics.X-CUBE-AZRTOS-G0.1.1.0
2026-01-20 19:21:01,957 [WARN] PackLoader:240 - Cannot read IP mode file for STMicroelectronics.X-CUBE-SAFEA1.1.2.2
2026-01-20 19:21:01,986 [WARN] PackLoader:240 - Cannot read IP mode file for STMicroelectronics.X-CUBE-NFC4.3.0.0
2026-01-20 19:21:02,032 [WARN] PackLoader:240 - Cannot read IP mode file for EmbeddedOffice.I-CUBE-FS-RTOS.1.0.1
2026-01-20 19:21:02,079 [WARN] PackLoader:240 - Cannot read IP mode file for STMicroelectronics.X-CUBE-WB05N.2.0.0
2026-01-20 19:21:02,100 [WARN] PackLoader:240 - Cannot read IP mode file for wolfSSL.I-CUBE-wolfTPM.3.8.0
2026-01-20 19:21:02,129 [WARN] PackLoader:240 - Cannot read IP mode file for STMicroelectronics.X-CUBE-TCPP.4.2.0
2026-01-20 19:21:02,240 [WARN] PackLoader:240 - Cannot read IP mode file for RealThread.X-CUBE-RT-Thread_Nano.4.1.1
2026-01-20 19:21:02,262 [WARN] PackLoader:240 - Cannot read IP mode file for STMicroelectronics.FP-ATR-SIGFOX1.3.2.0
2026-01-20 19:21:02,291 [WARN] PackLoader:240 - Cannot read IP mode file for ITTIA_DB.I-CUBE-ITTIADB.8.9.0
2026-01-20 19:21:02,311 [WARN] PackLoader:240 - Cannot read IP mode file for STMicroelectronics.X-CUBE-ST67W61.1.0.0
2026-01-20 19:21:02,326 [WARN] PackLoader:240 - Cannot read IP mode file for STMicroelectronics.X-CUBE-AI.10.2.0
2026-01-20 19:21:02,427 [WARN] PackLoader:240 - Cannot read IP mode file for SEGGER.I-CUBE-embOS.1.3.1
2026-01-20 19:21:02,602 [WARN] PackLoader:240 - Cannot read IP mode file for STMicroelectronics.X-CUBE-ALGOBUILD.1.4.0
2026-01-20 19:21:02,856 [WARN] PackLoader:240 - Cannot read IP mode file for STMicroelectronics.X-CUBE-MEMS1.11.3.0
2026-01-20 19:21:03,363 [WARN] PackLoader:240 - Cannot read IP mode file for STMicroelectronics.X-CUBE-PM33A1.1.0.0
2026-01-20 19:21:03,438 [WARN] PackLoader:240 - Cannot read IP mode file for STMicroelectronics.X-CUBE-AZRTOS-F4.1.1.0
2026-01-20 19:21:03,467 [WARN] PackLoader:240 - Cannot read IP mode file for STMicroelectronics.X-CUBE-ISPU.2.1.0
2026-01-20 19:21:03,522 [WARN] PackLoader:240 - Cannot read IP mode file for STMicroelectronics.X-CUBE-IPS.3.2.0
2026-01-20 19:21:03,570 [WARN] PackLoader:240 - Cannot read IP mode file for STMicroelectronics.X-CUBE-NFC12.1.0.0
2026-01-20 19:21:03,688 [WARN] PackLoader:240 - Cannot read IP mode file for STMicroelectronics.X-CUBE-AZRTOS-L5.2.0.0
2026-01-20 19:21:03,725 [WARN] PackLoader:240 - Cannot read IP mode file for STMicroelectronics.X-CUBE-NFC6.3.1.0
2026-01-20 19:21:03,747 [WARN] PackLoader:240 - Cannot read IP mode file for STMicroelectronics.X-CUBE-FREERTOS.1.3.1
2026-01-20 19:21:03,761 [WARN] PackLoader:240 - Cannot read IP mode file for STMicroelectronics.X-CUBE-TOUCHGFX.4.26.0
2026-01-20 19:21:03,779 [WARN] PackLoader:240 - Cannot read IP mode file for STMicroelectronics.FP-SNS-STAIOTCFT.1.0.0
2026-01-20 19:21:03,814 [WARN] PackLoader:240 - Cannot read IP mode file for STMicroelectronics.X-CUBE-DPower.1.3.0
2026-01-20 19:21:03,900 [WARN] ConditionMgr:438 - getConditionDescription Invalid condition id : LAN8742 Phy interface Condition cause : null
2026-01-20 19:21:03,903 [WARN] PackLoader:240 - Cannot read IP mode file for STMicroelectronics.X-CUBE-AZRTOS-L4.2.0.0
2026-01-20 19:21:03,907 [WARN] ConditionMgr:1044 - genDependencies : Invalid condition id : LAN8742 Phy interface Condition cause : null
2026-01-20 19:21:03,908 [WARN] ConditionMgr:1044 - genDependencies : Invalid condition id : LAN8742 Phy interface Condition cause : null
2026-01-20 19:21:03,909 [WARN] ConditionMgr:1044 - genDependencies : Invalid condition id : LAN8742 Phy interface Condition cause : null
2026-01-20 19:21:03,933 [WARN] PackLoader:240 - Cannot read IP mode file for STMicroelectronics.X-CUBE-SFXS2LP1.4.0.0
2026-01-20 19:21:03,963 [WARN] PackLoader:240 - Cannot read IP mode file for STMicroelectronics.X-CUBE-ST67W61.1.2.0
2026-01-20 19:21:04,018 [WARN] PackLoader:240 - Cannot read IP mode file for STMicroelectronics.X-CUBE-BLEMGR.4.1.0
2026-01-20 19:21:04,084 [WARN] ConditionMgr:438 - getConditionDescription Invalid condition id : UX DEVICE CLASS RTOS Condition cause : null
2026-01-20 19:21:04,085 [WARN] ConditionMgr:438 - getConditionDescription Invalid condition id : UX DEVICE CLASS RTOS Condition cause : null
2026-01-20 19:21:04,094 [WARN] PackLoader:240 - Cannot read IP mode file for STMicroelectronics.X-CUBE-AZRTOS-WB.2.0.0
2026-01-20 19:21:04,096 [WARN] ConditionMgr:1044 - genDependencies : Invalid condition id : UX DEVICE CLASS RTOS Condition cause : null
2026-01-20 19:21:04,096 [WARN] ConditionMgr:1044 - genDependencies : Invalid condition id : UX DEVICE CLASS RTOS Condition cause : null
2026-01-20 19:21:04,098 [WARN] ConditionMgr:1044 - genDependencies : Invalid condition id : UX DEVICE CLASS RTOS Condition cause : null
2026-01-20 19:21:04,099 [WARN] ConditionMgr:1044 - genDependencies : Invalid condition id : UX DEVICE CLASS RTOS Condition cause : null
2026-01-20 19:21:04,100 [WARN] ConditionMgr:1044 - genDependencies : Invalid condition id : UX DEVICE CLASS RTOS Condition cause : null
2026-01-20 19:21:04,118 [WARN] PackLoader:240 - Cannot read IP mode file for STMicroelectronics.X-CUBE-GNSS1.7.0.1
2026-01-20 19:21:04,130 [WARN] ConditionMgr:438 - getConditionDescription Invalid condition id : Cortex-A Device cause : null
2026-01-20 19:21:04,155 [WARN] ConditionMgr:1044 - genDependencies : Invalid condition id : Cortex-A Device cause : null
2026-01-20 19:21:04,156 [WARN] ConditionMgr:1044 - genDependencies : Invalid condition id : Cortex-A Device cause : null
2026-01-20 19:21:04,156 [WARN] ConditionMgr:1044 - genDependencies : Invalid condition id : Cortex-A Device cause : null
2026-01-20 19:21:04,187 [WARN] PackLoader:240 - Cannot read IP mode file for STMicroelectronics.X-CUBE-SUBG2.5.0.0
2026-01-20 19:21:04,279 [WARN] PackLoader:240 - Cannot read IP mode file for STMicroelectronics.X-CUBE-AZRTOS-H7RS.1.1.0
2026-01-20 19:21:04,340 [WARN] PackLoader:240 - Cannot read IP mode file for STMicroelectronics.X-CUBE-AZRTOS-G4.2.0.0
2026-01-20 19:21:04,357 [WARN] PackLoader:240 - Cannot read IP mode file for wolfSSL.I-CUBE-wolfSSH.1.4.20
2026-01-20 19:21:04,368 [WARN] PackLoader:240 - Cannot read IP mode file for STMicroelectronics.X-CUBE-NFC7.2.0.0
2026-01-20 19:21:04,396 [INFO] WebApp:463 - Apply proxy settings
2026-01-20 19:21:04,398 [INFO] WebApp:548 - Chromium requires no authentication
2026-01-20 19:21:04,419 [WARN] PackLoader:240 - Cannot read IP mode file for STMicroelectronics.X-CUBE-IPS.3.1.0
2026-01-20 19:21:04,459 [INFO] WebApp:491 - Direct internet connection detected
2026-01-20 19:21:04,466 [WARN] PackLoader:240 - Cannot read IP mode file for STMicroelectronics.X-CUBE-ALS.1.0.2
2026-01-20 19:21:04,491 [WARN] PackLoader:240 - Cannot read IP mode file for STMicroelectronics.X-CUBE-STSE01.1.0.0
2026-01-20 19:21:04,536 [WARN] PackLoader:240 - Cannot read IP mode file for STMicroelectronics.X-CUBE-TOF1.3.4.3
2026-01-20 19:21:04,572 [INFO] ThirdParty:978 - Integrity check success = true
2026-01-20 19:21:04,572 [INFO] IntegrityCheckThread:100 - exiting critical section [integrity check]
2026-01-20 19:21:04,573 [INFO] IntegrityCheckThread:103 - End integrity checks thread
2026-01-20 19:21:04,573 [INFO] WebApp:900 - Register for checkConnection events
2026-01-20 19:21:04,574 [INFO] WebApp:463 - Apply proxy settings
2026-01-20 19:21:04,575 [INFO] WebApp:548 - Chromium requires no authentication
2026-01-20 19:21:04,579 [INFO] WebApp:491 - Direct internet connection detected
2026-01-20 19:21:05,180 [INFO] WebApp:191 - Connection restablished
2026-01-20 19:21:05,315 [INFO] WebApp:225 - Starting web application
2026-01-20 19:21:05,316 [INFO] WebApp:593 - Web application path used /home/traian/st/stm32cubeide_1.19.0/plugins/com.st.stm32cube.common.mx_6.15.0.202507011659/db/plugins/mcufinder/reactClient1/index.html
2026-01-20 19:21:05,822 [INFO] UserAuth:487 - Internet connection configuration mode: 1
2026-01-20 19:58:48,442 [ERROR] LogOutputStream:75 - [STDERR_REDIRECT] 
2026-01-20 21:01:26,632 [INFO] Activator:176 - 


2026-01-20 21:01:26,633 [INFO] Activator:177 - !SESSION log4j initialized
2026-01-20 21:01:29,526 [INFO] LogOutputStream:77 - [STDOUT_REDIRECT] 
2026-01-20 21:01:30,117 [ERROR] ConfigurationRetriever:142 - IOException on connection: sw-center.st.com
2026-01-20 21:01:30,119 [ERROR] ConfigurationRetriever:142 - IOException on connection: sw-center.st.com
2026-01-20 21:01:30,120 [ERROR] ConfigurationRetriever:142 - IOException on connection: sw-center.st.com
2026-01-20 21:01:30,652 [INFO] ApplicationProperties:184 - Using Application install path: /home/traian/st/stm32cubeide_1.19.0/plugins/com.st.stm32cube.common.mx_6.15.0.202507011659
2026-01-20 21:01:30,671 [INFO] DbMcusXml:78 - Set database path to: /home/traian/st/stm32cubeide_1.19.0/plugins/com.st.stm32cube.common.mx_6.15.0.202507011659//db//mcu/
2026-01-20 21:01:30,671 [INFO] ApiDb:274 - Set plugin database path to: /home/traian/st/stm32cubeide_1.19.0/plugins/com.st.stm32cube.common.mx_6.15.0.202507011659//db//plugins/boardmanager/
2026-01-20 21:01:30,671 [WARN] ApiDb:259 - Overriding images path with different value:  => /home/traian/st/stm32cubeide_1.19.0/plugins/com.st.stm32cube.common.mx_6.15.0.202507011659//db//plugins/mcufinder/images/
2026-01-20 21:01:30,682 [INFO] ApiDb:250 - Set database path to: /home/traian/.stmcufinder/plugins/mcufinder//mcu/
2026-01-20 21:01:30,683 [INFO] DbMcusAds:125 - Set database path to: /home/traian/.stmcufinder/plugins/mcufinder//mcu/
2026-01-20 21:01:30,686 [INFO] CrossReferenceDbSqlite:203 - Set database path to: /home/traian/.stmcufinder/plugins/mcufinder//mcu/cs/
2026-01-20 21:01:30,825 [INFO] RulesReader:64 - Compatibility file has been processed (317 Rules)
2026-01-20 21:01:30,901 [INFO] DbMcusXml:78 - Set database path to: /home/traian/st/stm32cubeide_1.19.0/plugins/com.st.stm32cube.common.mx_6.15.0.202507011659//db//mcu/
2026-01-20 21:01:30,901 [INFO] ApiDb:274 - Set plugin database path to: /home/traian/st/stm32cubeide_1.19.0/plugins/com.st.stm32cube.common.mx_6.15.0.202507011659//db//plugins/boardmanager/
2026-01-20 21:01:30,901 [INFO] ApiDb:261 - Set plugin images path to: /home/traian/st/stm32cubeide_1.19.0/plugins/com.st.stm32cube.common.mx_6.15.0.202507011659//db//plugins/mcufinder/images/
2026-01-20 21:01:30,902 [WARN] DbFile:41 - Overriding database path with different value: /home/traian/.stmcufinder/plugins/mcufinder/ => /home/traian/.stmcufinder/plugins/mcufinder
2026-01-20 21:01:30,902 [INFO] ApiDb:250 - Set database path to: /home/traian/.stmcufinder/plugins/mcufinder//mcu/
2026-01-20 21:01:30,902 [WARN] DbFile:41 - Overriding database path with different value: /home/traian/.stmcufinder/plugins/mcufinder/ => /home/traian/.stmcufinder/plugins/mcufinder
2026-01-20 21:01:30,902 [INFO] DbMcusAds:125 - Set database path to: /home/traian/.stmcufinder/plugins/mcufinder//mcu/
2026-01-20 21:01:30,902 [WARN] DbFile:41 - Overriding database path with different value: /home/traian/.stmcufinder/plugins/mcufinder/ => /home/traian/.stmcufinder/plugins/mcufinder
2026-01-20 21:01:30,903 [WARN] DbFile:41 - Overriding database path with different value: /home/traian/.stmcufinder/plugins/mcufinder/ => /home/traian/.stmcufinder/plugins/mcufinder
2026-01-20 21:01:30,903 [INFO] CrossReferenceDbSqlite:203 - Set database path to: /home/traian/.stmcufinder/plugins/mcufinder//mcu/cs/
2026-01-20 21:01:30,971 [INFO] MainPanel:274 - HeapMemory: 268435456
2026-01-20 21:01:31,086 [INFO] DbMcusXml:78 - Set database path to: /home/traian/st/stm32cubeide_1.19.0/plugins/com.st.stm32cube.common.mx_6.15.0.202507011659//db//mcu/
2026-01-20 21:01:31,086 [INFO] ApiDb:274 - Set plugin database path to: /home/traian/st/stm32cubeide_1.19.0/plugins/com.st.stm32cube.common.mx_6.15.0.202507011659//db//plugins/boardmanager/
2026-01-20 21:01:31,086 [INFO] ApiDb:261 - Set plugin images path to: /home/traian/st/stm32cubeide_1.19.0/plugins/com.st.stm32cube.common.mx_6.15.0.202507011659//db//plugins/mcufinder/images/
2026-01-20 21:01:31,086 [WARN] DbFile:41 - Overriding database path with different value: /home/traian/.stmcufinder/plugins/mcufinder/ => /home/traian/.stmcufinder/plugins/mcufinder
2026-01-20 21:01:31,086 [INFO] ApiDb:250 - Set database path to: /home/traian/.stmcufinder/plugins/mcufinder//mcu/
2026-01-20 21:01:31,086 [WARN] DbFile:41 - Overriding database path with different value: /home/traian/.stmcufinder/plugins/mcufinder/ => /home/traian/.stmcufinder/plugins/mcufinder
2026-01-20 21:01:31,086 [INFO] DbMcusAds:125 - Set database path to: /home/traian/.stmcufinder/plugins/mcufinder//mcu/
2026-01-20 21:01:31,086 [WARN] DbFile:41 - Overriding database path with different value: /home/traian/.stmcufinder/plugins/mcufinder/ => /home/traian/.stmcufinder/plugins/mcufinder
2026-01-20 21:01:31,086 [WARN] DbFile:41 - Overriding database path with different value: /home/traian/.stmcufinder/plugins/mcufinder/ => /home/traian/.stmcufinder/plugins/mcufinder
2026-01-20 21:01:31,087 [INFO] CrossReferenceDbSqlite:203 - Set database path to: /home/traian/.stmcufinder/plugins/mcufinder//mcu/cs/
2026-01-20 21:01:31,100 [INFO] ApplicationProperties:184 - Using Application install path: /home/traian/st/stm32cubeide_1.19.0/plugins/com.st.stm32cube.common.mx_6.15.0.202507011659
2026-01-20 21:01:31,101 [INFO] PluginManage:196 - Search for loadable plugins [exclusion list=, ]
2026-01-20 21:01:31,102 [INFO] PluginManage:310 - Check plugin analytics
2026-01-20 21:01:31,295 [INFO] AnalyticsPlugin:253 - Accepted Software Licenses: 
2026-01-20 21:01:31,302 [INFO] AnalyticsPlugin:255 - Accepted CMSIS Pack Licenses: 
2026-01-20 21:01:31,303 [INFO] AnalyticsPlugin:257 - Accepted Firmware Licenses: FW.U5.1.8.0
2026-01-20 21:01:31,305 [ERROR] ConfigurationRetriever:142 - IOException on connection: sw-center.st.com
2026-01-20 21:01:31,306 [ERROR] ConfigurationRetriever:142 - IOException on connection: sw-center.st.com
2026-01-20 21:01:31,307 [ERROR] ConfigurationRetriever:142 - IOException on connection: sw-center.st.com
2026-01-20 21:01:31,307 [INFO] PluginManage:359 - Loaded plugin analytics (category:tool,tabindex:-1)
2026-01-20 21:01:31,307 [INFO] PluginManage:310 - Check plugin cadmodel
2026-01-20 21:01:31,312 [INFO] CADModel:105 - Init CAD model plugin
2026-01-20 21:01:31,312 [INFO] PluginManage:359 - Loaded plugin cadmodel (category:power,tabindex:5)
2026-01-20 21:01:31,313 [INFO] PluginManage:310 - Check plugin clock
2026-01-20 21:01:31,323 [INFO] PluginManage:359 - Loaded plugin clock (category:base,tabindex:2)
2026-01-20 21:01:31,323 [INFO] PluginManage:310 - Check plugin ddr
2026-01-20 21:01:31,325 [INFO] PluginManage:359 - Loaded plugin ddr (category:tool,tabindex:6)
2026-01-20 21:01:31,326 [INFO] PluginManage:310 - Check plugin filemanager
2026-01-20 21:01:31,505 [INFO] PluginManage:359 - Loaded plugin filemanager (category:base,tabindex:10)
2026-01-20 21:01:31,505 [INFO] PluginManage:310 - Check plugin ipmanager
2026-01-20 21:01:31,510 [INFO] PluginManage:359 - Loaded plugin ipmanager (category:base,tabindex:5)
2026-01-20 21:01:31,510 [INFO] PluginManage:310 - Check plugin lpbam
2026-01-20 21:01:31,523 [INFO] PluginManage:359 - Loaded plugin lpbam (category:base,tabindex:0)
2026-01-20 21:01:31,523 [INFO] PluginManage:310 - Check plugin memorymap
2026-01-20 21:01:31,539 [INFO] PluginManage:359 - Loaded plugin memorymap (category:base,tabindex:4)
2026-01-20 21:01:31,539 [INFO] PluginManage:310 - Check plugin pinoutandconfiguration
2026-01-20 21:01:31,555 [INFO] PluginManage:359 - Loaded plugin pinoutandconfiguration (category:base,tabindex:1)
2026-01-20 21:01:31,555 [INFO] PluginManage:310 - Check plugin pinoutconfig
2026-01-20 21:01:31,688 [WARN] SupportedApi:132 - Cannot load RTOS API schema: s4s-elt-must-match.1: The content of 'definitions' must match (annotation?, (simpleType | complexType)?, (unique | key | keyref)*)). A problem was found starting at: attribute.
2026-01-20 21:01:31,867 [INFO] PluginManage:359 - Loaded plugin pinoutconfig (category:base,tabindex:0)
2026-01-20 21:01:31,867 [INFO] PluginManage:310 - Check plugin power
2026-01-20 21:01:31,882 [INFO] PluginManage:359 - Loaded plugin power (category:power,tabindex:4)
2026-01-20 21:01:31,882 [INFO] PluginManage:310 - Check plugin projectmanager
2026-01-20 21:01:31,909 [INFO] PluginManage:359 - Loaded plugin projectmanager (category:projectmanager,tabindex:4)
2026-01-20 21:01:31,909 [INFO] PluginManage:310 - Check plugin rif
2026-01-20 21:01:31,924 [INFO] PluginManage:359 - Loaded plugin rif (category:base,tabindex:3)
2026-01-20 21:01:31,924 [INFO] PluginManage:310 - Check plugin thirdparty
2026-01-20 21:01:32,090 [INFO] PluginManage:359 - Loaded plugin thirdparty (category:base,tabindex:-1)
2026-01-20 21:01:32,089 [WARN] IntegrityCheckThread:84 - waiting for thirdparty lock release [integrity check]
2026-01-20 21:01:32,090 [INFO] PluginManage:310 - Check plugin tools
2026-01-20 21:01:32,090 [INFO] IntegrityCheckThread:86 - entering critical section [integrity check]
2026-01-20 21:01:32,090 [INFO] ThirdPartyUpdaterWithRetryManager:70 - Updater plugin not ready yet. [1/15]
2026-01-20 21:01:32,093 [INFO] PluginManage:359 - Loaded plugin tools (category:base,tabindex:7)
2026-01-20 21:01:32,094 [INFO] PluginManage:310 - Check plugin tutovideos
2026-01-20 21:01:32,282 [INFO] PluginManage:359 - Loaded plugin tutovideos (category:base,tabindex:-1)
2026-01-20 21:01:32,283 [INFO] PluginManage:310 - Check plugin updater
2026-01-20 21:01:32,301 [INFO] PluginManage:359 - Loaded plugin updater (category:base,tabindex:12)
2026-01-20 21:01:32,301 [INFO] PluginManage:310 - Check plugin userauth
2026-01-20 21:01:32,304 [INFO] UserAuth:118 - Init User Auth plugin
2026-01-20 21:01:32,304 [INFO] PluginManage:359 - Loaded plugin userauth (category:base,tabindex:14)
2026-01-20 21:01:32,304 [INFO] PluginManage:283 - PluginManage : Loaded plugins [18]
2026-01-20 21:01:32,437 [INFO] PinOutPanel:1589 - setPackage(No Configuration,No Configuration)
2026-01-20 21:01:32,487 [INFO] CADModel:165 - CPN selected for project level
2026-01-20 21:01:32,487 [INFO] CADModel:114 - Register for checkConnection events
2026-01-20 21:01:32,500 [INFO] IPUIPlugin:80 - create IPUIPlugin
2026-01-20 21:01:32,500 [INFO] PluginManager:220 - loadIPPluginJar : add i2c
2026-01-20 21:01:32,503 [INFO] IPUIPlugin:80 - create IPUIPlugin
2026-01-20 21:01:32,503 [INFO] PluginManager:220 - loadIPPluginJar : add i2s
2026-01-20 21:01:32,506 [INFO] IPUIPlugin:80 - create IPUIPlugin
2026-01-20 21:01:32,506 [INFO] PluginManager:220 - loadIPPluginJar : add resmgrutility
2026-01-20 21:01:32,508 [INFO] IPUIPlugin:80 - create IPUIPlugin
2026-01-20 21:01:32,508 [INFO] PluginManager:220 - loadIPPluginJar : add hash
2026-01-20 21:01:32,510 [INFO] IPUIPlugin:80 - create IPUIPlugin
2026-01-20 21:01:32,510 [INFO] PluginManager:220 - loadIPPluginJar : add usbx
2026-01-20 21:01:32,515 [INFO] IPUIPlugin:80 - create IPUIPlugin
2026-01-20 21:01:32,517 [INFO] PluginManager:220 - loadIPPluginJar : add plateformsettings
2026-01-20 21:01:32,520 [INFO] IPUIPlugin:80 - create IPUIPlugin
2026-01-20 21:01:32,520 [INFO] PluginManager:220 - loadIPPluginJar : add dma3
2026-01-20 21:01:32,524 [INFO] IPUIPlugin:80 - create IPUIPlugin
2026-01-20 21:01:32,524 [INFO] PluginManager:220 - loadIPPluginJar : add ddr_ctrl_phy
2026-01-20 21:01:32,525 [INFO] IPUIPlugin:80 - create IPUIPlugin
2026-01-20 21:01:32,525 [INFO] PluginManager:220 - loadIPPluginJar : add quadspi
2026-01-20 21:01:32,526 [INFO] IPUIPlugin:80 - create IPUIPlugin
2026-01-20 21:01:32,526 [INFO] PluginManager:220 - loadIPPluginJar : add ltdc
2026-01-20 21:01:32,528 [INFO] IPUIPlugin:80 - create IPUIPlugin
2026-01-20 21:01:32,528 [INFO] PluginManager:220 - loadIPPluginJar : add opamp
2026-01-20 21:01:32,529 [INFO] IPUIPlugin:80 - create IPUIPlugin
2026-01-20 21:01:32,529 [INFO] PluginManager:220 - loadIPPluginJar : add tim
2026-01-20 21:01:32,532 [INFO] IPUIPlugin:80 - create IPUIPlugin
2026-01-20 21:01:32,532 [INFO] PluginManager:220 - loadIPPluginJar : add ipddr
2026-01-20 21:01:32,533 [INFO] IPUIPlugin:80 - create IPUIPlugin
2026-01-20 21:01:32,533 [INFO] PluginManager:220 - loadIPPluginJar : add fatfs
2026-01-20 21:01:32,538 [INFO] IPUIPlugin:80 - create IPUIPlugin
2026-01-20 21:01:32,538 [INFO] PluginManager:220 - loadIPPluginJar : add adc
2026-01-20 21:01:32,539 [INFO] IPUIPlugin:80 - create IPUIPlugin
2026-01-20 21:01:32,539 [INFO] PluginManager:220 - loadIPPluginJar : add dfsdm
2026-01-20 21:01:32,542 [INFO] IPUIPlugin:80 - create IPUIPlugin
2026-01-20 21:01:32,542 [INFO] PluginManager:220 - loadIPPluginJar : add nvic
2026-01-20 21:01:32,545 [INFO] IPUIPlugin:80 - create IPUIPlugin
2026-01-20 21:01:32,545 [INFO] PluginManager:220 - loadIPPluginJar : add sai
2026-01-20 21:01:32,549 [INFO] IPUIPlugin:80 - create IPUIPlugin
2026-01-20 21:01:32,549 [INFO] PluginManager:220 - loadIPPluginJar : add touchsensing
2026-01-20 21:01:32,551 [INFO] IPUIPlugin:80 - create IPUIPlugin
2026-01-20 21:01:32,551 [INFO] PluginManager:220 - loadIPPluginJar : add comp
2026-01-20 21:01:32,553 [INFO] IPUIPlugin:80 - create IPUIPlugin
2026-01-20 21:01:32,553 [INFO] PluginManager:220 - loadIPPluginJar : add aes
2026-01-20 21:01:32,559 [INFO] IPUIPlugin:80 - create IPUIPlugin
2026-01-20 21:01:32,560 [INFO] PluginManager:220 - loadIPPluginJar : add freertos
2026-01-20 21:01:32,561 [INFO] IPUIPlugin:80 - create IPUIPlugin
2026-01-20 21:01:32,562 [INFO] PluginManager:220 - loadIPPluginJar : add radio
2026-01-20 21:01:32,563 [INFO] IPUIPlugin:80 - create IPUIPlugin
2026-01-20 21:01:32,564 [INFO] PluginManager:220 - loadIPPluginJar : add tracer_emb
2026-01-20 21:01:32,565 [INFO] IPUIPlugin:80 - create IPUIPlugin
2026-01-20 21:01:32,566 [INFO] PluginManager:220 - loadIPPluginJar : add cryp
2026-01-20 21:01:32,567 [INFO] IPUIPlugin:80 - create IPUIPlugin
2026-01-20 21:01:32,567 [INFO] PluginManager:220 - loadIPPluginJar : add can
2026-01-20 21:01:32,573 [INFO] IPUIPlugin:80 - create IPUIPlugin
2026-01-20 21:01:32,573 [INFO] PluginManager:220 - loadIPPluginJar : add mdma
2026-01-20 21:01:32,577 [INFO] IPUIPlugin:80 - create IPUIPlugin
2026-01-20 21:01:32,578 [INFO] PluginManager:220 - loadIPPluginJar : add dma
2026-01-20 21:01:32,584 [INFO] IPUIPlugin:80 - create IPUIPlugin
2026-01-20 21:01:32,584 [INFO] PluginManager:220 - loadIPPluginJar : add linkedlist
2026-01-20 21:01:32,586 [INFO] IPUIPlugin:80 - create IPUIPlugin
2026-01-20 21:01:32,587 [INFO] PluginManager:220 - loadIPPluginJar : add pdm2pcm
2026-01-20 21:01:32,590 [INFO] IPUIPlugin:80 - create IPUIPlugin
2026-01-20 21:01:32,590 [INFO] PluginManager:220 - loadIPPluginJar : add gpio
2026-01-20 21:01:32,594 [INFO] IPUIPlugin:80 - create IPUIPlugin
2026-01-20 21:01:32,594 [INFO] PluginManager:220 - loadIPPluginJar : add extmemmanager
2026-01-20 21:01:32,598 [INFO] IPUIPlugin:80 - create IPUIPlugin
2026-01-20 21:01:32,598 [INFO] PluginManager:220 - loadIPPluginJar : add gic
2026-01-20 21:01:32,599 [INFO] IPUIPlugin:80 - create IPUIPlugin
2026-01-20 21:01:32,599 [INFO] PluginManager:220 - loadIPPluginJar : add lorawan
2026-01-20 21:01:32,601 [INFO] IPUIPlugin:80 - create IPUIPlugin
2026-01-20 21:01:32,601 [INFO] PluginManager:220 - loadIPPluginJar : add tsc
2026-01-20 21:01:32,602 [INFO] IPUIPlugin:80 - create IPUIPlugin
2026-01-20 21:01:32,602 [INFO] PluginManager:220 - loadIPPluginJar : add spi
2026-01-20 21:01:32,607 [INFO] IPUIPlugin:80 - create IPUIPlugin
2026-01-20 21:01:32,607 [INFO] PluginManager:220 - loadIPPluginJar : add stm32_wpan
2026-01-20 21:01:32,608 [INFO] IPUIPlugin:80 - create IPUIPlugin
2026-01-20 21:01:32,608 [INFO] PluginManager:220 - loadIPPluginJar : add openamp
2026-01-20 21:01:32,617 [INFO] IPUIPlugin:80 - create IPUIPlugin
2026-01-20 21:01:32,618 [INFO] PluginManager:220 - loadIPPluginJar : add ts
2026-01-20 21:01:32,620 [INFO] IPUIPlugin:80 - create IPUIPlugin
2026-01-20 21:01:32,620 [INFO] PluginManager:220 - loadIPPluginJar : add gtzc
2026-01-20 21:01:32,622 [INFO] IPUIPlugin:80 - create IPUIPlugin
2026-01-20 21:01:32,623 [INFO] PluginManager:220 - loadIPPluginJar : add i3c
2026-01-20 21:01:32,624 [INFO] IPUIPlugin:80 - create IPUIPlugin
2026-01-20 21:01:32,624 [INFO] PluginManager:220 - loadIPPluginJar : add genericplugin
2026-01-20 21:01:32,625 [INFO] IPUIPlugin:80 - create IPUIPlugin
2026-01-20 21:01:32,625 [INFO] PluginManager:220 - loadIPPluginJar : add gfxmmu
2026-01-20 21:01:32,626 [INFO] IPUIPlugin:80 - create IPUIPlugin
2026-01-20 21:01:32,627 [INFO] PluginManager:220 - loadIPPluginJar : add usart
2026-01-20 21:01:32,628 [INFO] IPUIPlugin:80 - create IPUIPlugin
2026-01-20 21:01:32,628 [INFO] PluginManager:220 - loadIPPluginJar : add ucpd
2026-01-20 21:01:32,630 [INFO] IPUIPlugin:80 - create IPUIPlugin
2026-01-20 21:01:32,631 [INFO] PluginManager:220 - loadIPPluginJar : add fmc
2026-01-20 21:01:32,723 [FATAL] Updater:351 - Updater called before beeing initialized
2026-01-20 21:01:32,743 [INFO] RulesReader:64 - Compatibility file has been processed (317 Rules)
2026-01-20 21:01:32,751 [INFO] RulesReader:64 - Compatibility file has been processed (317 Rules)
2026-01-20 21:01:32,758 [INFO] CADModel:165 - CPN selected for project level
2026-01-20 21:01:32,758 [INFO] CADModel:114 - Register for checkConnection events
2026-01-20 21:01:32,758 [FATAL] Updater:351 - Updater called before beeing initialized
2026-01-20 21:01:32,758 [ERROR] CADModel:125 - Updater not yet initialized, retry later 
2026-01-20 21:01:32,886 [FATAL] Updater:351 - Updater called before beeing initialized
2026-01-20 21:01:32,888 [INFO] CADModel:165 - CPN selected for project level
2026-01-20 21:01:32,888 [INFO] CADModel:114 - Register for checkConnection events
2026-01-20 21:01:32,888 [FATAL] Updater:351 - Updater called before beeing initialized
2026-01-20 21:01:32,888 [ERROR] CADModel:125 - Updater not yet initialized, retry later 
2026-01-20 21:01:32,891 [FATAL] Updater:351 - Updater called before beeing initialized
2026-01-20 21:01:32,962 [FATAL] Updater:351 - Updater called before beeing initialized
2026-01-20 21:01:32,966 [INFO] DbMcusAds:53 - JSON generation date=Thu Oct 02 12:36:05 EEST 2025 (1759397765645)
2026-01-20 21:01:32,966 [FATAL] Updater:351 - Updater called before beeing initialized
2026-01-20 21:01:32,992 [WARN] DetailPanel:346 - Failed to get advertising image, set to default
2026-01-20 21:01:33,056 [FATAL] Updater:351 - Updater called before beeing initialized
2026-01-20 21:01:33,057 [FATAL] Updater:351 - Updater called before beeing initialized
2026-01-20 21:01:33,057 [FATAL] Updater:351 - Updater called before beeing initialized
2026-01-20 21:01:33,058 [WARN] DetailPanel:346 - Failed to get advertising image, set to default
2026-01-20 21:01:33,059 [FATAL] Updater:351 - Updater called before beeing initialized
2026-01-20 21:01:33,099 [ERROR] Updater:1198 - MainUpdater not yet initialized. External WinMGr cannot be set.
2026-01-20 21:01:33,100 [INFO] Updater:1134 - Updater Version found : 6.15.0
2026-01-20 21:01:33,127 [INFO] ApplicationProperties:184 - Using Application install path: /home/traian/st/stm32cubeide_1.19.0/plugins/com.st.stm32cube.common.mx_6.15.0.202507011659
2026-01-20 21:01:33,346 [INFO] MainUpdater:2872 - connection check result : 22
2026-01-20 21:01:33,347 [INFO] MainUpdater:289 - Updater Check For Update Now.
2026-01-20 21:01:33,347 [INFO] MicroXplorer:498 - Change Database Version : DB.6.0.150
2026-01-20 21:01:33,352 [INFO] McuFinderGlobals:63 - Set McuFinder mode to 2 (CubeIDE integrated)
2026-01-20 21:01:33,353 [INFO] UserAuth:487 - Internet connection configuration mode: 2
2026-01-20 21:01:33,362 [INFO] UserAuth:487 - Internet connection configuration mode: 2
2026-01-20 21:01:33,555 [INFO] CheckServerUpdateThread:120 - End of CheckServer Thread
2026-01-20 21:01:35,174 [WARN] PackLoader:240 - Cannot read IP mode file for STMicroelectronics.FP-SNS-MOTENVWB1.1.4.0
2026-01-20 21:01:35,179 [WARN] PackLoader:240 - Cannot read IP mode file for STMicroelectronics.FP-ATR-ASTRA1.2.0.2
2026-01-20 21:01:35,184 [WARN] PackLoader:240 - Cannot read IP mode file for STMicroelectronics.X-CUBE-SMBUS.2.1.0
2026-01-20 21:01:35,187 [WARN] PackLoader:240 - Cannot read IP mode file for STMicroelectronics.X-CUBE-ST60.1.0.0
2026-01-20 21:01:35,226 [WARN] PackLoader:240 - Cannot read IP mode file for STMicroelectronics.X-CUBE-AZRTOS-F7.1.1.0
2026-01-20 21:01:35,232 [WARN] PackLoader:240 - Cannot read IP mode file for Cesanta.I-CUBE-Mongoose.7.19.0
2026-01-20 21:01:35,235 [WARN] PackLoader:240 - Cannot read IP mode file for STMicroelectronics.FP-SNS-MOTENV1.5.1.0
2026-01-20 21:01:35,242 [WARN] PackLoader:240 - Cannot read IP mode file for WES.I-CUBE-Cesium.1.4.0
2026-01-20 21:01:35,258 [WARN] PackLoader:240 - Cannot read IP mode file for Infineon.AIROC-Wi-Fi-Bluetooth-STM32.1.7.1
2026-01-20 21:01:35,279 [WARN] PackLoader:240 - Cannot read IP mode file for STMicroelectronics.X-CUBE-AZRTOS-H7.3.4.0
2026-01-20 21:01:35,291 [WARN] PackLoader:240 - Cannot read IP mode file for STMicroelectronics.X-CUBE-DISPLAY.3.0.0
2026-01-20 21:01:35,304 [WARN] PackLoader:240 - Cannot read IP mode file for STMicroelectronics.X-CUBE-NFC10.1.0.0
2026-01-20 21:01:35,308 [WARN] PackLoader:240 - Cannot read IP mode file for STMicroelectronics.X-CUBE-ST60.1.1.0
2026-01-20 21:01:35,311 [WARN] PackLoader:240 - Cannot read IP mode file for emotas.I-CUBE-CANOPEN.1.3.0
2026-01-20 21:01:35,315 [WARN] PackLoader:240 - Cannot read IP mode file for STMicroelectronics.X-CUBE-GNSS1.7.1.0
2026-01-20 21:01:35,319 [WARN] PackLoader:240 - Cannot read IP mode file for STMicroelectronics.FP-SNS-STBOX1.2.1.0
2026-01-20 21:01:35,324 [WARN] PackLoader:240 - Cannot read IP mode file for STMicroelectronics.FP-SNS-SMARTAG2.1.2.0
2026-01-20 21:01:35,326 [WARN] PackLoader:240 - Cannot read IP mode file for STMicroelectronics.FP-SNS-FLIGHT1.5.1.0
2026-01-20 21:01:35,335 [INFO] LogOutputStream:77 - [STDOUT_REDIRECT] 1 : Invalid condition id : UX_CORESTACK_Condition cause : null
2026-01-20 21:01:35,336 [INFO] LogOutputStream:77 - [STDOUT_REDIRECT] 1 : Invalid condition id : UX_CORESTACK_Condition cause : null
2026-01-20 21:01:35,336 [INFO] LogOutputStream:77 - [STDOUT_REDIRECT] 1 : Invalid condition id : UX_CORESTACK_Condition cause : null
2026-01-20 21:01:35,337 [INFO] LogOutputStream:77 - [STDOUT_REDIRECT] 1 : Invalid condition id : UX_CORESTACK_Condition cause : null
2026-01-20 21:01:35,337 [INFO] LogOutputStream:77 - [STDOUT_REDIRECT] 1 : Invalid condition id : UX_CORESTACK_Condition cause : null
2026-01-20 21:01:35,342 [WARN] PackLoader:240 - Cannot read IP mode file for STMicroelectronics.X-CUBE-AZRTOS-WL.2.0.0
2026-01-20 21:01:35,347 [WARN] PackLoader:240 - Cannot read IP mode file for STMicroelectronics.FP-SNS-MOTENV1.5.0.0
2026-01-20 21:01:35,368 [WARN] PackLoader:240 - Cannot read IP mode file for STMicroelectronics.X-CUBE-AZRTOS-H7RS.1.2.0
2026-01-20 21:01:35,376 [WARN] PackLoader:240 - Cannot read IP mode file for STMicroelectronics.X-CUBE-BLE2.3.3.0
2026-01-20 21:01:35,407 [WARN] PackLoader:240 - Cannot read IP mode file for STMicroelectronics.X-CUBE-NFC9.1.0.0
2026-01-20 21:01:35,430 [WARN] PackLoader:240 - Cannot read IP mode file for wolfSSL.I-CUBE-wolfSSL.5.8.2
2026-01-20 21:01:35,439 [WARN] PackLoader:240 - Cannot read IP mode file for STMicroelectronics.X-CUBE-BLE1.7.1.0
2026-01-20 21:01:35,444 [WARN] PackLoader:240 - Cannot read IP mode file for wolfSSL.I-CUBE-wolfMQTT.1.19.2
2026-01-20 21:01:35,454 [WARN] PackLoader:240 - Cannot read IP mode file for STMicroelectronics.X-CUBE-FREERTOS.1.4.0
2026-01-20 21:01:35,464 [WARN] PackLoader:240 - Cannot read IP mode file for STMicroelectronics.X-CUBE-EEPRMA1.5.2.0
2026-01-20 21:01:35,476 [WARN] PackLoader:240 - Cannot read IP mode file for STMicroelectronics.X-CUBE-ST67W61.1.1.0
2026-01-20 21:01:35,605 [WARN] PackLoader:240 - Cannot read IP mode file for STMicroelectronics.X-CUBE-MEMS1.12.0.0
2026-01-20 21:01:35,772 [WARN] PackLoader:240 - Cannot read IP mode file for STMicroelectronics.X-CUBE-AZRTOS-G0.1.1.0
2026-01-20 21:01:35,780 [WARN] PackLoader:240 - Cannot read IP mode file for STMicroelectronics.X-CUBE-SAFEA1.1.2.2
2026-01-20 21:01:35,784 [WARN] PackLoader:240 - Cannot read IP mode file for STMicroelectronics.X-CUBE-NFC4.3.0.0
2026-01-20 21:01:35,793 [WARN] PackLoader:240 - Cannot read IP mode file for EmbeddedOffice.I-CUBE-FS-RTOS.1.0.1
2026-01-20 21:01:35,798 [WARN] PackLoader:240 - Cannot read IP mode file for STMicroelectronics.X-CUBE-WB05N.2.0.0
2026-01-20 21:01:35,802 [WARN] PackLoader:240 - Cannot read IP mode file for wolfSSL.I-CUBE-wolfTPM.3.8.0
2026-01-20 21:01:35,807 [WARN] PackLoader:240 - Cannot read IP mode file for STMicroelectronics.X-CUBE-TCPP.4.2.0
2026-01-20 21:01:35,812 [WARN] PackLoader:240 - Cannot read IP mode file for RealThread.X-CUBE-RT-Thread_Nano.4.1.1
2026-01-20 21:01:35,816 [WARN] PackLoader:240 - Cannot read IP mode file for STMicroelectronics.FP-ATR-SIGFOX1.3.2.0
2026-01-20 21:01:35,821 [WARN] PackLoader:240 - Cannot read IP mode file for ITTIA_DB.I-CUBE-ITTIADB.8.9.0
2026-01-20 21:01:35,828 [WARN] PackLoader:240 - Cannot read IP mode file for STMicroelectronics.X-CUBE-ST67W61.1.0.0
2026-01-20 21:01:35,832 [WARN] PackLoader:240 - Cannot read IP mode file for STMicroelectronics.X-CUBE-AI.10.2.0
2026-01-20 21:01:35,857 [WARN] PackLoader:240 - Cannot read IP mode file for SEGGER.I-CUBE-embOS.1.3.1
2026-01-20 21:01:35,892 [WARN] PackLoader:240 - Cannot read IP mode file for STMicroelectronics.X-CUBE-ALGOBUILD.1.4.0
2026-01-20 21:01:35,942 [WARN] PackLoader:240 - Cannot read IP mode file for STMicroelectronics.X-CUBE-MEMS1.11.3.0
2026-01-20 21:01:36,079 [WARN] PackLoader:240 - Cannot read IP mode file for STMicroelectronics.X-CUBE-PM33A1.1.0.0
2026-01-20 21:01:36,095 [WARN] PackLoader:240 - Cannot read IP mode file for STMicroelectronics.X-CUBE-AZRTOS-F4.1.1.0
2026-01-20 21:01:36,101 [WARN] PackLoader:240 - Cannot read IP mode file for STMicroelectronics.X-CUBE-ISPU.2.1.0
2026-01-20 21:01:36,114 [WARN] PackLoader:240 - Cannot read IP mode file for STMicroelectronics.X-CUBE-IPS.3.2.0
2026-01-20 21:01:36,128 [WARN] PackLoader:240 - Cannot read IP mode file for STMicroelectronics.X-CUBE-NFC12.1.0.0
2026-01-20 21:01:36,145 [WARN] PackLoader:240 - Cannot read IP mode file for STMicroelectronics.X-CUBE-AZRTOS-L5.2.0.0
2026-01-20 21:01:36,153 [WARN] PackLoader:240 - Cannot read IP mode file for STMicroelectronics.X-CUBE-NFC6.3.1.0
2026-01-20 21:01:36,160 [WARN] PackLoader:240 - Cannot read IP mode file for STMicroelectronics.X-CUBE-FREERTOS.1.3.1
2026-01-20 21:01:36,164 [WARN] PackLoader:240 - Cannot read IP mode file for STMicroelectronics.X-CUBE-TOUCHGFX.4.26.0
2026-01-20 21:01:36,179 [WARN] PackLoader:240 - Cannot read IP mode file for STMicroelectronics.FP-SNS-STAIOTCFT.1.0.0
2026-01-20 21:01:36,189 [WARN] PackLoader:240 - Cannot read IP mode file for STMicroelectronics.X-CUBE-DPower.1.3.0
2026-01-20 21:01:36,218 [WARN] ConditionMgr:438 - getConditionDescription Invalid condition id : LAN8742 Phy interface Condition cause : null
2026-01-20 21:01:36,218 [WARN] PackLoader:240 - Cannot read IP mode file for STMicroelectronics.X-CUBE-AZRTOS-L4.2.0.0
2026-01-20 21:01:36,221 [WARN] ConditionMgr:1044 - genDependencies : Invalid condition id : LAN8742 Phy interface Condition cause : null
2026-01-20 21:01:36,221 [WARN] ConditionMgr:1044 - genDependencies : Invalid condition id : LAN8742 Phy interface Condition cause : null
2026-01-20 21:01:36,223 [WARN] ConditionMgr:1044 - genDependencies : Invalid condition id : LAN8742 Phy interface Condition cause : null
2026-01-20 21:01:36,234 [WARN] PackLoader:240 - Cannot read IP mode file for STMicroelectronics.X-CUBE-SFXS2LP1.4.0.0
2026-01-20 21:01:36,244 [WARN] PackLoader:240 - Cannot read IP mode file for STMicroelectronics.X-CUBE-ST67W61.1.2.0
2026-01-20 21:01:36,260 [WARN] PackLoader:240 - Cannot read IP mode file for STMicroelectronics.X-CUBE-BLEMGR.4.1.0
2026-01-20 21:01:36,315 [WARN] ConditionMgr:438 - getConditionDescription Invalid condition id : UX DEVICE CLASS RTOS Condition cause : null
2026-01-20 21:01:36,316 [WARN] ConditionMgr:438 - getConditionDescription Invalid condition id : UX DEVICE CLASS RTOS Condition cause : null
2026-01-20 21:01:36,320 [WARN] PackLoader:240 - Cannot read IP mode file for STMicroelectronics.X-CUBE-AZRTOS-WB.2.0.0
2026-01-20 21:01:36,321 [WARN] ConditionMgr:1044 - genDependencies : Invalid condition id : UX DEVICE CLASS RTOS Condition cause : null
2026-01-20 21:01:36,321 [WARN] ConditionMgr:1044 - genDependencies : Invalid condition id : UX DEVICE CLASS RTOS Condition cause : null
2026-01-20 21:01:36,322 [WARN] ConditionMgr:1044 - genDependencies : Invalid condition id : UX DEVICE CLASS RTOS Condition cause : null
2026-01-20 21:01:36,322 [WARN] ConditionMgr:1044 - genDependencies : Invalid condition id : UX DEVICE CLASS RTOS Condition cause : null
2026-01-20 21:01:36,322 [WARN] ConditionMgr:1044 - genDependencies : Invalid condition id : UX DEVICE CLASS RTOS Condition cause : null
2026-01-20 21:01:36,334 [WARN] PackLoader:240 - Cannot read IP mode file for STMicroelectronics.X-CUBE-GNSS1.7.0.1
2026-01-20 21:01:36,339 [WARN] ConditionMgr:438 - getConditionDescription Invalid condition id : Cortex-A Device cause : null
2026-01-20 21:01:36,350 [WARN] ConditionMgr:1044 - genDependencies : Invalid condition id : Cortex-A Device cause : null
2026-01-20 21:01:36,350 [WARN] ConditionMgr:1044 - genDependencies : Invalid condition id : Cortex-A Device cause : null
2026-01-20 21:01:36,350 [WARN] ConditionMgr:1044 - genDependencies : Invalid condition id : Cortex-A Device cause : null
2026-01-20 21:01:36,358 [WARN] PackLoader:240 - Cannot read IP mode file for STMicroelectronics.X-CUBE-SUBG2.5.0.0
2026-01-20 21:01:36,387 [WARN] PackLoader:240 - Cannot read IP mode file for STMicroelectronics.X-CUBE-AZRTOS-H7RS.1.1.0
2026-01-20 21:01:36,400 [WARN] PackLoader:240 - Cannot read IP mode file for STMicroelectronics.X-CUBE-AZRTOS-G4.2.0.0
2026-01-20 21:01:36,405 [WARN] PackLoader:240 - Cannot read IP mode file for wolfSSL.I-CUBE-wolfSSH.1.4.20
2026-01-20 21:01:36,407 [WARN] PackLoader:240 - Cannot read IP mode file for STMicroelectronics.X-CUBE-NFC7.2.0.0
2026-01-20 21:01:36,414 [WARN] PackLoader:240 - Cannot read IP mode file for STMicroelectronics.X-CUBE-IPS.3.1.0
2026-01-20 21:01:36,421 [WARN] PackLoader:240 - Cannot read IP mode file for STMicroelectronics.X-CUBE-ALS.1.0.2
2026-01-20 21:01:36,426 [WARN] PackLoader:240 - Cannot read IP mode file for STMicroelectronics.X-CUBE-STSE01.1.0.0
2026-01-20 21:01:36,433 [WARN] PackLoader:240 - Cannot read IP mode file for STMicroelectronics.X-CUBE-TOF1.3.4.3
2026-01-20 21:01:36,447 [INFO] ThirdParty:978 - Integrity check success = true
2026-01-20 21:01:36,447 [INFO] IntegrityCheckThread:100 - exiting critical section [integrity check]
2026-01-20 21:01:36,447 [INFO] IntegrityCheckThread:103 - End integrity checks thread
2026-01-20 21:01:39,323 [ERROR] ConfigurationRetriever:142 - IOException on connection: sw-center.st.com
2026-01-20 21:01:39,325 [ERROR] ConfigurationRetriever:142 - IOException on connection: sw-center.st.com
2026-01-20 21:01:39,326 [ERROR] ConfigurationRetriever:142 - IOException on connection: sw-center.st.com
2026-01-20 21:05:09,947 [ERROR] ConfigurationRetriever:142 - IOException on connection: sw-center.st.com
2026-01-20 21:05:09,949 [ERROR] ConfigurationRetriever:142 - IOException on connection: sw-center.st.com
2026-01-20 21:05:09,950 [ERROR] ConfigurationRetriever:142 - IOException on connection: sw-center.st.com
2026-01-20 21:24:58,268 [ERROR] ConfigurationRetriever:142 - IOException on connection: sw-center.st.com
2026-01-20 21:24:58,270 [ERROR] ConfigurationRetriever:142 - IOException on connection: sw-center.st.com
2026-01-20 21:24:58,272 [ERROR] ConfigurationRetriever:142 - IOException on connection: sw-center.st.com
2026-01-20 21:24:58,420 [ERROR] ConfigurationRetriever:142 - IOException on connection: sw-center.st.com
2026-01-20 21:24:58,422 [ERROR] ConfigurationRetriever:142 - IOException on connection: sw-center.st.com
2026-01-20 21:24:58,422 [ERROR] ConfigurationRetriever:142 - IOException on connection: sw-center.st.com
2026-01-20 21:47:30,065 [ERROR] ConfigurationRetriever:142 - IOException on connection: sw-center.st.com
2026-01-20 21:47:30,067 [ERROR] ConfigurationRetriever:142 - IOException on connection: sw-center.st.com
2026-01-20 21:47:30,067 [ERROR] ConfigurationRetriever:142 - IOException on connection: sw-center.st.com
2026-01-20 21:47:30,169 [ERROR] ConfigurationRetriever:142 - IOException on connection: sw-center.st.com
2026-01-20 21:47:30,171 [ERROR] ConfigurationRetriever:142 - IOException on connection: sw-center.st.com
2026-01-20 21:47:30,172 [ERROR] ConfigurationRetriever:142 - IOException on connection: sw-center.st.com
2026-01-20 22:42:32,416 [INFO] Activator:176 - 


2026-01-20 22:42:32,417 [INFO] Activator:177 - !SESSION log4j initialized
2026-01-20 22:42:34,924 [INFO] LogOutputStream:77 - [STDOUT_REDIRECT] 
2026-01-20 22:42:35,213 [INFO] ApplicationProperties:184 - Using Application install path: /home/traian/st/stm32cubeide_1.19.0/plugins/com.st.stm32cube.common.mx_6.15.0.202507011659
2026-01-20 22:42:35,225 [INFO] DbMcusXml:78 - Set database path to: /home/traian/st/stm32cubeide_1.19.0/plugins/com.st.stm32cube.common.mx_6.15.0.202507011659//db//mcu/
2026-01-20 22:42:35,225 [INFO] ApiDb:274 - Set plugin database path to: /home/traian/st/stm32cubeide_1.19.0/plugins/com.st.stm32cube.common.mx_6.15.0.202507011659//db//plugins/boardmanager/
2026-01-20 22:42:35,225 [WARN] ApiDb:259 - Overriding images path with different value:  => /home/traian/st/stm32cubeide_1.19.0/plugins/com.st.stm32cube.common.mx_6.15.0.202507011659//db//plugins/mcufinder/images/
2026-01-20 22:42:35,233 [INFO] ApiDb:250 - Set database path to: /home/traian/.stmcufinder/plugins/mcufinder//mcu/
2026-01-20 22:42:35,234 [INFO] DbMcusAds:125 - Set database path to: /home/traian/.stmcufinder/plugins/mcufinder//mcu/
2026-01-20 22:42:35,235 [INFO] CrossReferenceDbSqlite:203 - Set database path to: /home/traian/.stmcufinder/plugins/mcufinder//mcu/cs/
2026-01-20 22:42:35,287 [INFO] RulesReader:64 - Compatibility file has been processed (317 Rules)
2026-01-20 22:42:35,316 [INFO] DbMcusXml:78 - Set database path to: /home/traian/st/stm32cubeide_1.19.0/plugins/com.st.stm32cube.common.mx_6.15.0.202507011659//db//mcu/
2026-01-20 22:42:35,316 [INFO] ApiDb:274 - Set plugin database path to: /home/traian/st/stm32cubeide_1.19.0/plugins/com.st.stm32cube.common.mx_6.15.0.202507011659//db//plugins/boardmanager/
2026-01-20 22:42:35,316 [INFO] ApiDb:261 - Set plugin images path to: /home/traian/st/stm32cubeide_1.19.0/plugins/com.st.stm32cube.common.mx_6.15.0.202507011659//db//plugins/mcufinder/images/
2026-01-20 22:42:35,316 [WARN] DbFile:41 - Overriding database path with different value: /home/traian/.stmcufinder/plugins/mcufinder/ => /home/traian/.stmcufinder/plugins/mcufinder
2026-01-20 22:42:35,316 [INFO] ApiDb:250 - Set database path to: /home/traian/.stmcufinder/plugins/mcufinder//mcu/
2026-01-20 22:42:35,317 [WARN] DbFile:41 - Overriding database path with different value: /home/traian/.stmcufinder/plugins/mcufinder/ => /home/traian/.stmcufinder/plugins/mcufinder
2026-01-20 22:42:35,317 [INFO] DbMcusAds:125 - Set database path to: /home/traian/.stmcufinder/plugins/mcufinder//mcu/
2026-01-20 22:42:35,317 [WARN] DbFile:41 - Overriding database path with different value: /home/traian/.stmcufinder/plugins/mcufinder/ => /home/traian/.stmcufinder/plugins/mcufinder
2026-01-20 22:42:35,317 [WARN] DbFile:41 - Overriding database path with different value: /home/traian/.stmcufinder/plugins/mcufinder/ => /home/traian/.stmcufinder/plugins/mcufinder
2026-01-20 22:42:35,317 [INFO] CrossReferenceDbSqlite:203 - Set database path to: /home/traian/.stmcufinder/plugins/mcufinder//mcu/cs/
2026-01-20 22:42:35,357 [INFO] MainPanel:274 - HeapMemory: 268435456
2026-01-20 22:42:35,434 [INFO] DbMcusXml:78 - Set database path to: /home/traian/st/stm32cubeide_1.19.0/plugins/com.st.stm32cube.common.mx_6.15.0.202507011659//db//mcu/
2026-01-20 22:42:35,434 [INFO] ApiDb:274 - Set plugin database path to: /home/traian/st/stm32cubeide_1.19.0/plugins/com.st.stm32cube.common.mx_6.15.0.202507011659//db//plugins/boardmanager/
2026-01-20 22:42:35,434 [INFO] ApiDb:261 - Set plugin images path to: /home/traian/st/stm32cubeide_1.19.0/plugins/com.st.stm32cube.common.mx_6.15.0.202507011659//db//plugins/mcufinder/images/
2026-01-20 22:42:35,434 [WARN] DbFile:41 - Overriding database path with different value: /home/traian/.stmcufinder/plugins/mcufinder/ => /home/traian/.stmcufinder/plugins/mcufinder
2026-01-20 22:42:35,434 [INFO] ApiDb:250 - Set database path to: /home/traian/.stmcufinder/plugins/mcufinder//mcu/
2026-01-20 22:42:35,434 [WARN] DbFile:41 - Overriding database path with different value: /home/traian/.stmcufinder/plugins/mcufinder/ => /home/traian/.stmcufinder/plugins/mcufinder
2026-01-20 22:42:35,434 [INFO] DbMcusAds:125 - Set database path to: /home/traian/.stmcufinder/plugins/mcufinder//mcu/
2026-01-20 22:42:35,434 [WARN] DbFile:41 - Overriding database path with different value: /home/traian/.stmcufinder/plugins/mcufinder/ => /home/traian/.stmcufinder/plugins/mcufinder
2026-01-20 22:42:35,434 [WARN] DbFile:41 - Overriding database path with different value: /home/traian/.stmcufinder/plugins/mcufinder/ => /home/traian/.stmcufinder/plugins/mcufinder
2026-01-20 22:42:35,434 [INFO] CrossReferenceDbSqlite:203 - Set database path to: /home/traian/.stmcufinder/plugins/mcufinder//mcu/cs/
2026-01-20 22:42:35,441 [INFO] ApplicationProperties:184 - Using Application install path: /home/traian/st/stm32cubeide_1.19.0/plugins/com.st.stm32cube.common.mx_6.15.0.202507011659
2026-01-20 22:42:35,442 [INFO] PluginManage:196 - Search for loadable plugins [exclusion list=, ]
2026-01-20 22:42:35,443 [INFO] PluginManage:310 - Check plugin analytics
2026-01-20 22:42:35,514 [INFO] AnalyticsPlugin:253 - Accepted Software Licenses: 
2026-01-20 22:42:35,514 [INFO] AnalyticsPlugin:255 - Accepted CMSIS Pack Licenses: 
2026-01-20 22:42:35,514 [INFO] AnalyticsPlugin:257 - Accepted Firmware Licenses: FW.U5.1.8.0
2026-01-20 22:42:35,515 [INFO] PluginManage:359 - Loaded plugin analytics (category:tool,tabindex:-1)
2026-01-20 22:42:35,515 [INFO] PluginManage:310 - Check plugin cadmodel
2026-01-20 22:42:35,518 [INFO] CADModel:105 - Init CAD model plugin
2026-01-20 22:42:35,518 [INFO] PluginManage:359 - Loaded plugin cadmodel (category:power,tabindex:5)
2026-01-20 22:42:35,518 [INFO] PluginManage:310 - Check plugin clock
2026-01-20 22:42:35,524 [INFO] PluginManage:359 - Loaded plugin clock (category:base,tabindex:2)
2026-01-20 22:42:35,524 [INFO] PluginManage:310 - Check plugin ddr
2026-01-20 22:42:35,526 [INFO] PluginManage:359 - Loaded plugin ddr (category:tool,tabindex:6)
2026-01-20 22:42:35,526 [INFO] PluginManage:310 - Check plugin filemanager
2026-01-20 22:42:35,603 [INFO] PluginManage:359 - Loaded plugin filemanager (category:base,tabindex:10)
2026-01-20 22:42:35,603 [INFO] PluginManage:310 - Check plugin ipmanager
2026-01-20 22:42:35,606 [INFO] PluginManage:359 - Loaded plugin ipmanager (category:base,tabindex:5)
2026-01-20 22:42:35,606 [INFO] PluginManage:310 - Check plugin lpbam
2026-01-20 22:42:35,612 [INFO] PluginManage:359 - Loaded plugin lpbam (category:base,tabindex:0)
2026-01-20 22:42:35,612 [INFO] PluginManage:310 - Check plugin memorymap
2026-01-20 22:42:35,618 [INFO] PluginManage:359 - Loaded plugin memorymap (category:base,tabindex:4)
2026-01-20 22:42:35,618 [INFO] PluginManage:310 - Check plugin pinoutandconfiguration
2026-01-20 22:42:35,622 [INFO] PluginManage:359 - Loaded plugin pinoutandconfiguration (category:base,tabindex:1)
2026-01-20 22:42:35,622 [INFO] PluginManage:310 - Check plugin pinoutconfig
2026-01-20 22:42:35,662 [WARN] SupportedApi:132 - Cannot load RTOS API schema: s4s-elt-must-match.1: The content of 'definitions' must match (annotation?, (simpleType | complexType)?, (unique | key | keyref)*)). A problem was found starting at: attribute.
2026-01-20 22:42:35,725 [INFO] PluginManage:359 - Loaded plugin pinoutconfig (category:base,tabindex:0)
2026-01-20 22:42:35,725 [INFO] PluginManage:310 - Check plugin power
2026-01-20 22:42:35,731 [INFO] PluginManage:359 - Loaded plugin power (category:power,tabindex:4)
2026-01-20 22:42:35,732 [INFO] PluginManage:310 - Check plugin projectmanager
2026-01-20 22:42:35,739 [INFO] PluginManage:359 - Loaded plugin projectmanager (category:projectmanager,tabindex:4)
2026-01-20 22:42:35,739 [INFO] PluginManage:310 - Check plugin rif
2026-01-20 22:42:35,746 [INFO] PluginManage:359 - Loaded plugin rif (category:base,tabindex:3)
2026-01-20 22:42:35,746 [INFO] PluginManage:310 - Check plugin thirdparty
2026-01-20 22:42:35,802 [INFO] PluginManage:359 - Loaded plugin thirdparty (category:base,tabindex:-1)
2026-01-20 22:42:35,802 [WARN] IntegrityCheckThread:84 - waiting for thirdparty lock release [integrity check]
2026-01-20 22:42:35,802 [INFO] PluginManage:310 - Check plugin tools
2026-01-20 22:42:35,802 [INFO] IntegrityCheckThread:86 - entering critical section [integrity check]
2026-01-20 22:42:35,803 [INFO] ThirdPartyUpdaterWithRetryManager:70 - Updater plugin not ready yet. [1/15]
2026-01-20 22:42:35,804 [INFO] PluginManage:359 - Loaded plugin tools (category:base,tabindex:7)
2026-01-20 22:42:35,804 [INFO] PluginManage:310 - Check plugin tutovideos
2026-01-20 22:42:35,917 [INFO] PluginManage:359 - Loaded plugin tutovideos (category:base,tabindex:-1)
2026-01-20 22:42:35,918 [INFO] PluginManage:310 - Check plugin updater
2026-01-20 22:42:35,930 [INFO] PluginManage:359 - Loaded plugin updater (category:base,tabindex:12)
2026-01-20 22:42:35,930 [INFO] PluginManage:310 - Check plugin userauth
2026-01-20 22:42:35,933 [INFO] UserAuth:118 - Init User Auth plugin
2026-01-20 22:42:35,933 [INFO] PluginManage:359 - Loaded plugin userauth (category:base,tabindex:14)
2026-01-20 22:42:35,934 [INFO] PluginManage:283 - PluginManage : Loaded plugins [18]
2026-01-20 22:42:36,022 [INFO] PinOutPanel:1589 - setPackage(No Configuration,No Configuration)
2026-01-20 22:42:36,055 [INFO] CADModel:165 - CPN selected for project level
2026-01-20 22:42:36,055 [INFO] CADModel:114 - Register for checkConnection events
2026-01-20 22:42:36,063 [INFO] IPUIPlugin:80 - create IPUIPlugin
2026-01-20 22:42:36,063 [INFO] PluginManager:220 - loadIPPluginJar : add i2c
2026-01-20 22:42:36,064 [INFO] IPUIPlugin:80 - create IPUIPlugin
2026-01-20 22:42:36,065 [INFO] PluginManager:220 - loadIPPluginJar : add i2s
2026-01-20 22:42:36,067 [INFO] IPUIPlugin:80 - create IPUIPlugin
2026-01-20 22:42:36,067 [INFO] PluginManager:220 - loadIPPluginJar : add resmgrutility
2026-01-20 22:42:36,068 [INFO] IPUIPlugin:80 - create IPUIPlugin
2026-01-20 22:42:36,068 [INFO] PluginManager:220 - loadIPPluginJar : add hash
2026-01-20 22:42:36,070 [INFO] IPUIPlugin:80 - create IPUIPlugin
2026-01-20 22:42:36,070 [INFO] PluginManager:220 - loadIPPluginJar : add usbx
2026-01-20 22:42:36,073 [INFO] IPUIPlugin:80 - create IPUIPlugin
2026-01-20 22:42:36,074 [INFO] PluginManager:220 - loadIPPluginJar : add plateformsettings
2026-01-20 22:42:36,076 [INFO] IPUIPlugin:80 - create IPUIPlugin
2026-01-20 22:42:36,076 [INFO] PluginManager:220 - loadIPPluginJar : add dma3
2026-01-20 22:42:36,077 [INFO] IPUIPlugin:80 - create IPUIPlugin
2026-01-20 22:42:36,078 [INFO] PluginManager:220 - loadIPPluginJar : add ddr_ctrl_phy
2026-01-20 22:42:36,078 [INFO] IPUIPlugin:80 - create IPUIPlugin
2026-01-20 22:42:36,078 [INFO] PluginManager:220 - loadIPPluginJar : add quadspi
2026-01-20 22:42:36,079 [INFO] IPUIPlugin:80 - create IPUIPlugin
2026-01-20 22:42:36,079 [INFO] PluginManager:220 - loadIPPluginJar : add ltdc
2026-01-20 22:42:36,080 [INFO] IPUIPlugin:80 - create IPUIPlugin
2026-01-20 22:42:36,080 [INFO] PluginManager:220 - loadIPPluginJar : add opamp
2026-01-20 22:42:36,081 [INFO] IPUIPlugin:80 - create IPUIPlugin
2026-01-20 22:42:36,081 [INFO] PluginManager:220 - loadIPPluginJar : add tim
2026-01-20 22:42:36,083 [INFO] IPUIPlugin:80 - create IPUIPlugin
2026-01-20 22:42:36,083 [INFO] PluginManager:220 - loadIPPluginJar : add ipddr
2026-01-20 22:42:36,084 [INFO] IPUIPlugin:80 - create IPUIPlugin
2026-01-20 22:42:36,084 [INFO] PluginManager:220 - loadIPPluginJar : add fatfs
2026-01-20 22:42:36,087 [INFO] IPUIPlugin:80 - create IPUIPlugin
2026-01-20 22:42:36,087 [INFO] PluginManager:220 - loadIPPluginJar : add adc
2026-01-20 22:42:36,088 [INFO] IPUIPlugin:80 - create IPUIPlugin
2026-01-20 22:42:36,088 [INFO] PluginManager:220 - loadIPPluginJar : add dfsdm
2026-01-20 22:42:36,091 [INFO] IPUIPlugin:80 - create IPUIPlugin
2026-01-20 22:42:36,091 [INFO] PluginManager:220 - loadIPPluginJar : add nvic
2026-01-20 22:42:36,092 [INFO] IPUIPlugin:80 - create IPUIPlugin
2026-01-20 22:42:36,092 [INFO] PluginManager:220 - loadIPPluginJar : add sai
2026-01-20 22:42:36,099 [INFO] IPUIPlugin:80 - create IPUIPlugin
2026-01-20 22:42:36,099 [INFO] PluginManager:220 - loadIPPluginJar : add touchsensing
2026-01-20 22:42:36,100 [INFO] IPUIPlugin:80 - create IPUIPlugin
2026-01-20 22:42:36,101 [INFO] PluginManager:220 - loadIPPluginJar : add comp
2026-01-20 22:42:36,102 [INFO] IPUIPlugin:80 - create IPUIPlugin
2026-01-20 22:42:36,102 [INFO] PluginManager:220 - loadIPPluginJar : add aes
2026-01-20 22:42:36,106 [INFO] IPUIPlugin:80 - create IPUIPlugin
2026-01-20 22:42:36,106 [INFO] PluginManager:220 - loadIPPluginJar : add freertos
2026-01-20 22:42:36,107 [INFO] IPUIPlugin:80 - create IPUIPlugin
2026-01-20 22:42:36,107 [INFO] PluginManager:220 - loadIPPluginJar : add radio
2026-01-20 22:42:36,108 [INFO] IPUIPlugin:80 - create IPUIPlugin
2026-01-20 22:42:36,109 [INFO] PluginManager:220 - loadIPPluginJar : add tracer_emb
2026-01-20 22:42:36,110 [INFO] IPUIPlugin:80 - create IPUIPlugin
2026-01-20 22:42:36,110 [INFO] PluginManager:220 - loadIPPluginJar : add cryp
2026-01-20 22:42:36,111 [INFO] IPUIPlugin:80 - create IPUIPlugin
2026-01-20 22:42:36,111 [INFO] PluginManager:220 - loadIPPluginJar : add can
2026-01-20 22:42:36,115 [INFO] IPUIPlugin:80 - create IPUIPlugin
2026-01-20 22:42:36,116 [INFO] PluginManager:220 - loadIPPluginJar : add mdma
2026-01-20 22:42:36,119 [INFO] IPUIPlugin:80 - create IPUIPlugin
2026-01-20 22:42:36,119 [INFO] PluginManager:220 - loadIPPluginJar : add dma
2026-01-20 22:42:36,129 [INFO] IPUIPlugin:80 - create IPUIPlugin
2026-01-20 22:42:36,129 [INFO] PluginManager:220 - loadIPPluginJar : add linkedlist
2026-01-20 22:42:36,131 [INFO] IPUIPlugin:80 - create IPUIPlugin
2026-01-20 22:42:36,131 [INFO] PluginManager:220 - loadIPPluginJar : add pdm2pcm
2026-01-20 22:42:36,134 [INFO] IPUIPlugin:80 - create IPUIPlugin
2026-01-20 22:42:36,134 [INFO] PluginManager:220 - loadIPPluginJar : add gpio
2026-01-20 22:42:36,135 [INFO] IPUIPlugin:80 - create IPUIPlugin
2026-01-20 22:42:36,135 [INFO] PluginManager:220 - loadIPPluginJar : add extmemmanager
2026-01-20 22:42:36,139 [INFO] IPUIPlugin:80 - create IPUIPlugin
2026-01-20 22:42:36,139 [INFO] PluginManager:220 - loadIPPluginJar : add gic
2026-01-20 22:42:36,140 [INFO] IPUIPlugin:80 - create IPUIPlugin
2026-01-20 22:42:36,140 [INFO] PluginManager:220 - loadIPPluginJar : add lorawan
2026-01-20 22:42:36,140 [INFO] IPUIPlugin:80 - create IPUIPlugin
2026-01-20 22:42:36,140 [INFO] PluginManager:220 - loadIPPluginJar : add tsc
2026-01-20 22:42:36,141 [INFO] IPUIPlugin:80 - create IPUIPlugin
2026-01-20 22:42:36,141 [INFO] PluginManager:220 - loadIPPluginJar : add spi
2026-01-20 22:42:36,146 [INFO] IPUIPlugin:80 - create IPUIPlugin
2026-01-20 22:42:36,146 [INFO] PluginManager:220 - loadIPPluginJar : add stm32_wpan
2026-01-20 22:42:36,148 [INFO] IPUIPlugin:80 - create IPUIPlugin
2026-01-20 22:42:36,148 [INFO] PluginManager:220 - loadIPPluginJar : add openamp
2026-01-20 22:42:36,149 [INFO] IPUIPlugin:80 - create IPUIPlugin
2026-01-20 22:42:36,149 [INFO] PluginManager:220 - loadIPPluginJar : add ts
2026-01-20 22:42:36,151 [INFO] IPUIPlugin:80 - create IPUIPlugin
2026-01-20 22:42:36,151 [INFO] PluginManager:220 - loadIPPluginJar : add gtzc
2026-01-20 22:42:36,152 [INFO] IPUIPlugin:80 - create IPUIPlugin
2026-01-20 22:42:36,152 [INFO] PluginManager:220 - loadIPPluginJar : add i3c
2026-01-20 22:42:36,153 [INFO] IPUIPlugin:80 - create IPUIPlugin
2026-01-20 22:42:36,153 [INFO] PluginManager:220 - loadIPPluginJar : add genericplugin
2026-01-20 22:42:36,154 [INFO] IPUIPlugin:80 - create IPUIPlugin
2026-01-20 22:42:36,154 [INFO] PluginManager:220 - loadIPPluginJar : add gfxmmu
2026-01-20 22:42:36,155 [INFO] IPUIPlugin:80 - create IPUIPlugin
2026-01-20 22:42:36,155 [INFO] PluginManager:220 - loadIPPluginJar : add usart
2026-01-20 22:42:36,156 [INFO] IPUIPlugin:80 - create IPUIPlugin
2026-01-20 22:42:36,156 [INFO] PluginManager:220 - loadIPPluginJar : add ucpd
2026-01-20 22:42:36,158 [INFO] IPUIPlugin:80 - create IPUIPlugin
2026-01-20 22:42:36,158 [INFO] PluginManager:220 - loadIPPluginJar : add fmc
2026-01-20 22:42:36,244 [FATAL] Updater:351 - Updater called before beeing initialized
2026-01-20 22:42:36,259 [INFO] RulesReader:64 - Compatibility file has been processed (317 Rules)
2026-01-20 22:42:36,263 [INFO] RulesReader:64 - Compatibility file has been processed (317 Rules)
2026-01-20 22:42:36,266 [INFO] CADModel:165 - CPN selected for project level
2026-01-20 22:42:36,267 [INFO] CADModel:114 - Register for checkConnection events
2026-01-20 22:42:36,267 [FATAL] Updater:351 - Updater called before beeing initialized
2026-01-20 22:42:36,267 [ERROR] CADModel:125 - Updater not yet initialized, retry later 
2026-01-20 22:42:36,335 [FATAL] Updater:351 - Updater called before beeing initialized
2026-01-20 22:42:36,336 [INFO] CADModel:165 - CPN selected for project level
2026-01-20 22:42:36,336 [INFO] CADModel:114 - Register for checkConnection events
2026-01-20 22:42:36,336 [FATAL] Updater:351 - Updater called before beeing initialized
2026-01-20 22:42:36,336 [ERROR] CADModel:125 - Updater not yet initialized, retry later 
2026-01-20 22:42:36,338 [FATAL] Updater:351 - Updater called before beeing initialized
2026-01-20 22:42:36,379 [FATAL] Updater:351 - Updater called before beeing initialized
2026-01-20 22:42:36,382 [INFO] DbMcusAds:53 - JSON generation date=Thu Oct 02 12:36:05 EEST 2025 (1759397765645)
2026-01-20 22:42:36,382 [FATAL] Updater:351 - Updater called before beeing initialized
2026-01-20 22:42:36,399 [WARN] DetailPanel:346 - Failed to get advertising image, set to default
2026-01-20 22:42:36,435 [FATAL] Updater:351 - Updater called before beeing initialized
2026-01-20 22:42:36,436 [FATAL] Updater:351 - Updater called before beeing initialized
2026-01-20 22:42:36,436 [FATAL] Updater:351 - Updater called before beeing initialized
2026-01-20 22:42:36,436 [WARN] DetailPanel:346 - Failed to get advertising image, set to default
2026-01-20 22:42:36,436 [FATAL] Updater:351 - Updater called before beeing initialized
2026-01-20 22:42:36,451 [ERROR] Updater:1198 - MainUpdater not yet initialized. External WinMGr cannot be set.
2026-01-20 22:42:36,452 [INFO] Updater:1134 - Updater Version found : 6.15.0
2026-01-20 22:42:36,463 [INFO] ApplicationProperties:184 - Using Application install path: /home/traian/st/stm32cubeide_1.19.0/plugins/com.st.stm32cube.common.mx_6.15.0.202507011659
2026-01-20 22:42:36,834 [INFO] MainUpdater:2872 - connection check result : 10
2026-01-20 22:42:36,834 [INFO] MainUpdater:289 - Updater Check For Update Now.
2026-01-20 22:42:36,834 [INFO] MicroXplorer:498 - Change Database Version : DB.6.0.150
2026-01-20 22:42:36,836 [INFO] McuFinderGlobals:63 - Set McuFinder mode to 2 (CubeIDE integrated)
2026-01-20 22:42:36,836 [INFO] UserAuth:487 - Internet connection configuration mode: 1
2026-01-20 22:42:36,852 [INFO] JxBrowserEngine:152 - Initiate JxBrowser Engine with user profile folder
2026-01-20 22:42:36,971 [INFO] CheckServerUpdateThread:120 - End of CheckServer Thread
2026-01-20 22:42:37,648 [INFO] WebApp:169 - Instantiating new browser for Auth
2026-01-20 22:42:38,113 [INFO] WebApp:463 - Apply proxy settings
2026-01-20 22:42:38,113 [INFO] WebApp:548 - Chromium requires no authentication
2026-01-20 22:42:38,122 [INFO] WebApp:491 - Direct internet connection detected
2026-01-20 22:42:38,135 [INFO] WebApp:900 - Register for checkConnection events
2026-01-20 22:42:38,135 [INFO] WebApp:463 - Apply proxy settings
2026-01-20 22:42:38,135 [INFO] WebApp:548 - Chromium requires no authentication
2026-01-20 22:42:38,136 [INFO] WebApp:491 - Direct internet connection detected
2026-01-20 22:42:38,221 [INFO] WebApp:225 - Starting web application
2026-01-20 22:42:38,221 [INFO] WebApp:593 - Web application path used /home/traian/st/stm32cubeide_1.19.0/plugins/com.st.stm32cube.common.mx_6.15.0.202507011659/db/plugins/mcufinder/reactClient1/index.html
2026-01-20 22:42:38,286 [INFO] UserAuth:487 - Internet connection configuration mode: 1
2026-01-20 22:42:38,703 [INFO] WebApp:191 - Connection restablished
2026-01-20 22:42:38,869 [WARN] PackLoader:240 - Cannot read IP mode file for STMicroelectronics.FP-SNS-MOTENVWB1.1.4.0
2026-01-20 22:42:38,875 [WARN] PackLoader:240 - Cannot read IP mode file for STMicroelectronics.FP-ATR-ASTRA1.2.0.2
2026-01-20 22:42:38,878 [WARN] PackLoader:240 - Cannot read IP mode file for STMicroelectronics.X-CUBE-SMBUS.2.1.0
2026-01-20 22:42:38,879 [WARN] PackLoader:240 - Cannot read IP mode file for STMicroelectronics.X-CUBE-ST60.1.0.0
2026-01-20 22:42:38,891 [WARN] PackLoader:240 - Cannot read IP mode file for STMicroelectronics.X-CUBE-AZRTOS-F7.1.1.0
2026-01-20 22:42:38,894 [WARN] PackLoader:240 - Cannot read IP mode file for Cesanta.I-CUBE-Mongoose.7.19.0
2026-01-20 22:42:38,895 [WARN] PackLoader:240 - Cannot read IP mode file for STMicroelectronics.FP-SNS-MOTENV1.5.1.0
2026-01-20 22:42:38,908 [WARN] PackLoader:240 - Cannot read IP mode file for WES.I-CUBE-Cesium.1.4.0
2026-01-20 22:42:38,918 [WARN] PackLoader:240 - Cannot read IP mode file for Infineon.AIROC-Wi-Fi-Bluetooth-STM32.1.7.1
2026-01-20 22:42:38,930 [WARN] PackLoader:240 - Cannot read IP mode file for STMicroelectronics.X-CUBE-AZRTOS-H7.3.4.0
2026-01-20 22:42:38,934 [WARN] PackLoader:240 - Cannot read IP mode file for STMicroelectronics.X-CUBE-DISPLAY.3.0.0
2026-01-20 22:42:38,940 [WARN] PackLoader:240 - Cannot read IP mode file for STMicroelectronics.X-CUBE-NFC10.1.0.0
2026-01-20 22:42:38,942 [WARN] PackLoader:240 - Cannot read IP mode file for STMicroelectronics.X-CUBE-ST60.1.1.0
2026-01-20 22:42:38,944 [WARN] PackLoader:240 - Cannot read IP mode file for emotas.I-CUBE-CANOPEN.1.3.0
2026-01-20 22:42:38,947 [WARN] PackLoader:240 - Cannot read IP mode file for STMicroelectronics.X-CUBE-GNSS1.7.1.0
2026-01-20 22:42:38,950 [WARN] PackLoader:240 - Cannot read IP mode file for STMicroelectronics.FP-SNS-STBOX1.2.1.0
2026-01-20 22:42:38,952 [WARN] PackLoader:240 - Cannot read IP mode file for STMicroelectronics.FP-SNS-SMARTAG2.1.2.0
2026-01-20 22:42:38,954 [WARN] PackLoader:240 - Cannot read IP mode file for STMicroelectronics.FP-SNS-FLIGHT1.5.1.0
2026-01-20 22:42:38,957 [INFO] LogOutputStream:77 - [STDOUT_REDIRECT] 1 : Invalid condition id : UX_CORESTACK_Condition cause : null
2026-01-20 22:42:38,957 [INFO] LogOutputStream:77 - [STDOUT_REDIRECT] 1 : Invalid condition id : UX_CORESTACK_Condition cause : null
2026-01-20 22:42:38,957 [INFO] LogOutputStream:77 - [STDOUT_REDIRECT] 1 : Invalid condition id : UX_CORESTACK_Condition cause : null
2026-01-20 22:42:38,958 [INFO] LogOutputStream:77 - [STDOUT_REDIRECT] 1 : Invalid condition id : UX_CORESTACK_Condition cause : null
2026-01-20 22:42:38,958 [INFO] LogOutputStream:77 - [STDOUT_REDIRECT] 1 : Invalid condition id : UX_CORESTACK_Condition cause : null
2026-01-20 22:42:38,959 [WARN] PackLoader:240 - Cannot read IP mode file for STMicroelectronics.X-CUBE-AZRTOS-WL.2.0.0
2026-01-20 22:42:38,960 [WARN] PackLoader:240 - Cannot read IP mode file for STMicroelectronics.FP-SNS-MOTENV1.5.0.0
2026-01-20 22:42:38,968 [WARN] PackLoader:240 - Cannot read IP mode file for STMicroelectronics.X-CUBE-AZRTOS-H7RS.1.2.0
2026-01-20 22:42:38,971 [WARN] PackLoader:240 - Cannot read IP mode file for STMicroelectronics.X-CUBE-BLE2.3.3.0
2026-01-20 22:42:38,985 [WARN] PackLoader:240 - Cannot read IP mode file for STMicroelectronics.X-CUBE-NFC9.1.0.0
2026-01-20 22:42:38,989 [WARN] PackLoader:240 - Cannot read IP mode file for wolfSSL.I-CUBE-wolfSSL.5.8.2
2026-01-20 22:42:38,992 [WARN] PackLoader:240 - Cannot read IP mode file for STMicroelectronics.X-CUBE-BLE1.7.1.0
2026-01-20 22:42:38,995 [WARN] PackLoader:240 - Cannot read IP mode file for wolfSSL.I-CUBE-wolfMQTT.1.19.2
2026-01-20 22:42:38,999 [WARN] PackLoader:240 - Cannot read IP mode file for STMicroelectronics.X-CUBE-FREERTOS.1.4.0
2026-01-20 22:42:39,003 [WARN] PackLoader:240 - Cannot read IP mode file for STMicroelectronics.X-CUBE-EEPRMA1.5.2.0
2026-01-20 22:42:39,008 [WARN] PackLoader:240 - Cannot read IP mode file for STMicroelectronics.X-CUBE-ST67W61.1.1.0
2026-01-20 22:42:39,041 [WARN] PackLoader:240 - Cannot read IP mode file for STMicroelectronics.X-CUBE-MEMS1.12.0.0
2026-01-20 22:42:39,117 [WARN] PackLoader:240 - Cannot read IP mode file for STMicroelectronics.X-CUBE-AZRTOS-G0.1.1.0
2026-01-20 22:42:39,122 [WARN] PackLoader:240 - Cannot read IP mode file for STMicroelectronics.X-CUBE-SAFEA1.1.2.2
2026-01-20 22:42:39,126 [WARN] PackLoader:240 - Cannot read IP mode file for STMicroelectronics.X-CUBE-NFC4.3.0.0
2026-01-20 22:42:39,135 [WARN] PackLoader:240 - Cannot read IP mode file for EmbeddedOffice.I-CUBE-FS-RTOS.1.0.1
2026-01-20 22:42:39,138 [WARN] PackLoader:240 - Cannot read IP mode file for STMicroelectronics.X-CUBE-WB05N.2.0.0
2026-01-20 22:42:39,141 [WARN] PackLoader:240 - Cannot read IP mode file for wolfSSL.I-CUBE-wolfTPM.3.8.0
2026-01-20 22:42:39,143 [WARN] PackLoader:240 - Cannot read IP mode file for STMicroelectronics.X-CUBE-TCPP.4.2.0
2026-01-20 22:42:39,147 [WARN] PackLoader:240 - Cannot read IP mode file for RealThread.X-CUBE-RT-Thread_Nano.4.1.1
2026-01-20 22:42:39,149 [WARN] PackLoader:240 - Cannot read IP mode file for STMicroelectronics.FP-ATR-SIGFOX1.3.2.0
2026-01-20 22:42:39,152 [WARN] PackLoader:240 - Cannot read IP mode file for ITTIA_DB.I-CUBE-ITTIADB.8.9.0
2026-01-20 22:42:39,155 [WARN] PackLoader:240 - Cannot read IP mode file for STMicroelectronics.X-CUBE-ST67W61.1.0.0
2026-01-20 22:42:39,157 [WARN] PackLoader:240 - Cannot read IP mode file for STMicroelectronics.X-CUBE-AI.10.2.0
2026-01-20 22:42:39,172 [WARN] PackLoader:240 - Cannot read IP mode file for SEGGER.I-CUBE-embOS.1.3.1
2026-01-20 22:42:39,189 [WARN] PackLoader:240 - Cannot read IP mode file for STMicroelectronics.X-CUBE-ALGOBUILD.1.4.0
2026-01-20 22:42:39,207 [WARN] PackLoader:240 - Cannot read IP mode file for STMicroelectronics.X-CUBE-MEMS1.11.3.0
2026-01-20 22:42:39,269 [WARN] PackLoader:240 - Cannot read IP mode file for STMicroelectronics.X-CUBE-PM33A1.1.0.0
2026-01-20 22:42:39,275 [WARN] PackLoader:240 - Cannot read IP mode file for STMicroelectronics.X-CUBE-AZRTOS-F4.1.1.0
2026-01-20 22:42:39,277 [WARN] PackLoader:240 - Cannot read IP mode file for STMicroelectronics.X-CUBE-ISPU.2.1.0
2026-01-20 22:42:39,281 [WARN] PackLoader:240 - Cannot read IP mode file for STMicroelectronics.X-CUBE-IPS.3.2.0
2026-01-20 22:42:39,285 [WARN] PackLoader:240 - Cannot read IP mode file for STMicroelectronics.X-CUBE-NFC12.1.0.0
2026-01-20 22:42:39,291 [WARN] PackLoader:240 - Cannot read IP mode file for STMicroelectronics.X-CUBE-AZRTOS-L5.2.0.0
2026-01-20 22:42:39,294 [WARN] PackLoader:240 - Cannot read IP mode file for STMicroelectronics.X-CUBE-NFC6.3.1.0
2026-01-20 22:42:39,297 [WARN] PackLoader:240 - Cannot read IP mode file for STMicroelectronics.X-CUBE-FREERTOS.1.3.1
2026-01-20 22:42:39,300 [WARN] PackLoader:240 - Cannot read IP mode file for STMicroelectronics.X-CUBE-TOUCHGFX.4.26.0
2026-01-20 22:42:39,301 [WARN] PackLoader:240 - Cannot read IP mode file for STMicroelectronics.FP-SNS-STAIOTCFT.1.0.0
2026-01-20 22:42:39,304 [WARN] PackLoader:240 - Cannot read IP mode file for STMicroelectronics.X-CUBE-DPower.1.3.0
2026-01-20 22:42:39,309 [WARN] ConditionMgr:438 - getConditionDescription Invalid condition id : LAN8742 Phy interface Condition cause : null
2026-01-20 22:42:39,310 [WARN] PackLoader:240 - Cannot read IP mode file for STMicroelectronics.X-CUBE-AZRTOS-L4.2.0.0
2026-01-20 22:42:39,310 [WARN] ConditionMgr:1044 - genDependencies : Invalid condition id : LAN8742 Phy interface Condition cause : null
2026-01-20 22:42:39,310 [WARN] ConditionMgr:1044 - genDependencies : Invalid condition id : LAN8742 Phy interface Condition cause : null
2026-01-20 22:42:39,310 [WARN] ConditionMgr:1044 - genDependencies : Invalid condition id : LAN8742 Phy interface Condition cause : null
2026-01-20 22:42:39,314 [WARN] PackLoader:240 - Cannot read IP mode file for STMicroelectronics.X-CUBE-SFXS2LP1.4.0.0
2026-01-20 22:42:39,317 [WARN] PackLoader:240 - Cannot read IP mode file for STMicroelectronics.X-CUBE-ST67W61.1.2.0
2026-01-20 22:42:39,321 [WARN] PackLoader:240 - Cannot read IP mode file for STMicroelectronics.X-CUBE-BLEMGR.4.1.0
2026-01-20 22:42:39,329 [WARN] ConditionMgr:438 - getConditionDescription Invalid condition id : UX DEVICE CLASS RTOS Condition cause : null
2026-01-20 22:42:39,329 [WARN] ConditionMgr:438 - getConditionDescription Invalid condition id : UX DEVICE CLASS RTOS Condition cause : null
2026-01-20 22:42:39,330 [WARN] PackLoader:240 - Cannot read IP mode file for STMicroelectronics.X-CUBE-AZRTOS-WB.2.0.0
2026-01-20 22:42:39,330 [WARN] ConditionMgr:1044 - genDependencies : Invalid condition id : UX DEVICE CLASS RTOS Condition cause : null
2026-01-20 22:42:39,330 [WARN] ConditionMgr:1044 - genDependencies : Invalid condition id : UX DEVICE CLASS RTOS Condition cause : null
2026-01-20 22:42:39,331 [WARN] ConditionMgr:1044 - genDependencies : Invalid condition id : UX DEVICE CLASS RTOS Condition cause : null
2026-01-20 22:42:39,331 [WARN] ConditionMgr:1044 - genDependencies : Invalid condition id : UX DEVICE CLASS RTOS Condition cause : null
2026-01-20 22:42:39,331 [WARN] ConditionMgr:1044 - genDependencies : Invalid condition id : UX DEVICE CLASS RTOS Condition cause : null
2026-01-20 22:42:39,334 [WARN] PackLoader:240 - Cannot read IP mode file for STMicroelectronics.X-CUBE-GNSS1.7.0.1
2026-01-20 22:42:39,337 [WARN] ConditionMgr:438 - getConditionDescription Invalid condition id : Cortex-A Device cause : null
2026-01-20 22:42:39,343 [WARN] ConditionMgr:1044 - genDependencies : Invalid condition id : Cortex-A Device cause : null
2026-01-20 22:42:39,343 [WARN] ConditionMgr:1044 - genDependencies : Invalid condition id : Cortex-A Device cause : null
2026-01-20 22:42:39,344 [WARN] ConditionMgr:1044 - genDependencies : Invalid condition id : Cortex-A Device cause : null
2026-01-20 22:42:39,348 [WARN] PackLoader:240 - Cannot read IP mode file for STMicroelectronics.X-CUBE-SUBG2.5.0.0
2026-01-20 22:42:39,356 [WARN] PackLoader:240 - Cannot read IP mode file for STMicroelectronics.X-CUBE-AZRTOS-H7RS.1.1.0
2026-01-20 22:42:39,363 [WARN] PackLoader:240 - Cannot read IP mode file for STMicroelectronics.X-CUBE-AZRTOS-G4.2.0.0
2026-01-20 22:42:39,365 [WARN] PackLoader:240 - Cannot read IP mode file for wolfSSL.I-CUBE-wolfSSH.1.4.20
2026-01-20 22:42:39,367 [WARN] PackLoader:240 - Cannot read IP mode file for STMicroelectronics.X-CUBE-NFC7.2.0.0
2026-01-20 22:42:39,371 [WARN] PackLoader:240 - Cannot read IP mode file for STMicroelectronics.X-CUBE-IPS.3.1.0
2026-01-20 22:42:39,375 [WARN] PackLoader:240 - Cannot read IP mode file for STMicroelectronics.X-CUBE-ALS.1.0.2
2026-01-20 22:42:39,378 [WARN] PackLoader:240 - Cannot read IP mode file for STMicroelectronics.X-CUBE-STSE01.1.0.0
2026-01-20 22:42:39,390 [WARN] PackLoader:240 - Cannot read IP mode file for STMicroelectronics.X-CUBE-TOF1.3.4.3
2026-01-20 22:42:39,395 [INFO] ThirdParty:978 - Integrity check success = true
2026-01-20 22:42:39,396 [INFO] IntegrityCheckThread:100 - exiting critical section [integrity check]
2026-01-20 22:42:39,396 [INFO] IntegrityCheckThread:103 - End integrity checks thread
